F3070225300050_000001005,F3070225300050_000001016,F3070225300050_000001006,F3070225300050_000001017,F3070225300050_000001003,F3070225300050_000001014,F3070225300050_000001004,F3070225300050_000001015,F3070225300050_000001001,F3070225300050_000001012,F3070225300050_000001002,F3070225300050_000001013,F3070225300050_000001010,F3070225300050_000001011,F3070225300050_000001009,F3070225300050_000001007,F3070225300050_000001018,F3070225300050_000001008,F3070225300050_000001019,F3070225300050_000001020
罗定市素龙镇七和村,气瓶（移动式压力容器）充装许可,气瓶,谭海坚,罗定市液化石油气站,气瓶（移动式压力容器）充装许可,罗定市素龙镇七和村,普通,"（445300）质监（特）准许字[2018]第0119号",云浮市质量技术监督局,91445381895921176G,正常,云浮市质量技术监督局,"2018-07-23 00:00:00","2022-09-11 00:00:00",液化气体,445300,液化石油气,"2018-07-31 00:00:00",无
云城文笔新村炮仗岭,气瓶（移动式压力容器）充装许可,气瓶,廖桂达,云浮市富丰燃气有限公司,气瓶（移动式压力容器）充装许可,云城文笔新村炮仗岭,普通,云质监（特）准许字[2017]第1001号,云浮市质量技术监督局,91445302686370232M,正常,云浮市质量技术监督局,"2017-08-17 00:00:00","2021-09-22 00:00:00",液化气体,445300,液化石油气,"2017-08-17 00:00:00",无
新兴县稔村镇工业区,气瓶（移动式压力容器）充装许可,气瓶,连永波,新兴县新雄力燃气有限公司,气瓶（移动式压力容器）充装许可,新兴县稔村镇工业区（即宝华工业区）,普通,"（445300）质监（特）准许字[2018]第0091号",云浮市质量技术监督局,91445321617860182,正常,云浮市质量技术监督局,"2018-05-22 00:00:00","2022-09-11 00:00:00",液化气体,445300,液化石油气,"2018-05-23 00:00:00",无
罗定市金鸡镇冲花牛牯头,气瓶（移动式压力容器）充装许可,气瓶,许新荣,罗定市冲花燃气储配有限公司,气瓶（移动式压力容器）充装许可,罗定市金鸡镇冲花牛牯头,普通,"（445300）质监（特）准许字[2018]第0121号",云浮市质量技术监督局,91445381792969740P,正常,云浮市质量技术监督局,"2018-07-25 00:00:00","2022-09-11 00:00:00",液化气体,445300,液化石油气,"2018-07-31 00:00:00",无
