F3070225300021_000005001,F3070225300021_000005002,F3070225300021_000005003,F3070225300021_000005004,F3070225300021_000005005,F3070225300021_000005006
-,云浮市新飞龙机械有限公司,-,"2018-03-07 00:00:00",云浮市经济和信息化局、云浮市环境保护局,-
-,新兴县猎人谷精密铸造有限公司,-,"2018-06-30 00:00:00",云浮市经济和信息化局、云浮市环境保护局,-
-,信加服装（云浮）有限公司,-,"2018-03-07 00:00:00",云浮市经济和信息化局、云浮市环境保护局,-
-,爱德克斯（云浮）汽车零部件有限公司,-,"2017-11-06 00:00:00",云浮市经济和信息化局、云浮市环境保护局,-
-,新兴县来嘉利陶瓷有限公司,9144532167310287XE,"2018-04-02 00:00:00",云浮市经济和信息化局、云浮市环境保护局,-
中顺洁柔（云浮）纸业有限公司,-,53735377,"2016-12-28 00:00:00",云浮市经济和信息化局、云浮市环境保护局,-
-,新兴宏基陶瓷有限公司,91445321665036411N,"2017-12-27 00:00:00",云浮市经济和信息化局、云浮市环境保护局,-
-," 罗定绿源人造板有限公司",-,"2018-06-30 00:00:00",云浮市经济和信息化局、云浮市环境保护局,-
-,广东通力定造股份有限公司,-,"2017-12-27 00:00:00",云浮市经济和信息化局、云浮市环境保护局,-
-,云浮西雅图石英石有限公司,-,"2018-03-07 00:00:00",云浮市经济和信息化局、云浮市环境保护局,-
-,高丘六和（云浮）工业有限公司,91445300574473405Q,"2018-04-02 00:00:00",云浮市经济和信息化局、云浮市环境保护局,-
-,新兴县东骏陶瓷有限公司,91445321668181921U,"2018-04-02 00:00:00",云浮市经济和信息化局、云浮市环境保护局,-
-,华润水泥（罗定）有限公司,91445300557251034D,"2017-11-06 00:00:00",云浮市经济和信息化局、云浮市环境保护局,-
-,新兴县致胜陶瓷有限公司,66818193X,"2016-12-26 00:00:00",云浮市经济和信息化局、云浮市环境保护局,-
-,新兴县永丽陶瓷有限公司,91445321763801092K,"2016-12-26 00:00:00",云浮市经济和信息化局、云浮市环境保护局,-
-,新兴县嘉信陶瓷有限公司,91445321673123523E,"2016-12-26 00:00:00",云浮市经济和信息化局、云浮市环境保护局,-
-,罗定市骏华陶瓷实业有限公司,9144538168216483XP,"2017-12-27 00:00:00",云浮市经济和信息化局、云浮市环境保护局,-
新兴溶洲建筑陶瓷二厂有限公司,-,66981149-7,"2016-12-28 00:00:00",云浮市经济和信息化局、云浮市环境保护局,-
-,云浮市科特机械有限公司,-,"2018-03-07 00:00:00",云浮市经济和信息化局、云浮市环境保护局,-
-,新兴县英浩建筑陶瓷有限公司,91445321668201240p,"2016-12-26 00:00:00",云浮市经济和信息化局、云浮市环境保护局,-
-,广东华陶建材有限公司,914453215645439000,"2016-12-26 00:00:00",云浮市经济和信息化局、云浮市环境保护局,-
-,罗定市鸿正陶瓷有限公司,78648567-8,"2018-06-30 00:00:00",云浮市经济和信息化局、云浮市环境保护局,-
-,广东万事泰集团有限公司,-,"2017-12-27 00:00:00",云浮市经济和信息化局、云浮市环境保护局,-
-,罗定市恒安石材料有限公司（共进石场）,-,"2017-11-06 00:00:00",云浮市经济和信息化局、云浮市环境保护局,-
-,新兴金益利陶瓷有限公司,91445321669824052E,"2016-12-26 00:00:00",云浮市经济和信息化局、云浮市环境保护局,-
-,罗定市罗宝陶瓷有限公司,78792964-8,"2018-04-02 00:00:00",云浮市经济和信息化局、云浮市环境保护局,-
-,青洲水泥（云浮）有限公司,91445300694740336K,"2017-11-06 00:00:00",云浮市经济和信息化局、云浮市环境保护局,-
-,广东广起重型机械有限公司,-,"2018-03-07 00:00:00",云浮市经济和信息化局、云浮市环境保护局,-
-,广东百冠陶瓷有限公司,91445321668201259L,"2016-12-26 00:00:00",云浮市经济和信息化局、云浮市环境保护局,-
