F3070225300021_000004001,F3070225300021_000004002,F3070225300021_000004003
中材天山（云浮）水泥有限公司,新兴县金玛利陶瓷有限公司,91445381669818314K
-,-,57640143X
广东惠云钛业股份有限公司,新兴县裕辉陶瓷有限公司,91445322MA4WEQCR8W
-,-,91445321763801092K
-,新兴县宝雅陶瓷有限公司,66646480-5
-,云浮市云安区盈邦陶瓷有限公司,783892307
云浮发电厂（B厂）有限公司,新兴县嘉信陶瓷有限公司,91445300784875111X
广东省粤泷发电有限责任公司,新兴宏基陶瓷有限公司,914453007148619000
-,广东百冠陶瓷有限公司,91445321669824052E
广东广信青洲水泥有限公司,罗定市罗宝陶瓷有限公司,559173973
-,-,66981149-7
-,新兴县东骏陶瓷有限公司,91445300617429712P
-,广东新合铝业新兴公司,91445321668201240p
-,中顺洁柔（云浮）纸业有限公司,91445321673123523E
-,-,66818193X
-,广东华陶建材有限公司,787968268
青洲水泥（云浮）有限公司,新兴金益利陶瓷有限公司,914453006178510000
-,-,91445300572420086L
-,新兴溶洲建筑陶瓷二厂有限公司,91445321668201259L
-,-,91445302686446815M
中材亨达水泥有限公司,广东新顺景陶瓷有限公司,91445300694759440G
-,罗定市鸿正陶瓷有限公司,91445321665036411N
华润水泥（罗定）有限公司,新兴县来嘉利陶瓷有限公司,91445303749152057R
-,-,91445303791226849D
-,-,91445300574473405Q
-,广东广云新材料科技股份有限公司,53735377
-,广东广业云硫矿业有限公司,914453007545211876
中材罗定水泥有限公司,新兴建兴陶瓷有限公司,91445300694740336K
-,-,914453215645439000
-,新兴县致胜陶瓷有限公司,91445321668181921U
-,-,673111389
-,高丘六和（云浮）工业有限公司,78792964-8
"郁南鸿运水泥有限公司 （原中材亨达水泥有限公司郁南分公司）",新兴县英浩建筑陶瓷有限公司,91445300557251034D
广东粤电云河发电有限公司,云浮市金九方陶瓷有限公司,91445302557339079T
-,罗定市骏华陶瓷实业有限公司,78648567-8
-,云浮市辉鹏陶瓷有限公司,9144532167310287XE
-,新兴县永丽陶瓷有限公司,570159574
-,-,9144538168216483XP
