"编号","单位名称","发证单位","发证日期","有效期"
"粤农药广审(视)170101","广州超威日用化学用品有限公司","广东省农业厅","2017.01.18","2018.01.17"
"粤农药广审(视)170102","广州超威日用化学用品有限公司","广东省农业厅","2017.01.18","2018.01.17"
"粤农药广审(视)170103","广州超威日用化学用品有限公司","广东省农业厅","2017.01.18","2018.01.17"
"粤农药广审(视)170104","广州超威日用化学用品有限公司","广东省农业厅","2017.01.18","2018.01.17"
"粤农药广审(视)170105","广州超威日用化学用品有限公司","广东省农业厅","2017.01.18","2018.01.17"
"粤农药广审(视)170206","中山榄椈日化实业有限公司","广东省农业厅","2017.02.14","2018.02.13"
"粤农药广审(视)170207","中山榄椈日化实业有限公司","广东省农业厅","2017.02.14","2018.02.13"
"粤农药广审(视)170208","中山榄椈日化实业有限公司","广东省农业厅","2017.02.14","2018.02.13"
"粤农药广审(视)170209","中山榄椈日化实业有限公司","广东省农业厅","2017.02.14","2018.02.13"
"粤农药广审(视)170210","中山榄椈日化实业有限公司","广东省农业厅","2017.02.14","2018.02.13"
"粤农药广审(视)170211","中山榄椈日化实业有限公司","广东省农业厅","2017.02.14","2018.02.13"
"粤农药广审(视)170212","中山榄椈日化实业有限公司","广东省农业厅","2017.02.14","2018.02.13"
"粤农药广审(视)170213","中山榄椈日化实业有限公司","广东省农业厅","2017.02.14","2018.02.13"
"粤农药广审(视)170214","中山榄椈日化实业有限公司","广东省农业厅","2017.02.14","2018.02.13"
"粤农药广审(视)170215","中山榄椈日化实业有限公司","广东省农业厅","2017.02.14","2018.02.13"
"粤农药广审(视)170216","中山榄椈日化实业有限公司","广东省农业厅","2017.02.14","2018.02.13"
"粤农药广审(视)170217","中山榄椈日化实业有限公司","广东省农业厅","2017.02.14","2018.02.13"
"粤农药广审(视)170218","中山榄椈日化实业有限公司","广东省农业厅","2017.02.14","2018.02.13"
"粤农药广审(视)170219","中山榄椈日化实业有限公司","广东省农业厅","2017.02.14","2018.02.13"
"粤农药广审(视)170220","中山榄椈日化实业有限公司","广东省农业厅","2017.02.14","2018.02.13"
"粤农药广审(视)170221","中山榄椈日化实业有限公司","广东省农业厅","2017.02.14","2018.02.13"
"粤农药广审(视)170222","中山榄椈日化实业有限公司","广东省农业厅","2017.02.14","2018.02.13"
"粤农药广审(视)170223","中山榄椈日化实业有限公司","广东省农业厅","2017.02.14","2018.02.13"
"粤农药广审(视)170224","中山榄椈日化实业有限公司","广东省农业厅","2017.02.21","2018.02.20"
"粤农药广审(视)170225","中山榄椈日化实业有限公司","广东省农业厅","2017.02.21","2018.02.20"
"粤农药广审(视)170226                                                                                                                           ","中山榄椈日化实业有限公司","广东省农业厅","2017.02.21","2018.02.20"
"粤农药广审(视)170327 ","广州超威日用化学用品有限公司","广东省农业厅","2017.03.22","2018.03.21"
"粤农药广审(视)170328 ","广州超威日用化学用品有限公司","广东省农业厅","2017.03.22","2018.03.21"
"粤农药广审(文)170329                                                                                                                             ","中山榄椈日化实业有限公司","广东省农业厅","2017.03.27","2018.03.26"
"粤农药广审(文)170330                                                                                                                             ","中山榄椈日化实业有限公司","广东省农业厅","2017.03.27","2018.03.26"
"粤农药广审(文)170431","珠海市佳弘科技有限公司","广东省农业厅","2017.04.13","2017.04.12"
"粤农药广审(文)170432","天津阿斯化学有限公司","广东省农业厅","2017.04.27","2018.04.05  "
"粤农药广审(视)170433","天津阿斯化学有限公司","广东省农业厅","2017.04.27","2018.03.23"
"粤农药广审(视)170434","天津阿斯化学有限公司","广东省农业厅","2017.04.27","2018.03.23"
"粤农药广审(视)170435","天津阿斯化学有限公司","广东省农业厅","2017.04.27","2018.03.23"
"粤农药广审(视)170436","天津阿斯化学有限公司","广东省农业厅","2017.04.27","2018.03.23"
