"企业名称","注册    商标","产品名称","标志编号","状态","有效期限","办证机构"
"广东龙岗马山茶业股份有限公司","马山","茶青","1000P1300313                       ","有机产品","2015.09.25-2016.09.24             ","中绿华夏有机食品认证中心"
"广东龙岗马山茶业股份有限公司","马山","高山溢韵绿茶","1000P1300314","有机产品","2015.09.25-2016.09.24             ","中绿华夏有机食品认证中心"
"广东龙岗马山茶业股份有限公司","马山","银针一号","1000P1300314","有机产品","2015.09.25-2016.09.24             ","中绿华夏有机食品认证中心"
"梅州市金穗生态农业发展有限公司","辰曲","稻谷","1000P1200561","有机产品","2015.09.07-2016.09.06           ","中绿华夏有机食品认证中心"
"梅州市金穗生态农业发展有限公司","辰曲","大米","                     1000P1200562 ","有机产品","2015.09.07-2016.09.06           ","中绿华夏有机食品认证中心"
"梅州市稻丰实业有限公司","客家情","稻谷","1000P1200551 ","有机产品","2015.11.20-2016.11.19            ","中绿华夏有机食品认证中心"
"梅州市稻丰实业有限公司","客家情","大米"," 1000P1200552","有机产品","2015.11.20-2016.11.19            ","中绿华夏有机食品认证中心"
"广东润生堂生物科技有限公司","","铁皮石斛","1000P1400377                           ","有机转换产品","2015.12.16-2016.12.15            ","中绿华夏有机食品认证中心"
"东莞市尚正堂莞香发展有限公司","莞香","莞香","1000P1301003","有机转换产品","2015.12.06-2016.12.05             ","中绿华夏有机食品认证中心"
"广东茗皇茶业有限公司","茗皇牌","茶青","1000P1300154 ","有机产品","2015.12.22-2016.12.21             ","中绿华夏有机食品认证中心"
"广东茗皇茶业有限公司","茗皇牌","茗皇金萱茶","                    1000P1300155","有机产品","2015.12.22-2016.12.21             ","中绿华夏有机食品认证中心"
"广东茗皇茶业有限公司","茗皇牌","茗皇高山软枝乌龙茶","                    1000P1300155","有机产品","2015.12.22-2016.12.21             ","中绿华夏有机食品认证中心"
"广东茗皇茶业有限公司","茗皇牌","茗皇（金山）金观音","                    1000P1300155","有机产品","2015.12.22-2016.12.21             ","中绿华夏有机食品认证中心"
"广东茗皇茶业有限公司","茗皇牌","茗皇玉观音茶","                    1000P1300155","有机产品","2015.12.22-2016.12.21             ","中绿华夏有机食品认证中心"
"广东茗皇茶业有限公司","茗皇牌","茗皇翠玉茶","                    1000P1300155","有机产品","2015.12.22-2016.12.21             ","中绿华夏有机食品认证中心"
"广东茗皇茶业有限公司","茗皇牌","茗皇高山红骨乌龙茶","                    1000P1300155","有机产品","2015.12.22-2016.12.21             ","中绿华夏有机食品认证中心"
"广东茗上茗茶业有限公司","","茶青","1000P1301014","有机转换产品","2015.12.05-2016.12.04           ","中绿华夏有机食品认证中心"
"广东茗上茗茶业有限公司","","红茶","                     1000P1301015","有机转换产品","2015.12.05-2016.12.04           ","中绿华夏有机食品认证中心"
"广东茗上茗茶业有限公司","","金尖红极品红茶","                     1000P1301015","有机转换产品","2015.12.05-2016.12.04           ","中绿华夏有机食品认证中心"
"广东茗上茗茶业有限公司","","精品红茶","                     1000P1301015","有机转换产品","2015.12.05-2016.12.04           ","中绿华夏有机食品认证中心"
"广东茗上茗茶业有限公司","","绿茶","                     1000P1301015","有机转换产品","2015.12.05-2016.12.04           ","中绿华夏有机食品认证中心"
"广东茗上茗茶业有限公司","","极品绿茶","                     1000P1301015","有机转换产品","2015.12.05-2016.12.04           ","中绿华夏有机食品认证中心"
"广东茗上茗茶业有限公司","","乌龙茶","                     1000P1301015","有机转换产品","2015.12.05-2016.12.04           ","中绿华夏有机食品认证中心"
"广东茗龙茶业有限公司","","茶青","1000P1400286  ","有机转换产品","2015.10.23-2016.10.22           ","中绿华夏有机食品认证中心"
"广东茗龙茶业有限公司","","茗龙绿茶","1000P1400287","有机转换产品","2015.10.23-2016.10.22           ","中绿华夏有机食品认证中心"
"广东茗龙茶业有限公司","","茗龙红茶","1000P1400287","有机转换产品","2015.10.23-2016.10.22           ","中绿华夏有机食品认证中心"
"广东茗龙茶业有限公司","","茗龙乌龙茶","1000P1400287","有机转换产品","2015.10.23-2016.10.22           ","中绿华夏有机食品认证中心"
"茂名市广垦名富果业有限公司","名富","番石榴","1000P1200428                    ","有机产品","2015.11.30-2016.11.29             ","中绿华夏有机食品认证中心"
"茂名市广垦名富果业有限公司","名富","火龙果","1000P1200428                    ","有机产品","2015.11.30-2016.11.29             ","中绿华夏有机食品认证中心"
"茂名钜园农业有限公司","龙博士","红肉火龙果","1000P1200528                    ","有机产品","2015.09.27-2016.09.26             ","中绿华夏有机食品认证中心"
"化州市益利化橘红专业合作社","橘利","柚（化橘红）","1000P1200280    ","有机产品","2015.11.07-2016.11.06            ","中绿华夏有机食品认证中心"
"茂名市惠生源生物科技有限公司","惠生源","铁皮石斛鲜品","1000P1300937                    ","有机产品","2015.11.07-2016.11.06            ","中绿华夏有机食品认证中心"
"茂名市惠生源生物科技有限公司","惠生源","铁皮石斛枫斗(干品)","1000P1300937                    ","有机产品","2015.11.07-2016.11.06            ","中绿华夏有机食品认证中心"
"茂名市天力大地生态农业有限公司","","稻谷","1000P1300979","有机产品","2015.11.14-2016.11.13            ","中绿华夏有机食品认证中心"
"茂名市天力大地生态农业有限公司","","象牙香米","1000P1300980 ","有机产品","2015.11.14-2016.11.13            ","中绿华夏有机食品认证中心"
"茂名市天力大地生态农业有限公司","","一品黑米","1000P1300980 ","有机产品","2015.11.14-2016.11.13            ","中绿华夏有机食品认证中心"
"茂名市天力大地生态农业有限公司","","一品黑糙米","1000P1300980 ","有机产品","2015.11.14-2016.11.13            ","中绿华夏有机食品认证中心"
"茂名市天力大地生态农业有限公司","","竹香红米","1000P1300980 ","有机产品","2015.11.14-2016.11.13            ","中绿华夏有机食品认证中心"
"茂名市天力大地生态农业有限公司","","竹香红糙米","1000P1300980 ","有机产品","2015.11.14-2016.11.13            ","中绿华夏有机食品认证中心"
"连山壮族瑶族自治县民族食品有限公司","壮瑶家香牌","稻谷","1000P1200387","有机产品","2015.11.29-2016.11.28            ","中绿华夏有机食品认证中心"
"连山壮族瑶族自治县民族食品有限公司","壮瑶家香牌","大米","                      1000P1200388 ","有机产品","2015.11.29-2016.11.28            ","中绿华夏有机食品认证中心"
"连山壮族瑶族自治县民族食品有限公司","壮瑶家香牌","糙米","                      1000P1200388 ","有机产品","2015.11.29-2016.11.28            ","中绿华夏有机食品认证中心"
"罗定市丰智昌顺科技有限公司","“亚灿米”牌","稻谷","1000P1200218 ","有机产品","2015.06.22-2016.06.21            ","中绿华夏有机食品认证中心"
"罗定市丰智昌顺科技有限公司","“亚灿米”牌","稻谷（原料）","1000P1400325 ","有机产品","2015.06.22-2016.06.21            ","中绿华夏有机食品认证中心"
"罗定市丰智昌顺科技有限公司","“亚灿米”牌","大米"," 1000P1200219 ","有机产品","2015.06.22-2016.06.21            ","中绿华夏有机食品认证中心"
"罗定市丰智昌顺科技有限公司","“亚灿米”牌","碎大米"," 1000P1200219 ","有机产品","2015.06.22-2016.06.21            ","中绿华夏有机食品认证中心"
"罗定市丰智昌顺科技有限公司","“亚灿米”牌","稻谷","1000P1500200 ","有机产品","2015.08.05-2016.08.04             ","中绿华夏有机食品认证中心"
"罗定市丰智昌顺科技有限公司","“亚灿米”牌","稻谷（原料）","1000P1300908 ","有机产品","2015.08.05-2016.08.04             ","中绿华夏有机食品认证中心"
"罗定市丰智昌顺科技有限公司","“亚灿米”牌","碎米","1000P1300909 ","有机产品","2015.08.05-2016.08.04             ","中绿华夏有机食品认证中心"
"罗定市丰智昌顺科技有限公司","“亚灿米”牌","大米","1000P1300909 ","有机产品","2015.08.05-2016.08.04             ","中绿华夏有机食品认证中心"
"罗定市丰智酒业有限公司","定台玉液酒","定台玉液酒(清香型)","1000P1500014                      ","有机产品","2016.01.13-2017.01.12            ","中绿华夏有机食品认证中心"
"罗定市丰智酒业有限公司","定台玉液酒","定台玉液酒(清香型)","1000P1500014                      ","有机产品","2016.01.13-2017.01.12            ","中绿华夏有机食品认证中心"
"广西富川华发农业科技有限公司","富乡","稻谷","1000P1400327 ","有机产品","2015.12.09-2016.12.08             ","中绿华夏有机食品认证中心"
"广西富川华发农业科技有限公司","富乡","稻谷","1000P1500256 ","有机产品","2015.12.09-2016.12.08             ","中绿华夏有机食品认证中心"
"广西富川华发农业科技有限公司","富乡","大米","1000P1500257 ","有机产品","2015.12.09-2016.12.08             ","中绿华夏有机食品认证中心"
"广西富川华发农业科技有限公司","富乡","碎大米","1000P1500257 ","有机产品","2015.12.09-2016.12.08             ","中绿华夏有机食品认证中心"
"广东翔顺象窝禅茶有限公司","象窝","茶青","1000P1400294 ","有机转换产品","2015.10.23-2016.10.22             ","中绿华夏有机食品认证中心"
"广东翔顺象窝禅茶有限公司","象窝","象窝绿茶·（甘醇）盒装","1000P1400295 ","有机转换产品","2015.10.23-2016.10.22             ","中绿华夏有机食品认证中心"
"广东翔顺象窝禅茶有限公司","象窝","象窝绿茶·（雅品）盒装","1000P1400295 ","有机转换产品","2015.10.23-2016.10.22             ","中绿华夏有机食品认证中心"
"广东翔顺象窝禅茶有限公司","象窝","象窝红茶·（甘醇）袋装","1000P1400295 ","有机转换产品","2015.10.23-2016.10.22             ","中绿华夏有机食品认证中心"
"广东翔顺象窝禅茶有限公司","象窝","象窝红茶·（雅品）袋装","1000P1400295 ","有机转换产品","2015.10.23-2016.10.22             ","中绿华夏有机食品认证中心"
