"行政许可决定文书号","项目名称","审批类别","许可内容","行政相对人名称","行政相对人代码","法定代表人姓名","许可决定日期","许可截止期","许可机关","当前状态","备注"
"粤文物审〔2016〕111号","省级文物保护单位文物保护工程许可","许可","粤文物审〔2016〕111号
肇庆市文化广电新闻出版局：　　
    《关于申请审批大梁宫大殿修缮工程设计方案的请示》（肇文字〔2016〕206号）及附件材料收悉。根据国家有关文物保护工程管理的规定，经审核，原则同意所报修缮工程勘察设计方案。　　
   在施工过程中，如果遇到勘察设计方案中的未尽事宜，由设计单位修改、完善，并由你局组织3名以上省文物保护专家委员会的相关专业委员对方案进行审核通过后实施，并报省文物局备案；如需变更重要设计内容，须按法定程序履行报批手续。　　
    建设单位应依法选定该项文物保护工程的施工、监理单位，并将选定的施工、监理单位及项目负责人情况报省文物局备案。　　
    请你局加强对工程的监督管理，督促有关单位做好施工记录，密切关注可能出现的新问题，找出科学的解决方案，以确保文物安全和工程质量。工程完成后，备齐竣工材料，报省文物局组织验收。　　　　　　 
    此复。　　　　　　　　　　　　　　　　　　　　　　　　　 
广东省文物局                      
2016年9月23日","封开县文化广电新闻出版局","组织机构代码007166230","","09-26-16","","省文化厅","正常",""
"粤文物审〔2016〕112号","在省级文物保护单位建设控制地带内的建设工程设计方案审批","许可","粤文物审〔2016〕112号
广州市文物局：　　
    《广州市广州局关于上报广东省文物保护单位琶洲塔建设控制地带内燃气支管工程规划的请示》（穗文物〔2016〕563号）及附件材料收悉。经审核，原则同意所报建设方案。　　
    请你局好对琶洲塔保护范围和建设控制地带的监督与管理工作，相关建设活动应遵守文物保护相关法律法规，依法履行报批手续。 　　　　　　　　                   
    广东省文物局                          
    2016年9月23日","广州市局文物处","组织机构代码1122334455","","09-23-16","","省文化厅","正常",""
"粤文物审〔2016〕110号","在省级文物保护单位建设控制地带内的建设工程设计方案审批","许可","粤文物审〔2016〕110号
佛山市文广新局：　　　
    《佛山市文化广电新闻出版局关于呈报〈梁园及周边环境改造提升工程勘察设计方案（第二标段）〉及相关材料的请示（佛文物〔2016〕54号）及附件材料收悉。经审核，原则同意所报建设方案。　　
    请你局好对梁园保护范围和建设控制地带的监督与管理工作，相关建设活动应遵守文物保护相关法律法规，依法履行报批手续。 　　　　                               
    广东省文物局                         
    2016年9月23日","佛山市文广新局","组织机构代码00703971-7","","09-23-16","","省文化厅","正常",""
"粤文市审〔2016〕596号","举办涉台和在非歌舞娱乐场所进行的涉外营业性演出审批","许可","粤文市审〔2016〕596号
广东星海演艺发展有限公司：　　
    你单位涉外营业性演出申请悉。经审核，同意你单位邀请意大利情迷当代舞团、以色列耶路撒冷维帝戈舞蹈团等一行31人，于2016年11月10日、12日到广东粤剧院分别举办现代舞《停格中的塑相》、《维帝戈二十》演出共2场。　　
    请你单位依照《营业性演出管理条例》及相关规定，持本批复自觉办理演员签证入境及演出备案手续，并配合执法人员做好演出现场的监管工作。    
    此复。                           
    广东省文化厅                         
    2016年9月23日","广东星海演艺发展有限公司","统一社会信用代码
91440000770179190M
组织机构代码
77017919-0","何超","09-23-16","","省文化厅","正常",""
"粤文市审〔2016〕594号","举办涉台和在非歌舞娱乐场所进行的涉外营业性演出审批","许可","粤文市审〔2016〕594号
上海艺穗文化管理有限公司：    
    你单位涉外营业性演出申请悉。经审核，同意你单位邀请美国YAMAGATA RACHAEL AMANDA、英国WILLIAMSON WALTERS ANNE ELIZABETH等一行6人，于2016年11月12日到深圳A8音乐大厦多功能厅举办《美国“山形瑞秋”乐队音乐会》演出1场。　　
    请你单位依照《营业性演出管理条例》及相关规定，持本批复自觉办理演员签证入境及演出备案手续，并配合执法人员做好演出现场的监管工作。    
    此复。　　　　　　　　                           
    广东省文化厅                         
    2016年9月23日","上海艺穗文化管理有限公司","统一社会信用代码
913101017824020X4组织机构代码78724020X","蒋伟芬","09-23-16","","省文化厅","正常",""
"粤文市审〔2016〕595号","举办涉台和在非歌舞娱乐场所进行的涉外营业性演出审批","许可","粤文市审〔2016〕595号
上海艾亚文化传播有限公司：    
    你单位涉外营业性演出申请悉。经审核，同意你单位邀请英国国家交响乐团有限公司一行60人，于2017年1月2日到深圳音乐厅举办《英国国家交响乐团迎接2017新年音乐会》演出1场。
   请你单位依照《营业性演出管理条例》及相关规定，持本批复自觉办理演员签证入境及演出备案手续，并配合执法人员做好演出现场的监管工作。    
    此复。                           
    广东省文化厅    
    2016年9月23日","上海艾亚文化传播有限公司","组织机构代码68550840-4","王智兴","09-23-16","","省文化厅","正常",""
"粤文市审〔2016〕593号","举办涉台和在非歌舞娱乐场所进行的涉外营业性演出审批","许可","粤文市审〔2016〕593号
北京世纪华鹏文化传媒有限公司：    
    你单位涉外营业性演出申请悉。经审核，同意你单位邀请日本藤田麻衣子等一行4人，于2016年12月1日到广州市越秀区脱口咖啡馆举办《2016年藤田麻衣子音乐会》演出1场。    
    请你单位依照《营业性演出管理条例》及相关规定，持本批复向公安机关申报大型群众活动安全许可。同时，依法办理演员签证入境及演出备案手续，并配合执法人员做好演出现场的监管工作。    
    此复。                           
    广东省文化厅                          
    2016年9月23日","北京世纪华鹏文化传媒有限公司","统一社会信用代码91110101794094669K组织机构代码91110101794094669K","汪鹏飞","09-23-16","","省文化厅","正常",""
"粤文市审〔2016〕592号","举办涉台和在非歌舞娱乐场所进行的涉外营业性演出审批","许可","粤文市审〔2016〕592号
深圳市保利剧院演出经营有限公司：    
    你单位涉外营业性演出申请悉。经审核，同意你单位邀请美国保罗泰勒舞蹈公司等一行32人，于2016年11月5日、6日到深圳市保利剧院举办《美国保罗?泰勒现代舞经典舞集》演出共2场。　
　 请你单位依照《营业性演出管理条例》及相关规定，持本批复自觉办理演员签证入境及演出备案手续，并配合执法人员做好演出现场的监管工作。
    此复。　　　　　　　　                           广东省文化厅                        
 2016年9月23日","欧艺视界（北京）文化艺术发展有限公司","组织机构代码110108681995196","朱琳","09-23-16","","省文化厅","正常",""
"粤文市审〔2016〕591号","举办涉台和在非歌舞娱乐场所进行的涉外营业性演出审批","许可","粤文市审〔2016〕591号
深圳市悦天文化传播有限公司：
    你单位涉外营业性演出申请悉。经审核，同意你单位邀请法国MOMBERT JULIEN ETIENNE、香港地区甄晓彤、内地李静怡等一行43人，于2016年10月22日到深圳音乐厅、10月29日到广州市中山纪念堂举办《航海王试听音乐会2016》演出共2场。
　　请你单位依照《营业性演出管理条例》及相关规定，持本批复自觉办理演员签证、入境及演出备案手续，并配合执法人员做好演出现场的监管工作。
    此复。                             
广东省文化厅                         
2016年9月23日","深圳市悦天文化传播有限公司","统一社会信用代码91440300680378452W","黄凤仪","09-23-16","","省文化厅","正常",""
"粤文市审〔2016〕589号","举办涉台和在非歌舞娱乐场所进行的涉外营业性演出审批","许可","粤文市审〔2016〕589号
上海圣翎演出有限公司：
    你单位涉外营业性演出申请悉。经审核，同意你单位邀请台湾地区萧敬腾、内地谭维维等一行67，于2016年11月12日、13日到广州长隆欢乐世界举办《广州长隆春浪音乐节》演出共2场。
　　请你单位依照《营业性演出管理条例》及相关规定，持本批复向公安机关申报大型群众活动安全许可。同时，依法办理演员入境及演出备案手续，并配合执法人员做好演出现场的监管工作。
    此复。　　　　                          
 广东省文化厅                         
2016年9月23日","上海圣翎演出有限公司","组织机构代码78951258-X","章敛","09-23-16","","省文化厅","正常",""
"粤文市审〔2016〕590号","举办涉台和在非歌舞娱乐场所进行的涉外营业性演出审批","许可","粤文市审〔2016〕590号
广东星海演艺发展有限公司：
　　你单位涉外营业性演出申请悉。经审核，同意你单位邀请澳大利亚昆士兰艾斯普森舞蹈团、内地余丽君等一行26人，于2016年11月19日到广东演艺中心大剧院举办现代舞《51°时空》演出1场。
　　请你单位依照《营业性演出管理条例》及相关规定，持本批复自觉办理演员签证入境及演出备案手续，并配合执法人员做好演出现场的监管工作。
    此复。                           
广东省文化厅                         
2016年9月23日","广东星海演艺发展有限公司","统一社会信用代码91440000770179190M组织机构代码77017919-0","何超","09-23-16","","省文化厅","正常",""
"粤文市审〔2016〕588号","举办涉台和在非歌舞娱乐场所进行的涉外营业性演出审批","许可","粤文市审〔2016〕588号
深圳市聚橙网络技术有限公司：
　　你单位涉外营业性演出申请悉。经审核，同意你单位邀请意大利BUTTA GILDA、国内余能达等一行5人，于2016年11月11日到深圳市南山文体中心举办《海上钢琴师电影原声音乐家吉达?布达钢琴试听音乐会》演出1场。
　　请你单位依照《营业性演出管理条例》及相关规定，持本批复自觉办理演员签证入境及演出备案手续，并配合执法人员做好演出现场的监管工作。
    此复。                           
广东省文化厅                         
2016年9月23日","深圳市聚橙网络技术有限公司","统一社会信用代码 91440300661048626L ","耿军","09-23-16","","省文化厅","正常",""
"粤文市审〔2016〕587号","举办涉台和在非歌舞娱乐场所进行的涉外营业性演出审批","许可","粤文市审〔2016〕587号
上海蕙鸣文化传播有限公司：
　　你单位涉外营业性演出申请悉。经审核，同意你单位邀请印度SHAW RHYTHM、国内聂钧等一行23人，于2016年10月5日、6日到佛山市禅城区岭南天地“鲤鱼广场”举办《2016天地音乐季》演出共2场。
　　请你单位依照《营业性演出管理条例》及相关规定，持本批复自觉办理演员签证入境及演出备案手续，并配合执法人员做好演出现场的监管工作。
    此复。                          
 广东省文化厅                       
 2016年9月23日","上海蕙鸣文化传播有限公司","组织机构代码67934024-6","冯玥","09-23-16","","省文化厅","正常",""
"粤文物审〔2016〕109号","需进行文物考古调查、勘探与发掘的大型基本建设工程审批","许可","粤文物审〔2016〕109号
罗信高速公路项目筹建处  ：
    由广东省文物考古研究所承担的云浮罗定至茂名信宜（粤桂界）高速公路工程用地范围内的文物考古调查、勘探工作已完成。根据广东省文物考古研究所《云浮罗定至茂名信宜（粤桂界）高速公路工程文物考古调查、勘探工作报告》和当地文物行政部门意见，现就该项目工程建设用地范围内的文物保护事宜提出如下意见：一、该工程用地范围内涉及省级文物保护单位长岗坡渡槽，该渡槽是当时罗定人民在没有机械设备条件下，用钢钎和铁锤，人力车等土办法建造的世界一流人造工程，创造了人造水利历史上的奇迹，被誉为“南国红旗渠”，是目前世界上最长的引水渡槽。公路规划设计部门必须予以改线避让，设计线路方案符合相关文物单位的保护规划要求。二、该工程用地范围内涉及31处古遗址。其中：罗定市罗 镜镇北昆村遗址（K37+200—550）、信宜市镇隆镇华山村林头岭遗址（K109+740—800）、信宜市镇隆镇山心铺村垌尾坡遗址（K112+060—150）、高州市荷花镇石双村龟头岭遗址（K123+300—400）4处，应予以改线避让，如无法改线，则需进行大范围考古发掘。信宜市丁堡镇旺坑村黄泥塘遗址（K96+250—400）、信宜市木九山朱周村长岗岭遗址（K98+400—750）、信宜市水口镇下虾塘遗址（K101+600—850）、信宜市水口镇平垌村北山岭岗遗址（K106+200—300）、信宜市镇隆镇水埇村自林岗遗址（K107+350）、信宜市镇隆镇欧村山根边遗址（K110+200—400）、高州市荷花镇石鼓村遗址（K124+450—550）等7处应予以改线避让，如无法改线，则需进行局部考古发掘。    若对上述11处遗址进行抢救性发掘，请按法律规定提供考古发掘经费，尽快开展考古发掘工作。考古发掘工作完成后，由省文物考古研究所根据遗址的保存状况、分布范围、考古发掘面积、发掘成果、建设工程需要等情况，与你处共同商定该遗址范围内的施工时间、施工范围和文物保护措施等，经我局核准后实施。    三、该工程用地范围内发现20处古遗址和6处遗物点（详见附件），已完成资料采集、记录等田野考古工作，建设单位可以进场施工，但建设单位在对上述26处文化遗迹进场施工前，必须通知广东省文物考古研究所或当地文物行政部门派员赴现场进行监督和指导。若有重要发现，要立即停止工程施工，配合文物部门做好文物保护工作。    四、该工程项目已完成文物考古调查、勘探的其他建设用地范围可以进场施工。在施工中若有新的文物发现，请保护好现场并及时通知当地文物行政主管部门处理。                         
广东省文物局                                                
2016年9月20日","广东省公路建设有限公司","组织机构代码19033517-7","童德功","09-20-16","","省文化厅","正常",""
"粤文物审〔2015〕108号","全国重点文物保护单位文物保护工程审核","许可","粤文物审〔2015〕108号
北京国文信文物保护有限公司：
　  根据国家文物局《关于潮州老城古民建筑群黄尚书府、铁巷陈宅、红栏杆、辜厝巷林宅、卓府修缮工程立项的批复》（文物保函〔2015〕1805号），我局委托贵单位对全国重点文物保护单位潮州老城古民建筑群铁巷陈宅二、三进修缮工程设计方案进行评估，并出具意见。　
    专此。                        
广东省文物局                        
2016年9月18日","潮州市文物旅游局","组织机构代码55174417-x","","09-18-16","","省文化厅","正常",""
"粤文物审〔2016〕107号","全国重点文物保护单位文物保护工程审核","许可","粤文物审〔2016〕107号
国家文物局：
　　国民党“一大”旧址是全国重点文物保护单位，根据《关于确认广东省2016年度全国重点文物保护单位安防防雷项目实施计划的函》（文物督函〔2016〕235号），业主单位广州鲁迅纪念馆委托东莞市凯迅电子科技有限公司进行了安全防范工程设计。现将有关材料呈上，请予以审批。　　　　　　　　　　　　　　　　　　　　　　　　            　
广东省文物局　　　　　　　　　　　　　　　　　　　　　　　               
2016年9月18日","广州鲁迅纪念馆","组织机构代码07346231-0","","09-18-16","","省文化厅","正常",""
"粤文物审〔2016〕106号","省级文物保护单位文物保护工程","许可","粤文物审〔2016〕106号
惠州市文化广电新闻出版局：
　　《关于申报广东省文物保护单位陈百万家族建筑群修缮工程许可的请示》（惠文〔2016〕208号）及附件材料收悉。根据国家有关文物保护工程管理的规定，经审核，原则同意所报修缮工程勘察设计方案。
　　在施工过程中，如果遇到勘察设计方案中的未尽事宜，由设计单位修改、完善，并由你局组织3名以上省文物保护专家委员会的相关专业委员对方案进行审核通过后实施，并报省文物局备案；如需变更重要设计内容，须按法定程序履行报批手续。　　建设单位应依法选定该项文物保护工程的施工、监理单位，并将选定的施工、监理单位及项目负责人情况报省文物局备案。
　　请你局加强对工程的监督管理，督促有关单位做好施工记录，密切关注可能出现的新问题，找出科学的解决方案，以确保文物安全和工程质量。工程完成后，备齐竣工材料，报省文物局组织验收。
　　　　此复。　　　　　　　　　　　　　　　　　　　　　　　　　         
 广东省文物局                   
 2016年9月18日","惠州市文化广电新闻出版局","组织机构代码00718799-8","","09-18-16","","省文化厅","正常",""
"粤文物审〔2016〕105号","设立文物商店审批","许可","粤文物审〔2016〕105号
深圳市国御文物有限公司：
    你公司申请从事文物购销经营业务的材料收悉。根据《中华人民共和国文物保护法》和国家有关文物经营管理的规定，同意你公司依法从事文物购销经营业务，经营范围和经营期限以我局核发的《文物经营许可证》所核定业务范围和经营期限的为准。                   
     广东省文物局                 
     2016年9月18日","深圳市国御文物有限公司","组织机构代码91440300MA5DFEE07G","颜锦鸿","09-18-16","","省文化厅","正常",""
"粤文物审〔2016〕104号","文物拍卖标的许可（服务事项）","许可","粤文物审〔2016〕104号
广东省古今拍卖有限公司：
    你公司提出计划于2016年4月24日在广州市越秀区文德北路68号东方文德广场二楼多功能厅举办“广东古今2016秋季艺术品拍卖会”的申请收悉。根据《中华人民共和国文物保护法》、《中华人民共和国拍卖法》有关规定和国家文物局《关于改进文物拍卖标的审核备案工作的通知》（办博函（2015）992号）的要求，以及广东省文物鉴定站的审核意见，现对该场拍卖会文物标的批复如下：一、拍品清单中有“★”标记号的64件标的属禁止出境物品，拍卖人须在拍卖图册上作出“★”号标记及文字说明，并在拍卖前明确告知竞买人。二、拍品清单中有“▲”标记号的84件标的属限制出境物品，拍卖人须在拍卖图册上作出“▲”标记及文字说明，经国家文物进出境审核机构办理出境手续后，方可从指定的口岸携运出境。    三、拍品中的瓷杂类图录号39、54、48、41等4件标的须撤拍（见广东省文物鉴定站《关于广东省古今拍卖有限公司〈广东古今2016秋艺术品拍卖会〉拍品的审核意见》所附清单中标注“X”号者）。四、拍品清单中的其他标的不属文物范畴。请依法向有关主管部门办理拍卖许可手续。五、请按此批复举办拍卖会，并在拍卖结束后30天内将拍卖记录报我局备案． 六、本批复不作为对上述标的品质及瑕疵等的认定．    七、本批复或批复文号须登载于拍卖图录或相应宣传品的显著位置。                                  
广东省文物局                      
2016年9月18日","广东省古今拍卖有限公司","组织机构代码23112931-1","许北强","09-18-16","","省文化厅","正常",""
"粤文市审〔2016〕580号","举办涉台和在非歌舞娱乐场所进行的涉外营业性演出审批","许可","粤文市审〔2016〕580号
广州韵雅文化传播有限公司：
    你单位涉外营业性演出申请悉。经审核，同意你单位邀请捷克共和国VEIS DANIEL、香港地区黄星烨、国内韦子健等一行20人，于2016年9月30日到广州正佳演艺剧院管理有限公司举办《丹尼尔维斯大提琴独奏音乐会》演出1场。  请你单位依照《营业性演出管理条例》及相关规定，持本批复向公安机关申报大型群众活动安全许可。同时，依法办理演员的签证、入境及演出备案手续，并配合执法人员做好演出现场的监管工作。
    此复。                         
广东省文化厅                      
2016年9月14日","广州韵雅文化传播i有限公司","组织机构代码05452647-0","柏蕾","09-14-16","","省文化厅","正常",""
"粤文市审〔2016〕579号","举办涉台和在非歌舞娱乐场所进行的涉外营业性演出审批","许可","粤文市审〔2016〕579号
深圳市艺田羽文化传播有限公司：
    你单位涉外营业性演出申请悉。经审核，同意你单位邀请斯洛伐克BARAN ANDREJ等一行4人，于2016年10月26日到深圳福田文化馆举办《“南国玫瑰”穆夏四重奏音乐会》演出1场。
　　请你单位依照《营业性演出管理条例》及相关规定，持本批复自觉办理演员签证入境及演出备案手续，并配合执法人员做好演出现场的监管工作。
    此复。                          
广东省文化厅                            
2016年9月14日","深圳市艺田羽文化传播有限公司","统一社会信用代码 91440300699059750H组织机构代码69905975-0","周贞羽","09-14-16","","省文化厅","正常",""
"粤文市审〔2016〕578号","举办涉台和在非歌舞娱乐场所进行的涉外营业性演出审批","许可","粤文市审〔2016〕578号
深圳市艺田羽文化传播有限公司：
　　你单位涉外营业性演出申请悉。经审核，同意你单位邀请西班牙塞维利亚弗拉门戈舞蹈团一行23人，于2016年10月1日到深圳福田文化馆举办西班牙塞维利亚弗拉门戈舞蹈团经典舞剧《卡门》演出1场。
　　请你单位依照《营业性演出管理条例》及相关规定，持本批复自觉办理演员签证入境及演出备案手续，并配合执法人员做好演出现场的监管工作。
    此复。                          
广东省文化厅                          
2016年9月14日","深圳市艺田羽文化传播有限公司","统一社会信用代码 91440300699059750H组织机构代码69905975-0","周贞羽","09-14-16","","省文化厅","正常",""
"粤文市审〔2016〕574号","举办涉台和在非歌舞娱乐场所进行的涉外营业性演出审批","许可","粤文市审〔2016〕574号
广州大剧院管理有限公司：
    你单位涉外营业性演出申请悉。经审核，同意你单位邀请瑞士CHAMOREL CHRISTIAN JAN、奥地利REAVZ ESTELLE，于2016年12月10日到广州大剧院举办《瑞士窗之韵三重奏音乐会》演出1场。
    请你单位依照《营业性演出管理条例》及相关规定，持本批复自觉办理演员签证入境及演出备案手续，并配合执法人员做好演出现场的监管工作。
    此复。                            
广东省文化厅                           
2016年9月13日","广州大剧院管理有限公司","组织机构代码55058846-X","张树新","09-13-16","","省文化厅","正常",""
"粤文市审〔2016〕573号","举办涉台和在非歌舞娱乐场所进行的涉外营业性演出审批","许可","粤文市审〔2016〕573号
东莞市保利玉兰大剧院管理有限公司：
    你单位涉外营业性演出申请悉。经审核，同意你单位邀请加拿大RIEU YANNICK等一行4人，于2016年12月13日到惠州文化艺术中心，12月14日到东莞玉兰大剧院举办《“奥斯卡？彼得森奖”亚尼克？瑞约-爵士风花雪月音乐会》演出共2场。
    请你单位依照《营业性演出管理条例》及相关规定，持本批复自觉办理签证入境及演出备案手续，并配合执法人员做好演出现场的监管工作。
    此复。                                                                           
广东省文化厅                                                
2016年9月13日","东莞市保利玉兰大剧院管理有限公司","统一社会信用代码91441900782957340U","陈晓飞","09-13-16","","省文化厅","正常",""
"粤文市审〔2016〕572号","举办涉台和在非歌舞娱乐场所进行的涉外营业性演出审批","许可","粤文市审〔2016〕572号
北京芝麻开文化传媒有限公司：
    你单位涉外营业性演出申请悉。经审核，同意你单位邀请加拿大ZHANG HAO TIAN，于2016年9月29日、30日到广州市少年宫蓓蕾剧院举办《2016爱他美“卓越启程”独奏音乐会》演出共2场。
　　请你单位依照《营业性演出管理条例》及相关规定，持本批复自觉办理演员签证入境及演出备案手续，并配合执法人员做好演出现场的监管工作。
    此复。                           
广东省文化厅                         
2016年9月13日","北京芝麻开文化传媒有限公司","统一社会信用代码91110116293882079U组织机构代码91110116593882079U","陈宁","09-13-16","","省文化厅","正常",""
"粤文市审〔2016〕571号","举办涉台和在非歌舞娱乐场所进行的涉外营业性演出审批","许可","粤文市审〔2016〕571号
北京世纪华鹏文化传媒有限公司：
    你单位涉外营业性演出申请悉。经审核，同意你单位邀请澳大利亚KRIPAC LENKA EDEN、美国LOCKERBIE III DONALD BRUCE等一行5人，于2016年12月14日到深圳音乐厅举办《澳洲音乐精灵Lenka2016音乐会》演出1场。
　　请你单位依照《营业性演出管理条例》及相关规定，持本批复自觉办理签证入境及演出备案手续，并配合执法人员做好演出现场的监管工作。
    此复。                           
广东省文化厅                         
2016年9月13日","北京世纪华鹏文化传媒有限公司","统一社会信用代码91110103794094669K组织机构代码91110101794094669K","汪鹏飞","09-13-16","","省文化厅","正常",""
"粤文市审〔2016〕570号","举办涉台和在非歌舞娱乐场所进行的涉外营业性演出审批","许可","粤文市审〔2016〕570号
广州艺扬文化传播有限公司：
    你单位涉外营业性演出申请悉。经审核，同意你单位邀请台湾地区张信哲、香港地区容祖儿、贝宁ABOHOUI COFFI LUC ALPHONSE、内地苏妙玲等一行27人，于2016年11月19日到佛山市岭南明珠体育馆参加《宝娜美业25周年盛典超级群星演唱会》演出1场。
　　请你单位依照《营业性演出管理条例》及相关规定，持本批复向公安机关申报大型群众活动安全许可。同时，依法办理演员签证、入境及演出备案手续，并配合执法人员做好演出现场的监管工作。
　  此复。　　　　　　　　                           
广东省文化厅                         
2016年9月13日","广州艺扬文化传播有限公司","统一社会信用代码9144011175779093NY组织机构代码75779093-X","戚国","09-13-16","","省文化厅","正常",""
"粤文市审〔2016〕569号","举办涉台和在非歌舞娱乐场所进行的涉外营业性演出审批","许可","粤文市审〔2016〕569号
北京大麦文化传播有限公司上海分公司：
    你单位涉外营业性演出申请悉。经审核，同意你单位邀请PROKHORENKO DEMIAN等一行6人,于2016年11月26日、27日到深圳市少年宫举办《Paper World(疯狂纸世界）》演出3场。
　　请你单位依照《营业性演出管理条例》及相关规定，持本批复自觉办理演员签证入境及演出备案手续，并配合执法人员做好演出现场的监管工作。
    此复。                           
广东省文化厅                         
2016年9月13日","北京大麦文化传播有限公司","统一社会信用代码9130102305964204270","曹杰","09-13-16","","省文化厅","正常",""
"粤文市审〔2016〕568号","举办涉台和在非歌舞娱乐场所进行的涉外营业性演出审批","许可","粤文市审〔2016〕568号
东莞市保利玉兰大剧院管理有限公司：
    你单位营业性演出申请悉。经审核，同意你单位邀请台湾地区李元太、内地宗俊涛等一行16人，于2016年11月25日到惠州文化艺术中心、11月27日到东莞玉兰大剧院举办话剧《圆环物语》演出1场。
　　请你单位依照《营业性演出管理条例》及相关规定，持本批复自觉办理演员入境及演出备案手续，并配合执法人员做好演出现场的监管工作。
    此复。                           
广东省文化厅                          
2016年9月13日","东莞市保利玉兰大剧院管理有限公司","统一社会信用代码9144900782957340U","陈晓飞","09-13-16","","省文化厅","正常",""
"粤文市审〔2016〕567号","举办涉台和在非歌舞娱乐场所进行的涉外营业性演出审批","许可","粤文市审〔2016〕567号
深圳大剧院运营管理有限责任公司：
    你单位涉外营业性演出申请悉。经审核，同意你单位邀请保加利亚VASSILEV BOJIDAR VASSILEV、国内深圳大剧院爱乐乐团等一行62人，于2016年12月31日到深圳大剧院举办《深圳大剧院爱乐乐团2017新年音乐会》演出1场。
　　请你单位依照《营业性演出管理条例》及相关规定，持本批复自觉办理签证入境及演出备案手续，并配合执法人员做好演出现场的监管工作。
    此复。                            
广东省文化厅                         
2016年9月13日","深圳大剧院运营管理有限责任公司","组织机构代码 440300557155560","郑文霞","09-13-16","","省文化厅","正常",""
"粤文市审〔2016〕564号","举办涉台和在非歌舞娱乐场所进行的涉外营业性演出审批","许可","粤文市审〔2016〕564号
东莞市保利玉兰大剧院管理有限公司：
    你单位涉外营业性演出申请悉。经审核，同意你单位邀请巴黎木十字男童合唱团一行28人，于2016年11月17日到东莞玉兰大剧院举办《巴黎木十字男童合唱团音乐会》演出1场。
　　请你单位依照《营业性演出管理条例》及相关规定，持本批复自觉办理签证入境及演出备案手续，并配合执法人员做好演出现场的监管工作。
    此复。                                                    
广东省文化厅                       
2016年9月9日","东莞市保利玉兰大剧院管理有限公司","统一社会信用代码91441900782957340U","陈晓飞","09-09-16","","省文化厅","正常",""
"粤文市审〔2016〕563号","举办涉台和在非歌舞娱乐场所进行的涉外营业性演出审批","许可","粤文市审〔2016〕563号
中山市文化艺术中心：
　　你单位涉外营业性演出申请悉。经审核，同意你单位邀请德国斯图加特交响乐团一行68人，于2016年12月31日到中山市文化艺术中心举办《2017年中山市新年音乐会》演出1场。
　　请你单位依照《营业性演出管理条例》及相关规定，持本批复自觉办理签证入境及演出备案手续，并配合执法人员做好演出现场的监管工作。
    此复。　　　　　　　　                          
 广东省文化厅                         
 2016年9月9日","中山市文化艺术中心","统一社会信用代码12442000776907128A","关越强","09-09-16","","省文化厅","正常",""
"粤文市审〔2016〕562号","举办涉台和在非歌舞娱乐场所进行的涉外营业性演出审批","许可","粤文市审〔2016〕562号
深圳市保利剧院演出经营有限公司：
    你单位涉外营业性演出申请悉。经审核，同意你单位邀请俄罗斯AMOSOV EVGENY等一行45人，于2017年1月3日、4日到深圳市保利剧院举办《天鹅湖》演出2场。　　  请你单位依照《营业性演出管理条例》及相关规定，持本批复自觉办理签证入境及演出备案手续，并配合执法人员做好演出现场的监管工作。
    此复。　　　　　　　　                           
广东省文化厅                         
2016年9月9日","深圳市保利剧院演出经营有限公司","","任伟","09-09-16","","省文化厅","正常",""
"粤文市审〔2016〕561号","举办涉台和在非歌舞娱乐场所进行的涉外营业性演出审批","许可","粤文市审〔2016〕561号
深圳市众森文化传播有限公司：
    你单位营业性演出申请悉。经审核，同意你单位邀请台湾地区卢羿安、丁律妏于2016年1月、2日到深圳华侨城房地产有限公司（创意文化园C2栋展厅音乐厅）举办《台湾2名乐队演出》1场。
　　请你单位依照《营业性演出管理条例》及相关规定，持本批复向公安机关申报大型群众活动安全许可。同时，依法办理签证入境及演出备案手续，并配合执法人员做好演出现场的监管工作。
    此复。                            
广东省文化厅                          
2016年9月9日","深圳市众森文化传播有限公司","组织机构代码56150244-9","王莹霓","09-09-16","","省文化厅","正常",""
"粤文市审〔2016〕560号","举办涉台和在非歌舞娱乐场所进行的涉外营业性演出审批","许可","粤文市审〔2016〕560号
广州大剧院管理有限公司：
    你单位涉外营业性演出申请悉。经审核，同意你单位邀请韩国郑京和，于2016年11月9日到广州大剧院举办《郑京和演艺全本巴赫无伴奏小提琴舞曲与鸣奏曲》演出1场。
　　请你单位依照《营业性演出管理条例》及相关规定，持本批复自觉办理签证入境及演出备案手续，并配合执法人员做好演出现场的监管工作。
    此复。　　　　                           
广东省文化厅                         
2016年9月9日","广州大剧院管理有限公司","组织机构代码55058846-X","张树新","09-09-16","","省文化厅","正常",""
"粤文市审〔2016〕559号","举办涉台和在非歌舞娱乐场所进行的涉外营业性演出审批","许可","粤文市审〔2016〕559号
北京春秋永乐文化传播股份有限公司：
    你单位涉外营业性演出申请悉。经审核，同意你单位邀请我国李宇春、美国BROWN SHAW DARIUS STEPHON、台湾地区陈富元、香港地区黄竣琮等一行22人，于2016年9月24日到深圳湾体育中心举办《2016李宇春中国巡回演唱会》演出1场。
　　请你单位依照《营业性演出管理条例》及相关规定，持本批复向公安机关申报大型群众活动安全许可。同时，依法办理演员签证入境及演出备案手续，并配合执法人员做好演出现场的监管工作。
    此复。　　　　                          
广东省文化厅                          
2016年9月8日","北京春秋永乐文化传播有限公司","统一社会信用代码 91110101747516259H","杨波","09-08-16","","省文化厅","正常",""
"粤文市审〔2016〕558号","举办涉台和在非歌舞娱乐场所进行的涉外营业性演出审批","许可","粤文市审〔2016〕558号
深圳市盛世子曰文化传播有限公司：
    你单位涉外营业性演出申请悉。经审核，同意你单位邀请韩国YOON DOWOON等一行5人，于2016年10月29日到中央车站展演中心举办《2016DAY6广州见面会》演出1场。
　　请你单位依照《营业性演出管理条例》及相关规定，持本批复自觉办理签证入境及演出备案手续，并配合执法人员做好演出现场的监管工作。
    此复。                           
广东省文化厅                         
2016年9月8日","深圳市盛世子曰文化传播有限公司","","王晓波","09-08-16","","省文化厅","正常",""
"粤文美出〔2016〕22号","美术品出口审批","许可","广东省美术品进出口准予许可决定
 文号：粤文美出〔2016〕22号批准事项
 1.一般美术品进出口经营活动：进口□    出口√2.涉外商业性美术品展览活动：举办□    变更□             （具体变更项：时间□场地□作品□）进出口代理公司 北京宝丽艺术品展览服务有限公司公司地址 北京市朝阳区酒仙桥乙21号朝阳佳丽饭店内B83-2室联 系 人 袁宝迎联系电话     及通信地址 13910062879北京市朝阳区望京国风上观619-802原进/出口单位（个人） 秦祥洲 联系电话 13729046023进/出口主要国家或地区 香港特别行政区 进/出口报关口岸 广州白云机场展览地点 用途为展览的填写 展览时间 用途为展览的填写美术品类别及数量 绘画1件审批机关盖章   同意该公司向香港特别行政区出口绘画作品1件。
2016年9月8日","北京宝丽艺术品展览服务有限公司","统一社会信用代码
91110105080472672T
组织机构代码08047267-2","付丽慧","09-08-16","","省文化厅","正常",""
"粤文美出〔2016〕21号","美术品出口审批","许可","广东省美术品进出口准予许可决定
 文号：粤文美出〔2016〕21号批准事项
 1.一般美术品进出口经营活动：进口□    出口√2.涉外商业性美术品展览活动：举办□    变更□             （具体变更项：时间□场地□作品□）进出口代理公司 东莞市聚海进出口有限公司公司地址 东莞市南城区鸿福路200号第一国际F座1415室联 系 人 杨中华联系电话     及通信地址 13556681081东莞市南城区鸿福路200号第一国际F座1415室原进/出口单位（个人） 东莞市聚海进出口有限公司 联系电话 13556681081进/出口主要国家或地区 香港特别行政区 进/出口报关口岸 深圳皇岗口岸展览地点 用途为展览的填写 展览时间 用途为展览的填写美术品类别及数量 绘画9件审批机关盖章   同意该公司向香港特别行政区出口绘画作品9件。
2016年9月8日","东莞市聚海进出口有限公司","统一社会信用代码914419000537217093组织机构代码053721709","胡长康","09-08-16","","省文化厅","正常",""
"粤文美进〔2016〕48号","美术品出口审批","许可","广东省美术品进出口准予许可决定文号：粤文美进〔2016〕48号
批准事项 1.一般美术品进出口经营活动：进口√    出口□2.涉外商业性美术品展览活动：举办□    变更□             （具体变更项：时间□场地□作品□）进出口代理公司 深圳美艺艺术服务有限公司公司地址 深圳市福田南路7号皇城广场915室联 系 人 杨开文联系电话     及通信地址 15099943499深圳市福田南路7号皇城广场915室原进/出口单位（个人） 深圳美艺艺术服务有限公司 联系电话 15099943499进/出口主要国家或地区 香港特别行政区 进/出口报关口岸 广州机场口岸展览地点 用途为展览的填写 展览时间 用途为展览的填写美术品类别及数量 摄影1件审批机关盖章   同意该公司从香港特别行政区进口1件摄影作品。
2016年9月8日","深圳美艺艺术服务有限公司","统一社会信用代码91440300349892986W组织机构代码91440300349895986W","杨开文","09-08-16","","省文化厅","正常",""
"粤文物审〔2016〕103号","省级文物保护单位文物保护工程许可","许可","粤文物审〔2016〕103号
汕头市文广新局：
    《关于审定省级文物保护单位潮海关旧址（华员低级帮办宿舍）修缮工程设计方案的请示》（汕文广新〔2016〕135号）收悉。根据国家有关文物保护工程管理的规定，经审核，原则同意所报修缮工程设计方案。
    在施工过程中，如果遇到勘察设计方案中的未尽事宜，由设计单位修改、完善，并由你局组织3名以上省文物保护专家委员会的相关专业委员对方案进行审核通过后实施，并报省文物局备案；如需变更重要设计内容，须按法定程序履行报批手续。    建设单位应依法选定该项文物保护工程的施工、监理单位，并将选定的施工、监理单位及项目负责人情况报省文物局备案。
    请你局加强对工程的监督管理，督促有关单位做好施工记录，密切关注可能出现的新问题，找出科学的解决方案，以确保 文物安全和工程质量。工程完成后，备齐竣工材料，报省文物局组织验收。                            
广东省文物局                           
2016年9月8日","汕头市文化广电新闻出版局","组织机构代码00699759—3","","09-08-16","","省文化厅","正常",""
"粤文物审〔2016〕102号","需进行文物考古调查、勘探与发掘的大型基本建设工程审批","许可","粤文物审〔2016〕102号
韶关市曲江区博物馆：
   由广东省文物考古研究所承担的韶关市曲江区珠影星光城工程项目用地范围内的文物考古调查、勘探工作已完成。根据广东省文物考古研究所《韶关市曲江区珠影星光城工程项目文物考古调查勘探工作报告》和当地文物行政部门意见，项目用地范围内未发现需要进一步考古发掘或原址保护的文化遗存。同意在已完成文物考古调查、勘探的项目建设用地范围内进行工程建设。施工过程中若有新的文物发现，请及时通知当地文物行政主管部门处理。
   特此通知。                           
广东省文物局                           
2016年9月8日","韶关市曲江区博物馆","组织机构代码12440205G18487933","","09-08-16","","省文化厅","正常",""
"粤文市审〔2016〕557号","举办涉台和在非歌舞娱乐场所进行的涉外营业性演出审批","许可","粤文市审〔2016〕557号
广州交响乐团：
    你团涉外营业性演出申请悉。经审核，同意你团于2016年11月10日在广东省星海音乐厅举办广州交响乐团2016/2017音乐季音乐会，并邀请美国TREVINO ROBERT ANDREZ、德国BARENBOIM MICHAEL等参与演出1场。
    请你单位依照《营业性演出管理条例》及相关规定，持本批复自觉办理签证入境及演出备案手续，并配合执法人员做好演出现场的监管工作。
    此复。                             
广东省文化厅                         
2016年9月8日","广州交响乐团","组织机构代码45586097-1","陈擎","09-08-16","","省文化厅","正常",""
"粤文市审〔2016〕556号","举办涉台和在非歌舞娱乐场所进行的涉外营业性演出审批","许可","粤文市审〔2016〕556号
广州三和鼎立文化发展有限公司：
　　你单位涉外营业性演出申请悉。经审核，同意你单位邀请美国关诗敏、台湾地区黄迈可、香港地区傅超华、内地刘文杰等一行6人，于2016年9月30日到广州白云国际会议中心举办《“全民力量信福中国”东鹏明星签售音乐节》演出1场。
　　请你单位依照《营业性演出管理条例》及相关规定，持本批复自觉办理演员签证入境及演出备案手续，并配合执法人员做好演出现场的监管工作。
    此复。                             
广东省文化厅                         
2016年9月8日","广州三和鼎立文化发展有限公司","统一社会信用代码
91440111786098926E
组织机构代码91440111786098926E","李坚","09-08-16","","省文化厅","正常",""
"粤文市审〔2016〕555号","举办涉台和在非歌舞娱乐场所进行的涉外营业性演出审批","许可","粤文市审〔2016〕555号
深圳音乐厅运营管理有限责任公司：
    你单位涉外营业性演出申请悉。经审核，同意你单位邀请德国慕尼黑室内乐团一行27人，于2016年11月5日到深圳音乐厅举办《萨宾梅耶与慕尼黑室内乐团音乐会》演出1场。
    请你单位依照《营业性演出管理条例》及相关规定，持本批复自觉办理签证入境及演出备案手续，并配合执法人员做好演出现场的监管工作。
    此复。                           
广东省文化厅                         
2016年9月8日","深圳音乐厅运营管理有限责任公司","","郭肖兰","09-08-16","","省文化厅","正常",""
"粤文市审〔2016〕554号","举办涉台和在非歌舞娱乐场所进行的涉外营业性演出审批","许可","粤文市审〔2016〕554号
广州大剧院管理有限公司：
    你单位涉外营业性演出申请悉。经审核，同意你单位邀请坡梦想家私人邮箱演出制作公司一行66人日，于2016年11月18日至12月2日到广州大剧院举办音乐节《罗密欧与朱丽叶》演出17场。
    请你单位依照《营业性演出管理条例》及相关规定，持本批复自觉办理演员签证入境及演出备案手续，并配合执法人员做好演出现场的监管工作。
    此复。                           
广东省文化厅                        
2016年9月8日","广州大剧院管理有限公司","组织机构代码
55058846-X","张树新","09-08-16","","省文化厅","正常",""
"粤文市审〔2016〕553号","举办涉台和在非歌舞娱乐场所进行的涉外营业性演出审批","许可","粤文市审〔2016〕553号
省演出有限公司：
    你单位营业性演出申请悉。经审核，同意你单位邀请荷兰LEENHOUTS TOM、美国DUBOIS SUSAN LYNN等一行5人，于2016年9月26日、27日到广东省星海音乐厅举办2016广州艺术节暨《巴洛克专场音乐会》演出2场。
    请你单位依照《营业性演出管理条例》及相关规定，持本批复自觉办理签证入境及演出备案手续，并配合执法人员做好演出现场的监管工作。
    此复。                           
广东省文化厅                         
2016年9月8日","广东省演出有限公司","","王炜","09-08-16","","省文化厅","正常",""
"粤文市审〔2016〕552号","举办涉台和在非歌舞娱乐场所进行的涉外营业性演出审批","许可","粤文市审〔2016〕552号
深圳市红鼓演出有限公司：
    你单位营业性演出申请悉。经审核，同意你单位邀请台湾地区张宇，于2016年9月11日到惠州碧桂园十里银滩学校参加《碧桂园大东园上城发布会暨明星见面会》演出1场。
　　请你单位依照《营业性演出管理条例》及相关规定，持本批复向公安机关申报大型群众活动安全许可。同时，依法办理演员的签证入境及演出备案手续，并配合执法人员做好演出现场的监管工作。
    此复。                            
广东省文化厅                         
2016年9月8日","深圳市红鼓演出有限公司","统一社会信用代码
91440300782795724W
组织机构代码782795724","沈少河","09-08-16","","省文化厅","正常",""
"粤文市审〔2016〕551号","举办涉台和在非歌舞娱乐场所进行的涉外营业性演出审批","许可","粤文市审〔2016〕551号
珠海华发文化传播有限公司：
　　你单位涉外营业性演出申请悉。经审核，同意你单位邀请加拿大ZHAO YIN YIN、香港地区林忆莲等一行5人，于2016年9月24日到珠海华发中演剧院举办《华发·悦府之夜——“声悦琴鸣 巨匠音乐会”》演出1场。
　　请你单位依照《营业性演出管理条例》及相关规定，持本批复自觉办理签证入境及演出备案手续，并配合执法人员做好演出现场的监管工作。
    此复。　　　　　　　　                         
广东省文化厅                         
2016年9月8日","珠海华发文化传播有限公司","统一社会信用代码914404007829518544","郭云飞","09-08-16","","省文化厅","正常",""
"粤文市审〔2016〕550号","举办涉台和在非歌舞娱乐场所进行的涉外营业性演出审批","许可","粤文市审〔2016〕550号
深圳市盛世子曰文化传播有限公司：
    你单位营业性演出申请悉。经审核，同意你单位邀请台湾地区刘谦、香港地区邓紫棋，于2016年9月16日到深圳福田香格里拉大酒店举办《潮奢生活发布会》演出1场。　　
请你单位依照《营业性演出管理条例》及相关规定，持本批复向公安机关申报大型群众活动安全许可。同时，依法办理入境及演出备案手续，并配合执法人员做好演出现场的监管工作。
    此复。                           
广东省文化厅                         
2016年9月8日","深圳市盛世子曰文化传播有限公司","","王晓波","09-08-16","","省文化厅","正常",""
