"企业名称","所属地区","所属类别"
"广州汽车集团乘用车有限公司","广州","服务型制造类"
"广州广日电梯工业有限公司","广州","服务型制造类"
"广州广汽荻原模具冲压有限公司","广州","服务型制造类"
"广州珠江啤酒股份有限公司","广州","服务型制造类"
"广汽丰田汽车有限公司","广州","服务型制造类"
"广州江河幕墙系统工程有限公司","广州","服务型制造类"
"广州海格通信集团股份有限公司","广州","服务型制造类"
"广州广电运通金融电子股份有限公司","广州","服务型制造类"
"广州红谷皮具有限公司","广州","服务型制造类"
"广州大运摩托车有限公司","广州","服务型制造类"
"广州市宝比万象科技有限公司","广州","服务型制造类"
"东方国际集装箱（广州）有限公司","广州","服务型制造类"
"广州市百利文仪实业有限公司","广州","服务型制造类"
"广州品聚网络科技股份有限公司","广州","服务型制造类"
"广州采芝林药业有限公司","广州","服务型制造类"
"广州工业发展集团有限公司","广州","生产服务类"
"广州市广百物流有限公司","广州","生产服务类"
"广州华新商贸有限公司","广州","生产服务类"
"广州卓志供应链科技股份有限公司","广州","生产服务类"
"风神物流有限公司","广州","生产服务类"
"广州市嘉诚国际物流股份有限公司","广州","生产服务类"
"广州发展能源物流集团有限公司","广州","生产服务类"
"广州合捷国际供应链有限公司","广州","生产服务类"
"广汽丰田物流有限公司","广州","生产服务类"
"广州天图物流股份有限公司","广州","生产服务类"
"广州中联环宇货业储运有限公司","广州","生产服务类"
"广州和力物流有限公司","广州","生产服务类"
"广州怀远物流实业有限公司","广州","生产服务类"
"广州穗通金融服务有限公司","广州","生产服务类"
"广州原尚物流股份有限公司","广州","生产服务类"
"广东塑料交易所股份有限公司","广州","生产服务类"
"广东远成快运有限公司","广州","生产服务类"
"广汽丰通物流有限公司","广州","生产服务类"
"深南电路股份有限公司","深圳","服务型制造类"
"深圳市鸿富锦精密（工业）深圳有限公司","深圳","服务型制造类"
"深圳市怡亚通供应链股份有限公司","深圳","生产服务类"
"深圳市普路通供应链管理股份有限公司","深圳","生产服务类"
"深圳市朗华生产服务类有限公司","深圳","生产服务类"
"深圳市飞马国际供应链股份有限公司","深圳","生产服务类"
"深圳市创捷供应链有限公司","深圳","生产服务类"
"深圳市东方嘉盛供应链股份有限公司","深圳","生产服务类"
"深圳市九立供应链股份有限公司","深圳","生产服务类"
"深圳市海格物流股份有限公司","深圳","生产服务类"
"深圳市润泰供应链管理有限公司","深圳","生产服务类"
"品鑫泰供应链（深圳）有限公司","深圳","生产服务类"
"深圳市路迪斯达供应链管理有限公司","深圳","生产服务类"
"深圳市信利康供应链管理有限公司","深圳","生产服务类"
"顺丰速运有限公司","深圳","生产服务类"
"深圳市越海全球物流有限公司","深圳","生产服务类"
"深圳市中兴供应链有限公司","深圳","生产服务类"
"深圳市深国际华南物流有限公司","深圳","生产服务类"
"深圳市汇联丰供应链管理有限公司","深圳","生产服务类"
"星利源商贸物流有限公司","深圳","生产服务类"
"珠海名家生活空间建材有限公司","珠海","服务型制造类"
"珠海港达供应链管理有限公司","珠海","生产服务类"
"珠海宝运通供应链管理有限公司","珠海","生产服务类"
"金发拉比妇婴童用品股份有限公司","汕头","服务型制造类"
"广东辉源机械股份有限公司","汕头","服务型制造类"
"星辉互动娱乐股份有限公司","汕头","服务型制造类"
"广东柏亚供应链有限公司","汕头","生产服务类"
"广东志高空调有限公司","佛山","服务型制造类"
"广东好帮手电子科技股份有限公司","佛山","服务型制造类"
"佛山唯尚家具制造有限公司","佛山","服务型制造类"
"佛山市佛航物流集团有限公司","佛山","生产服务类"
"广东康绿宝科技实业有限公司","韶关","服务型制造类"
"新丰也乐化学工业制造有限公司","韶关","服务型制造类"
"韶关市顺昌布厂有限公司","韶关","服务型制造类"
"广东自由能实业科技公司","韶关","服务型制造类"
"广东雪印商贸实业有限公司","韶关","生产服务类"
"广东汉能薄膜太阳能有限公司","河源","服务型制造类"
"TCL王牌电器（惠州）有限公司","惠州","服务型制造类"
"TCL通力电子（惠州）有限公司","惠州","服务型制造类"
"惠州华阳通用电子有限公司","惠州","服务型制造类"
"德赛西威汽车电子股份有限公司","惠州","服务型制造类"
"惠州高盛达科技有限公司","惠州","服务型制造类"
"广东金易科技股份有限公司","惠州","服务型制造类"
"惠州普元数码电子有限公司","惠州","服务型制造类"
"惠州市金百泽电路科技有限公司","惠州","服务型制造类"
"惠州酷友网络科技有限公司","惠州","生产服务类"
"顺风速运（惠州）有限公司","惠州","生产服务类"
"惠州市展鸿实业发展有限公司","惠州","生产服务类"
"惠州市酷尾巴服饰有限公司","惠州","生产服务类"
"广东东立商贸有限公司","惠州","生产服务类"
"上港物流（惠州）有限公司","惠州","生产服务类"
"广东银鹏动力设备有限公司","汕尾","服务型制造类"
"汕尾市利群农业食品有限公司","汕尾","服务型制造类"
"汕尾高峰科特纸业股份有限公司","汕尾","服务型制造类"
"广东新彩科技有限公司","汕尾","服务型制造类"
"东莞熙隆电子科技有限公司","东莞","服务型制造类"
"东莞市百茂实业投资有限公司","东莞","生产服务类"
"明阳风电产业集团有限公司","中山","服务型制造类"
"华帝股份有限公司","中山","服务型制造类"
"中山榄菊日化实业有限公司","中山","服务型制造类"
"中荣印刷集团有限公司","中山","服务型制造类"
"中山市琪朗灯饰厂有限公司","中山","服务型制造类"
"达能（中国）食品有限公司","中山","服务型制造类"
"中山市明阳电器有限公司","中山","服务型制造类"
"中山市福瑞卫浴设备有限公司","中山","服务型制造类"
"广东九州通医药有限公司","中山","生产服务类"
"中山市物资集团有限公司","中山","生产服务类"
"李锦记（新会）食品有限公司","江门","服务型制造类"
"广东大冶摩托车技术有限公司","江门","服务型制造类"
"广东嘉士利食品集团有限公司","江门","服务型制造类"
"广明源光科技股份有限公司","江门","服务型制造类"
"广东迪力生汽配股份有限公司","江门","服务型制造类"
"金羚电器有限公司","江门","服务型制造类"
"广东安捷供应链管理股份有限公司","江门","生产服务类"
"广东世联供应链管理有限公司","阳江","生产服务类"
"宝钢湛江钢铁有限公司","湛江","服务型制造类"
"广东南国药业有限公司","湛江","服务型制造类"
"湛江港国际集装箱码头有限公司","湛江","生产服务类"
"广东信澳化肥有限公司","茂名","服务型制造类"
"茂名市环宇实业发展有限公司","茂名","生产服务类"
"广东鸿泰科技股份有限公司","肇庆","服务型制造类"
"欧文斯（肇庆）玻璃容器有限公司","肇庆","服务型制造类"
"广东达利食品有限公司","肇庆","服务型制造类"
"肇庆皓明有机硅材料有限公司","肇庆","服务型制造类"
"肇庆蓝带啤酒有限公司","肇庆","服务型制造类"
"广东邦健医药连锁有限公司","肇庆","生产服务类"
"唯品会（肇庆）电子商务有限公司","肇庆","生产服务类"
"潮州市创佳电子有限公司","潮州","服务型制造类"
"广东恒洁卫浴有限公司","潮州","服务型制造类"
"广东伯林陶瓷实业有限公司","潮州","服务型制造类"
"广东四通集团股份有限公司","潮州","服务型制造类"
"康美药业股份有限公司","揭阳","服务型制造类"
"广东美的制冷设备有限公司","佛山顺德","服务型制造类"
"广东精艺金属股份有限公司","佛山顺德","服务型制造类"
"佛山市樱顺卫厨用品有限公司","佛山顺德","服务型制造类"
"欧浦智网股份有限公司","佛山顺德","生产服务类"
"广东艾诗凯奇智能科技有限公司","佛山顺德","生产服务类"
"广东省华大物流总公司","广东省属","生产服务类"
"佛山高明珠江货运码头有限公司","广东省属","生产服务类"
"广东省药品交易中心有限公司","广东省属","生产服务类"
