"试点单位名称","所属地市","试点创新方向","创新模式名称","年份"
"广东旭龙物联科技股份有限公司","广州","实现资源共享协同的生产组织创新","本体条码（DPM）识别技术在制造型企业协同管理的应用","2016"
"广东麦斯卡体育股份有限公司","广州","实现资源共享协同的生产组织创新","麦斯卡供应链管理系统2.0","2016"
"广州市玄武无线科技股份有限公司","广州","实现资源共享协同的生产组织创新","基于移动互联网的制造业供应链协同营销云服务平台","2016"
"广州白云山和记黄埔中药有限公司","广州","实现资源共享协同的生产组织创新","药品采产供协同电子商务信息平台建设","2016"
"国光电器股份有限公司","广州","实现资源共享协同的生产组织创新","创建国光移动互联网与生产组织的高效协同平台","2016"
"广州华凌制冷设备有限公司","广州","实现资源共享协同的生产组织创新","“互联网+”智能制造及业务流程集成创新","2016"
"广东睿哲网络科技有限公司","广州","实现资源共享协同的生产组织创新","互联网+综合内容发布平台","2016"
"深圳浩宁达仪表股份有限公司","深圳","实现资源共享协同的生产组织创新","供应链云平台互联","2016"
"珠海方正科技高密电子有限公司","珠海","实现资源共享协同的生产组织创新","珠海方正科技高密电子PCB智能工厂构建","2016"
"珠海天威飞马打印耗材有限公司","珠海","实现资源共享协同的生产组织创新","充分利用互联网+优势打造快速研发和基于物联网的智能制造的能力","2016"
"佛山欧神诺陶瓷股份有限公司","佛山","实现资源共享协同的生产组织创新","建筑陶瓷企业互联网与工业融合创新营运系统建设","2016"
"广东肯富来泵业股份有限公司","佛山","实现资源共享协同的生产组织创新","互联网+装备用泵数字化设计创新示范","2016"
"佛山佛塑科技集团股份有限公司","佛山","实现资源共享协同的生产组织创新","佛塑科技基于“互联网+”智能制造方案","2016"
"新东海（佛山）五金电器制造有限公司","佛山","实现资源共享协同的生产组织创新","基于互联网技术的电热水壶智能化生产与运营管理的研究及应用","2016"
"惠州大亚湾光弘科技电子有限公司","惠州","实现资源共享协同的生产组织创新","互联网为管道依托的自动化、信息化智能制造","2016"
"TCL王牌电器（惠州）有限公司","惠州","实现资源共享协同的生产组织创新","互联网彩电工业智能制造融合创新","2016"
"汕尾万盛针织时装有限公司","汕尾","实现资源共享协同的生产组织创新","基于互联网区域协同制造中心","2016"
"东莞市国丰粮油有限公司","东莞","实现资源共享协同的生产组织创新","面向互联网的小麦加工全流程信息融合管理平台的开发与应用研究","2016"
"广东肇庆动力金属股份有限公司","肇庆","实现资源共享协同的生产组织创新","汽车关键零部件精密铸造智能化升级技术改造","2016"
"广东四会互感器厂有限公司","肇庆","实现资源共享协同的生产组织创新","互联网与干式变压器智能制造的深度融合","2016"
"广东伯林陶瓷实业有限公司","潮州","实现资源共享协同的生产组织创新","基于互联网的陶瓷生产运营管理模式创新平台","2016"
"揭阳市顺星不锈钢实业有限公司","揭阳","实现资源共享协同的生产组织创新","实现按需配置、高效协同的研、供、产、销型企业","2016"
"白云山威灵药业有限公司","揭阳","实现资源共享协同的生产组织创新","基于物联网技术的全流程协同管控创新平台建设","2016"
"广东富利盛仿生机器人股份有限公司","揭阳","实现资源共享协同的生产组织创新","广东富利盛高科技仿生男女智能机器人规模化个性定制制造创新模式","2016"
"金发科技股份有限公司","广州","满足个性需求的制造模式创新","基于定制高分子材料的智能互联网一体化平台建设","2016"
"广州尚品宅配家居股份有限公司","广州","满足个性需求的制造模式创新","家居产业“互联网+智能制造”新商业模式（C2B+O2O）建设","2016"
"广州立白（番禺）有限公司","广州","满足个性需求的制造模式创新","日化产品全自动智能包装线研发及应用技术改造项目","2016"
"欧派家居集团股份有限公司","广州","满足个性需求的制造模式创新","基于互联网个性化定制的全屋家居设计、销售、制造一体化融合创新体系","2016"
"广东凯迪服饰有限公司","汕头","满足个性需求的制造模式创新","个性居家服智能健康穿戴需求定制创新模式","2016"
"广东朝野科技有限公司","佛山","满足个性需求的制造模式创新","朝野全球专业电视定制系统开发应用","2016"
"河源市源日通能源有限公司","河源","满足个性需求的制造模式创新","基于“互联网+”的高效智能化太空能热水器个人定制及智能制造系统","2016"
"潮州市创佳电子有限公司","潮州","满足个性需求的制造模式创新","基于互联网的定制化智能电视的制造","2016"
"广州白云山医药集团股份有限公司","广州","支撑智能绿色的生产运营创新","广药白云山医药大数据应用分析平台建设","2016"
"广州亿航智能技术有限公司","广州","支撑智能绿色的生产运营创新","“互联网+无人机”的应用领域开拓","2016"
"广东智光用电投资有限公司","广州","支撑智能绿色的生产运营创新","电力需求侧线下用电服务及智能用电云平台项目","2016"
"互太（番禺）纺织印染有限公司","广州","支撑智能绿色的生产运营创新","基于物联网的纺织印染企业智能生产与管理平台","2016"
"广州七喜集团有限公司","广州","支撑智能绿色的生产运营创新","基于物联网技术的健康管理终端及平台研发和产业化","2016"
"广州福耀玻璃有限公司","广州","支撑智能绿色的生产运营创新","汽配互联网+智造平台","2016"
"广州酷车商务服务有限公司","广州","支撑智能绿色的生产运营创新","酷车会——打造全生态产业链","2016"
"广东兴发铝业有限公司","广州","支撑智能绿色的生产运营创新","基于互联网技术的智慧型能源监控管理平台建设","2016"
"南海油脂（赤湾）有限公司","深圳","支撑智能绿色的生产运营创新","高效精准的大数据分析，智能决策能耗成本的监控和诊断能力","2016"
"深圳市汇晨电子股份有限公司","深圳","支撑智能绿色的生产运营创新","LED背光源智能自动化信息化生产集成系统","2016"
"星辉互动娱乐股份有限公司","汕头","支撑智能绿色的生产运营创新","基于工业物联网的智能自动化集成创新","2016"
"广东菲安妮皮具股份有限公司","惠州","支撑智能绿色的生产运营创新","FION 皮具生产销售管理信息化系统","2016"
"广东东鹏控股股份有限公司","清远","支撑智能绿色的生产运营创新","基于互联网的建陶生产销售协同经营管理新模式","2016"
"清远市精旺环保设备有限公司","清远","支撑智能绿色的生产运营创新","精旺-智能云，工业锅炉行业实时监控系统","2016"
"广东科达洁能股份有限公司","顺德区","支撑智能绿色的生产运营创新","陶瓷装备智能服务平台建设","2016"
"佛山隆深机器人有限公司","顺德区","支撑智能绿色的生产运营创新","基于工业机器人的智能检测及远程管理项目","2016"
"广州新科佳都科技有限公司","广州","提升用户体验的产品及营销模式创新","基于移动互联网与云计算的新型自动售检票系统研发及产业化","2016"
"广东车海洋环保科技有限公司","广州","提升用户体验的产品及营销模式创新","车联网云服务平台+智能洗车机","2016"
"广东芬尼科技股份有限公司","广州","提升用户体验的产品及营销模式创新","家用空气能热水器营销互联网化+精益生产","2016"
"广州互动派传媒科技股份有限公司","广州","提升用户体验的产品及营销模式创新","面向制造业的社会化营销平台的研发及产业化","2016"
"广州泽拓信息科技有限公司","广州","提升用户体验的产品及营销模式创新","互联网+食品药品可溯源大数据公共服务平台","2016"
"深圳市彬讯科技有限公司","深圳","提升用户体验的产品及营销模式创新","基于3D虚拟展示的家居装修生态服务体系","2016"
"深圳市珂莱蒂尔服饰有限公司","深圳","提升用户体验的产品及营销模式创新","基于互联网的着装风格诊断及服装个性化定制项目","2016"
"广东百事泰电子商务股份有限公司","深圳","提升用户体验的产品及营销模式创新","基于互联网平台的F2C跨境电子商务销售模式","2016"
"韶关市英诺维科技设备有限公司","韶关","提升用户体验的产品及营销模式创新","二维码智能锁应用于民宿领域 O2O 项目","2016"
"丰顺县培英电声有限公司","梅州","提升用户体验的产品及营销模式创新","汽车音响自主品牌互联网创新营销模式","2016"
"广东斯特林医疗器械有限责任公司","中山","提升用户体验的产品及营销模式创新","基于物联网技术的防遗留手术纱布及其智能管理平台","2016"
"云浮市科特机械有限公司","云浮","提升用户体验的产品及营销模式创新","石材大板在互联网上营销创新模式","2016"
"广东小熊电器有限公司","顺德区","提升用户体验的产品及营销模式创新","数据化 CRM 系统的建立","2016"
"深圳市信利康供应链管理有限公司","深圳","助力企业低成本运营的融资模式创新","智慧供应链综合服务生态圈","2016"
"深圳市众投邦股份有限公司","深圳","助力企业低成本运营的融资模式创新","众投邦互联网“领投--跟投”股权众筹孵化创新模式","2016"
"广州环亚化妆品科技有限公司","广州","支撑全业务全流程互联网转型的集成创新","日化用品全流程智能制造试点示范","2016"
"广州番禺电缆集团有限公司","广州","支撑全业务全流程互联网转型的集成创新","运用互联网实现智能制造执行与企业内外业务相关方全流程互联互通无缝对接与协同的管理变革与创新","2016"
"威莱（广州）日用品有限公司","广州","支撑全业务全流程互联网转型的集成创新","移动互联网与威莱智能制造、全流程相结合的新型互联网模式","2016"
"京信通信技术（广州）有限公司","广州","支撑全业务全流程互联网转型的集成创新","移动通信天线系统智能化制造示范应用","2016"
"广州中海达卫星导航技术股份有限公司","广州","支撑全业务全流程互联网转型的集成创新","中海达智能装备制造全流程信息化管理平台","2016"
"广州南新制药有限公司","广州","支撑全业务全流程互联网转型的集成创新","信息化、智能化大容量注射液生产车间","2016"
"广州南洋电缆有限公司","广州","支撑全业务全流程互联网转型的集成创新","基于互联网的现代化工厂销售生产流程管理创新平台","2016"
"广东中兴新支点技术有限公司","广州","支撑全业务全流程互联网转型的集成创新","多网融合智慧协同路由","2016"
"广州亿程交通信息有限公司","广州","支撑全业务全流程互联网转型的集成创新","基于北斗定位技术的车联网智能车辆监控管理与服务","2016"
"顺丰科技有限公司","深圳","支撑全业务全流程互联网转型的集成创新","车联网绿色货运项目","2016"
"深圳日海通讯技术股份有限公司","深圳","支撑全业务全流程互联网转型的集成创新","基于移动互联网的全业务全流程协同平台应用","2016"
"深圳市威诺达工业技术有限公司","深圳","支撑全业务全流程互联网转型的集成创新","基于互联网与完整性管理方法的石油工业运营管理一体化平台","2016"
"招商局国际信息技术有限公司","深圳","支撑全业务全流程互联网转型的集成创新","深圳西部港区集装箱海铁联运应用示范项目","2016"
"深圳市凯达尔科技实业有限公司","深圳","支撑全业务全流程互联网转型的集成创新","融合RFID和移动支付技术的车联网平台","2016"
"汤臣倍健股份有限公司","珠海","支撑全业务全流程互联网转型的集成创新","保健食品行业产品数据全息互联创新试点","2016"
"金邦达有限公司","珠海","支撑全业务全流程互联网转型的集成创新","智能产品个性化服务整体解决方案云平台","2016"
"丽珠集团丽珠制药厂","珠海","支撑全业务全流程互联网转型的集成创新","基于互联网信息系统的现代化药品生产智能工厂","2016"
"珠海拾比佰彩图板股份有限公司","珠海","支撑全业务全流程互联网转型的集成创新","新型彩图板全业务全流程互联网转型的集成创新","2016"
"珠海市新德汇信息技术有限公司","珠海","支撑全业务全流程互联网转型的集成创新","出入境便民服务智能化系统及关键设备","2016"
"广东华特气体股份有限公司","佛山","支撑全业务全流程互联网转型的集成创新","互联网技术在特种气体生产运营中的创新应用","2016"
"乳源东阳光精箔有限公司","韶关","支撑全业务全流程互联网转型的集成创新","利用互联网创建全业务全流程智能工厂的集成创新项目","2016"
"广东省大宝山矿业有限公司","韶关","支撑全业务全流程互联网转型的集成创新","基于互联网+的数字化矿山应用平台","2016"
"惠州市德赛西威汽车电子股份有限公司","惠州","支撑全业务全流程互联网转型的集成创新","信息化智能制造系统","2016"
"惠州TCL移动通信有限公司","惠州","支撑全业务全流程互联网转型的集成创新","基于互联网的制造控制管理体系建设项目","2016"
"木林森股份有限公司","中山","支撑全业务全流程互联网转型的集成创新","木林森LED智能化制造","2016"
"奥美森智能装备股份有限公司","中山","支撑全业务全流程互联网转型的集成创新","基于互联网+智能装备制造智能工厂示范项目","2016"
"广东鸿特精密技术（台山）有限公司","江门","支撑全业务全流程互联网转型的集成创新","智能制造工厂智能化改造项目","2016"
"江门市宝发纺织服饰制造有限公司","江门","支撑全业务全流程互联网转型的集成创新","利用物联网和移动互联网技术对牛仔制衣生产全流程进行实时数据跟踪与统计分析","2016"
"阳江喜之郎果冻制造有限公司","阳江","支撑全业务全流程互联网转型的集成创新","基于物联网技术的果冻智能制造管控系统","2016"
"湛江鸿智电器有限公司","湛江","支撑全业务全流程互联网转型的集成创新","信息化智能化全流程集成项目研究","2016"
"广东南国药业有限公司","湛江","支撑全业务全流程互联网转型的集成创新","制药工业管理的网络化创新","2016"
"广东高山动物药业有限公司","茂名","支撑全业务全流程互联网转型的集成创新","兽药管理与营销的工业信息化创新模式","2016"
"广东保库智能管网系统有限公司","揭阳","支撑全业务全流程互联网转型的集成创新","保库--云智造","2016"
"广东美的厨房电器制造有限公司","顺德区","支撑全业务全流程互联网转型的集成创新","基于互联网技术的微波炉智慧工厂","2016"
"广东美的制冷设备有限公司","顺德区","支撑全业务全流程互联网转型的集成创新","“互联网+”智能制造及业务流程集成创新","2016"
"佛山市顺德家具研究开发院有限公司","顺德区","支撑全业务全流程互联网转型的集成创新","家具及家具材料中国制造2025之路——物联网标识示范体系应用","2016"
"阳春新钢铁有限责任公司","阳江","实现资源共享协同的生产组织创新；支撑全业务全流程互联网转型的集成创新","打造基于“互联网+”的钢铁企业产供销一体化平台","2016"
"","","","",""
"","","","",""
"","","","",""
"","","","",""
"","","","",""
"","","","",""
"","","","",""
"","","","",""
"","","","",""
"","","","",""
"","","","",""
"","","","",""
"","","","",""
"","","","",""
"","","","",""
"","","","",""
"","","","",""
"","","","",""
"","","","",""
"","","","",""
"","","","",""
"","","","",""
"","","","",""
"","","","",""
"","","","",""
"","","","",""
"","","","",""
"","","","",""
"","","","",""
"","","","",""
"","","","",""
"","","","",""
"","","","",""
