"企业名称","所属地市","企业类别","批次"
"广州明珞汽车装备有限公司","广州","机器人骨干企业","第二批"
"广州鑫南数控科技有限公司","广州","机器人骨干企业","第二批"
"广州达意隆包装机械股份有限公司","广州","机器人骨干企业","第二批"
"旗瀚科技有限公司","深圳","机器人骨干企业","第二批"
"深圳众为兴技术股份有限公司","深圳","机器人骨干企业","第二批"
"佛山华数机器人有限公司","佛山","机器人骨干企业","第二批"
"东莞市速美达自动化有限公司","东莞","机器人骨干企业","第二批"
"广东科捷龙机器人有限公司","中山","机器人骨干企业","第二批"
"江门市地尔汉宇电器股份有限公司","江门","机器人骨干企业","第二批"
"佛山隆深机器人有限公司","顺德","机器人骨干企业","第二批"
"广州市华科尔科技股份有限公司","广州","机器人培育企业","第二批"
"深圳市康士柏实业有限公司","深圳","机器人培育企业","第二批"
"深圳市华成工业控制有限公司","深圳","机器人培育企业","第二批"
"深圳大宇精雕科技有限公司","深圳","机器人培育企业","第二批"
"深圳市佳顺智能机器人股份有限公司","深圳","机器人培育企业","第二批"
"深圳市东盈讯达电子有限公司","深圳","机器人培育企业","第二批"
"深圳市朗驰欣创科技股份有限公司","深圳","机器人培育企业","第二批"
"深圳市海科瑞科技有限公司","深圳","机器人培育企业","第二批"
"广东松庆智能科技股份有限公司","东莞","机器人培育企业","第二批"
"东莞市艾尔发自动化科技有限公司","东莞","机器人培育企业","第二批"
"东莞市西格玛自动化科技股份有限公司","东莞","机器人培育企业","第二批"
