"产品名称","所在地域","申请人","划定的产地保护范围","质量控制技术规范编号","生产规模（公顷）","年产量（吨）"
"大埔蜜柚","梅州市大埔县","大埔县蜜柚行业协会","地域范围大埔县县域内，包括大埔县现辖下的湖寮、百侯、枫朗、大东、光德、桃源、高陂、大麻、三河、洲瑞、银江、茶阳、西河、青溪、丰溪林场等15个镇（场），在东经116°18′～116°56′，北纬24°01′～24°41′之间。","AGI2015-03-1765","13256","22.1019"
"恩平簕菜","江门市恩平","恩平市大人山簕菜专业合作社","恩平市全境，包括恩平市现辖下的恩城街道办事处、沙湖镇、牛江镇、君堂镇、东成镇、良西镇、圣堂镇、大田镇、大槐镇、横陂镇和那吉镇等11个镇（办事处）及米仓、沙栏、河湾、石联、石泉、禄平、那西、北合、下湖、上湖等151条村。区域地理坐标东经112°31′～112°46′,北纬22°13′～22°41。","AGI2015-03-1766","71306","78.9"
"鹤山红茶","江门市鹤山","鹤山市农产品质量监督检验测试中心","鹤山红茶保护区域包括雅瑶镇的南靖，古劳镇的茶山、丽水，龙口镇的福迳、那白，桃源镇的中心、龙溪、蟠光，鹤城镇的坑尾、城西、五星、万和、坪山，共和镇的来苏、新连，址山镇的云新，宅梧镇的白带、荷村、泗云和双合镇的合成、先庆等21个村委会。地理坐标位于东经112º28′～113º2′，北纬22º28′～22º51′。","AGI2015-03-1767","333.33","500吨"
"连州水晶梨","清远","连州市水果技术推广总站","连州市区域内，主要以星子、龙坪、西江、大路边四个镇为主;地理坐标为东经112°7′～112°47′，北纬24°37′～25°12′。","公示结束","3333","60000"
"台山大米","江门","台山市粮食行业协会","保护区域包括台山市辖下的台城街道办、大江镇、水步镇、白沙镇、三合镇、四九镇、冲蒌镇、斗山镇、都斛镇、赤溪镇、端芬镇、广海镇、海宴镇、汶村镇，北陡镇、深井镇、川岛镇、海宴华侨农场，共18个镇（街、场）。地理坐标东经112°18′～113°03′，北纬21°34′～22°27′。","公示结束","35800","250000"
"连州菜心","清远","连州市农作物技术推广站","　  连州市的大路边、星子、龙坪、西江、九陂、连州、西岸、东陂、丰阳、保安、瑶安、三水等12个乡镇。地理坐标为东经112°07′00″～112°48′00″ ，北纬24°37′00″～25°12′00″。","AGI2014-01-1419","8000","17"
"炭步槟榔香芋","广州","广州市花都区炭步镇农业技术推广站","　  广州市花都区炭步镇所辖的炭步居委、民主村、鸭一村、鸭湖村、平岭头村、水口村、步云村、石湖村、石南村、红峰村、布溪村等27个村。地理坐标为东经113°06′00″～113°10′00″ ，北纬23°15′00″～23°22′00″。","AGI2014-01-1420","11333","3150"
"岭头单丛茶","潮州","饶平县浮滨镇兴农茶叶专业合作社","    饶平县浮滨、东山、汤溪、新塘、三饶、韩江林场、新丰、上饶、饶洋、建饶、樟溪等11个镇（场）。地理坐标为东经116°35′00〞～116°58′00〞，北纬23°45′00〞～24°14′00〞。","AGI2013-01-1151","3333.3","5000"
"杜阮凉瓜","江门市","江门市蓬江区杜阮镇农业服务中心","    江门市蓬江区杜阮镇中和、龙溪、亭园、双楼、井根、子绵、松岭、龙眠、龙安、龙榜、杜阮、杜臂、上巷、松园、瑶村、北芦、南芦、长乔、木朗、贯溪20个村委会和中心、新河、金朗3个社区居委会。地理坐标为东经112°54′55 ″～ 113°04′01″，北纬22°33′07 ″～ 22°39′06″。","AGI2013-03-1328","533","9500"
"马冈肉鹅","江门市","开平市禽业协会","开平市所辖的15个街道办事处和乡镇，226个村民委员会。地理坐标为东经112°13′00″～112°48′00″，北纬21°56′00″～22°39′00″。","AGI2013-02-1216","","7872"
"饶平狮头鹅","潮州","饶平县农业技术推广中心","    浮滨镇、浮山镇、联饶镇、高堂镇、樟溪镇、钱东镇、黄冈镇等中片和沿海淡水资源丰富的乡镇。地理坐标为东经116°35′00〞～117°11′00〞，北纬23°28′00〞～24°14′00〞。","AGI2012-02-938","","10800"
"高堂菜脯","潮州","饶平县高堂菜脯加工企业协会","    饶平县高堂、钱东、樟溪、黄冈、联饶、所城等6个镇。地理坐标为东经116°45′00〞～117°08′00〞，北纬23°35′00〞～23°48′00〞。","AGI2011-03-00690","1000","22500"
