F3070220000030_000073001,F3070220000030_000073002,F3070220000030_000073003,F3070220000030_000073004,F3070220000030_000073005
河源市,东源县,"河源东源省道S253线源西至灯塔
段二级公路建设工程多划基本农
田",广东省国土资源厅,占用多划基本农田
河源市,东源县,"东源县骆湖镇土地利用总体规划
(2010-2020年)建设用地规模置换
方案(东源县鹰牌陶瓷项目)",广东省国土资源厅,有条件建设区调整
河源市,东源县,"东源县柳城镇土地利用总体规划
(2010-2020年)建设用地规模置换
方案（围星村）",广东省国土资源厅,有条件建设区调整
中山市,中山,"广东省中山市土地利用总体规划
（2006-2020年）多划基本农田占
用方案（黄圃镇污水处理厂）",广东省国土资源厅,占用多划基本农田
中山市,中山,"中山市土地利用总体规划(2006-
2020年)多划基本农田占用方案(
中山小榄菊花文化园)",广东省国土资源厅,占用多划基本农田
中山市,中山,"中山市土地利用总体规划（2006-
2020年）多划基本农田占用方案
（国道G105线中山沙朗至古鹤段
改建工程项目）",广东省国土资源厅,占用多划基本农田
中山市,中山,"中山市土地利用总体规划(2006-
2020年)多划基本农田占用方案(
中山市纵四线)",广东省国土资源厅,占用多划基本农田
中山市,中山,"中山市东升镇土地利用总体规划
(2010-2020年)追加规模落实方案(
东升站TOD综合开发项目)",广东省国土资源厅,追加规模落实
中山市,中山,"广东省中山市土地利用总体规划
(2006-2020年)多划基本农田占用
方案(珠三角城际轨道交通TOD综
合开发项目-古镇站)",广东省国土资源厅,占用多划基本农田
中山市,中山,"中山市阜沙镇土地利用总体规划
(2010－2020年)修改方案(中山火
力发电“上大压小”热电联供扩建
工程安置地)",广东省国土资源厅,规划修改
中山市,中山,"中山市民众镇土地利用总体规划
(2010－2020年)修改方案(广东省
保税物流项目——中山保税物流中
心保税仓库及配套设施)补",广东省国土资源厅,规划修改
中山市,中山,"中山市土地利用总体规划(2006-
2020年)多划基本农田占用方案(
中山市南部三镇取水口上移工程
项目)",广东省国土资源厅,占用多划基本农田
中山市,中山,"广东省中山市土地利用总体规划
（2006-2020年）多划基本农田占
用方案（北外环路）",广东省国土资源厅,占用多划基本农田
中山市,中山,"中山市黄圃镇土地利用总体规划
（2010-2020年）修改方案（黄圃
镇污水处理厂）",广东省国土资源厅,规划修改
中山市,中山,"中山市火炬开发区土地利用总体
规划追加规模方案（翠亨站TOD
）",广东省国土资源厅,追加规模落实
中山市,中山,"中山市火炬开发区土地利用总体
规划追加规模方案（南朗站TOD
）",广东省国土资源厅,追加规模落实
中山市,中山,"中山市古镇镇土地利用总体规划
(2010-2020年)追加规模落实方案
（古镇站TOD综合开发项目）",广东省国土资源厅,追加规模落实
中山市,中山,"广东省中山市土地利用总体规划
(2010-2020)多划基本农田方案(珠
海市香海大桥建设项目)",广东省国土资源厅,占用多划基本农田
中山市,中山,"中山市横栏镇土地利用总体规划
(2010-2020年)修改方案(中山智能
制造项目—百得新能源厨卫(空气
能热水器)生产基地)",广东省国土资源厅,规划修改
中山市,中山,"中山市土地利用总体规划(2006-
2020年)多划基本农田占用方案(
中山至开平高速公路中山段)",广东省国土资源厅,占用多划基本农田
中山市,中山,"《中山市板芙镇土地利用总体规
划（2010-2020年）有条件建设区
使用方案》",广东省国土资源厅,有条件建设区调整
中山市,中山,"中山市南朗镇土地利用总体规划
(2010－2020年)修改方案(中心组
团垃圾综合处理基地垃圾焚烧发
电厂三期(扩容)工程)",广东省国土资源厅,规划修改
中山市,中山,"中山市黄圃镇土地利用总体规划
(2010－2020年)修改方案(中山市
北部组团垃圾综合处理基地垃圾
焚烧发电厂和垃圾渗滤处理厂三
期工程(扩容工程)项目)",广东省国土资源厅,规划修改
中山市,中山,"中山市五桂山南桥村-桂南村土地
利用规划(规划修改)",广东省国土资源厅,规划修改
中山市,中山,"中山市大涌镇土地利用总体规划
修改方案(中山市大涌镇红木文化
产业集聚区)",广东省国土资源厅,规划修改
中山市,中山,"中山市五桂山长命水村-龙石村土
地利用规划(2017-2020年)规划修
改",广东省自然资源厅,规划修改
韶关市,武江区,"武江区西河镇土地利用总体规划
(2010-2020年)修改方案(塘湾新农
村建设项目)",广东省国土资源厅,规划修改
韶关市,浈江区,"韶关市浈江区十里亭镇土地利用
总体规划(2010-2020年)修改方案(
韶关环丹霞山生态旅游产业园)",广东省国土资源厅,规划修改
韶关市,曲江区,"韶关市曲江区土地利用总体规划
(2010-2020年)修改方案(韶关莞韶
华南钢铁科技产业园首期工程)",广东省国土资源厅,规划修改
韶关市,曲江区,"韶关市曲江区土地利用总体规划
(2010-2020)多划基本农田占用方
案(北江(韶关至乌石)航道扩能升
级工程)",广东省国土资源厅,占用多划基本农田
韶关市,始兴县,"韶关市国道G323线始兴县城段改
线多划基本农田占用方案",广东省国土资源厅,占用多划基本农田
韶关市,仁化县,"仁化县丹霞街道土地利用总体规
划(2010-2020年)建设用地规模置
换方案",广东省国土资源厅,有条件建设区调整
韶关市,仁化县,"仁化县土地利用总体规划(2010-
2020年)多划基本农田占用方案(
韶关文化旅游项目-南门古洋水乡
度假区)",广东省国土资源厅,占用多划基本农田
韶关市,仁化县,"仁化县丹霞街道土地利用总体规
划有条件建设区使用方案(中心村
、城南村)",广东省国土资源厅,有条件建设区调整
韶关市,翁源县,"翁源县土地利用总体规划(2010-
2020年)预留规模落实方案(坝仔
镇半溪村、江尾镇长江村、龙仙
镇民主村、官渡镇官渡村、翁城
镇胜利村)成果备案",广东省自然资源厅,预留规模落实
韶关市,乳源瑶族自治县,"乳源瑶族自治县乳城镇规划修改
方案(粤北农特产品电商物流商贸
城)备案",广东省国土资源厅,规划修改
清远市,清城区,"清城区龙塘镇土地利用总体规划
修改方案（清远市公安局监管场
所建设工程项目）备案",广东省国土资源厅,规划修改
清远市,清城区,"清远市清城区土地利用总体规划
(2010-2020年)多划基本农田占用
方案(广州至连州高速公路花都至
连州段一期工程)",广东省国土资源厅,占用多划基本农田
清远市,清城区,"清远市清城区土地利用总体规划
(2010-2020年)预留规模落实方案(
清远市锦鸿环保科技有限公司新
型墙体材料建设项目)",广东省国土资源厅,预留规模落实
清远市,清城区,"清远市清城区石角镇土地利用总
体规划（2010-2020年）有条件建
设区使用方案（新基村、塘基村
、田心村、沙坑村、沙埗村）",广东省自然资源厅,有条件建设区调整
清远市,清城区,"清远市清城区石角镇有条件建设
区使用方案(石角镇七星村、石岐
村、石角城中村)",广东省自然资源厅,有条件建设区调整
清远市,佛冈县,"清远市佛冈县土地利用总体规划
(2010-2020年)多划基本农田占用
方案(广州至连州高速公路花都至
连州段一期工程)",广东省国土资源厅,占用多划基本农田
清远市,阳山县,"清远市阳山县土地利用总体规划
(2010-2020年)多划基本农田占用
方案(广州至连州高速公路花都至
连州段一期工程)",广东省国土资源厅,占用多划基本农田
清远市,连南瑶族自治县,"清远连山壮族自治县土地利用总
体规划多划基本农田占用方案(德
建水库工程项目)",广东省国土资源厅,占用多划基本农田
清远市,连南瑶族自治县,"清远市连山壮族瑶族自治县土地
利用总体规划（2010-2020年）多
划基本农田占用方案（国道G323
线连山县城段改建工程项目）",广东省国土资源厅,占用多划基本农田
清远市,连南瑶族自治县,"连山壮族瑶族自治县福堂镇土地
利用总体规划修改方案(德建水库
项目移民安置点)",广东省国土资源厅,规划修改
清远市,连南瑶族自治县,"连南瑶族自治县土地利用总体规
划（2010-2020年）多划基本农田
占用方案（清远220KV高联输变
电工程）",广东省国土资源厅,占用多划基本农田
清远市,连南瑶族自治县,"连南瑶族自治县寨岗镇土地利用
总体规划(2010-2020年)修改方案(
清远220千伏高联输变电工程)",广东省国土资源厅,规划修改
清远市,清新县,"清远市清新区土地利用总体规划
(2010-2020)有条件建设区使用方
案(太平、山塘)",广东省国土资源厅,有条件建设区调整
清远市,清新县,"清新县三坑镇土地利用总体规划
(2010-2020年)建设用地规模置换
方案(大陂村)",广东省国土资源厅,有条件建设区调整
清远市,清新县,"清新区浸潭镇土地利用总体规划
（2010-2020年）有条件建设区使
用方案（清新区浸潭镇增减挂钩
建新区项目）",广东省国土资源厅,有条件建设区调整
清远市,清新县,"《清远市清新区土地利用总体规
划(2010-2020年)》有条件建设区
使用方案(太和镇、太平镇、龙颈
镇、禾云镇)备案",广东省国土资源厅,有条件建设区调整
清远市,英德市,"英德市土地利用总体规划(2010-
2020年)多划基本农田占用方案(
省道S292线英城段延长线新建工
程项目)",广东省国土资源厅,占用多划基本农田
清远市,英德市,"英德市土地利用总体规划(2010-
2020年)多划基本农田占用方案(
英德市八宝铅锌多金属矿开发项
目)",广东省国土资源厅,占用多划基本农田
清远市,英德市,"清远英德市东华镇土地利用总体
规划(2010-2020年)有条件建设区
使用方案(重新村委会)",广东省国土资源厅,有条件建设区调整
清远市,英德市,"英德市沙口镇土地利用总体规划
(2010-2020年)修改方案(华润清远
英德沙口光伏电站项目)",广东省国土资源厅,规划修改
清远市,英德市,"广东省英德市土地利用总体规划
(2010-2020年)修改方案(英德市老
虎岩生活垃圾填埋场项目)",广东省国土资源厅,规划修改
清远市,英德市,"英德市土地利用总体规划(2010-
2020年)多划基本农田占用方案
(X410横沙公路北延伸线(横翁大
道)建设工程项目)",广东省国土资源厅,占用多划基本农田
清远市,英德市,"英德市土地利用总体规划(2010-
2020年)多划基本农田占用方案(
英德市高道连江大桥新建工程项
目)",广东省国土资源厅,占用多划基本农田
清远市,英德市,"英德市土地利用总体规划（2010-
2020年）多划基本农田占用方案
（国道G358线英德望埠石脚下至
望埠下塘段一级公路改建工程项
目）",广东省国土资源厅,占用多划基本农田
清远市,英德市,"英德市土地利用总体规划(2010-
2020年)多划基本农田占用方案(
省道347线（新编国道G358线）
英城至大湾段一级公路改建工程
项目)",广东省国土资源厅,占用多划基本农田
清远市,英德市,"广东省英德市土地利用总体规划
(2010-2020年)多划基本农田占用
方案(X366线黄花过境段公路新
建工程)",广东省国土资源厅,占用多划基本农田
清远市,英德市,"英德市土地利用总体规划(2010-
2020年)多划基本农田占用方案
(X366线黄花至金造段扩建工程)
备案上交",广东省国土资源厅,占用多划基本农田
清远市,英德市,"广东省英德市土地利用总体规划
(2010-2020年)多划基本农田占用
方案(广州至连州高速公路花都至
连州段一期工程)",广东省国土资源厅,占用多划基本农田
清远市,英德市,"英德市东华镇有条件建设区使用
方案(清远华侨工业园区)",广东省国土资源厅,有条件建设区调整
清远市,连州市,"广东省连州市土地利用总体规划
(2010-2020年)多划基本农田占用
方案(广州至连州高速公路花都至
连州段一期工程)",广东省国土资源厅,占用多划基本农田
清远市,连州市,"连州市连州镇土地利用总体规划
(2010-2020年)修改方案(城北村土
地利用规划)",广东省自然资源厅,规划修改
汕头市,潮阳区,"汕头市潮阳区和平镇土地利用总
体规划(2010-2020年)有条件建设
区使用方案(中寨村、凤善村、里
美村)",广东省自然资源厅,有条件建设区调整
汕头市,潮南区,"汕头市潮南区两英镇土地利用总
体规划(2010-2020年)修改方案(潮
南区生活垃圾焚烧发电厂二期工
程)",广东省国土资源厅,规划修改
汕头市,潮南区,"潮南区两英镇土地利用总体规划
(2010-2020年)修改方案(潮南区西
新垃圾填埋场项目)",广东省国土资源厅,规划修改
汕头市,潮南区,"潮南区两英镇土地利用总体规划
(2010-2020年)有条件建设区使用
方案(汕头市潮南区两英镇污水处
理厂二期泵站工程)",广东省国土资源厅,有条件建设区调整
湛江市,徐闻县,"徐闻县海安镇土地利用总体规划
(2010-2020年)建设用地规模置换
方案(麻城村)",广东省国土资源厅,有条件建设区调整
湛江市,徐闻县,"徐闻县南山镇土地利用总体规划
（2010-2020年）建设用地规模置
换方案（下埚村和槟榔村）",广东省国土资源厅,有条件建设区调整
湛江市,徐闻县,"徐闻县徐城街道土地利用总体规
划(2010-2020年)建设用地规模置
换方案(西门村)",广东省国土资源厅,有条件建设区调整
湛江市,廉江市,"廉江市石岭镇土地利用总体规划
(2010-2020年)修改方案(廉江华润
水泥项目)",广东省国土资源厅,规划修改
湛江市,廉江市,"廉江市石角镇土地利用总体规划
(2010-2020年)有条件建设区使用
方案",广东省国土资源厅,有条件建设区调整
湛江市,廉江市,"廉江市地方储备粮中心库规划修
改成果",广东省国土资源厅,规划修改
湛江市,廉江市,"廉江市城北街道土地利用总体规
划(2010-2020年)有条件建设区使
用方案(大塘村)",广东省国土资源厅,有条件建设区调整
湛江市,廉江市,"（回退）廉江市城北街道土地利
用总体规划(2010-2020年)有条件
建设区使用方案(大塘村)备案",广东省国土资源厅,有条件建设区调整
湛江市,廉江市,"湛江市廉江市高桥镇土地利用总
体规划(2010-2020年)修改方案备
案(湛江110千伏高桥(车板)输变电
工程)",广东省国土资源厅,规划修改
湛江市,廉江市,"中科一体化配套湛江-廉江成品油
管道工程",广东省国土资源厅,占用多划基本农田
湛江市,雷州市,"湛江市雷州市英利镇土地利用总
体规划(2010-2020年)建设用地规
模置换方案备案(英利镇之一)",广东省国土资源厅,有条件建设区调整
湛江市,雷州市,"湛江市雷州市南兴镇土地利用总
体规划(2010-2020年)修改方案备
案(湛江雷州市110千伏南兴输变
电工程)",广东省国土资源厅,规划修改
湛江市,雷州市,"雷州市白沙镇土地利用总体规划
(2010-2020年)修改方案(雷州市生
活垃圾焚烧发电厂)",广东省自然资源厅,规划修改
湛江市,吴川市,"吴川市土地利用总体规划(2010-
2020年)修改方案(湛江吴川市拓
途国际电子商贸交易物流中心)",广东省国土资源厅,规划修改
湛江市,吴川市,"吴川市黄坡镇土地利用总体规划
（2010-2020年）修改方案（年产
9万吨生物能源（生物液体燃料
）项目）",广东省国土资源厅,规划修改
湛江市,吴川市,"吴川市海滨街道土地利用总体规
划（2010-2020年）修改方案（吴
川市人民医院迁建工程项目）",广东省国土资源厅,规划修改
湛江市,吴川市,"广东省吴川市土地利用总体规划
（2010-2020年）多划基本农田占
用方案（湛江机场迁建工程）",广东省国土资源厅,占用多划基本农田
湛江市,吴川市,"吴川市大山江街道土地利用总体
规划（2010-2020年）有条件建设
区使用方案（吴川市滨江污水处
理厂及配套管网（一期）工程）",广东省国土资源厅,有条件建设区调整
湛江市,吴川市,"吴川市大山江街道土地利用总体
规划（2010-2020年）有条件建设
区使用方案（河东居委会)",广东省自然资源厅,有条件建设区调整
珠海市,斗门区,"珠海市斗门区土地利用总体规划
多划基本农田占用方案（香海大
桥项目）",广东省国土资源厅,占用多划基本农田
珠海市,斗门区,"珠海市斗门区莲洲镇土地利用总
体规划(2010-2020年)有条件建设
区使用方案",广东省国土资源厅,有条件建设区调整
珠海市,斗门区,"珠海市斗门区莲洲镇土地利用总
体规划(2010-2020年)有条件建设
区使用方案(莲江村、大沙农场)",广东省国土资源厅,有条件建设区调整
珠海市,斗门区,"珠海市斗门区莲洲镇土地利用总
体规划(2010-2020年)规划修改方
案(石龙村、东滘村土地利用布局
优化)备案",广东省国土资源厅,规划修改
珠海市,斗门区,"珠海市斗门区斗门镇土地利用总
体规划（2010-2020年）有条件建
设区使用方案",广东省自然资源厅,有条件建设区调整
珠海市,金湾区,"珠海市金湾区红旗镇土地利用总
体规划(2010-2020年)有条件建设
区使用方案(三板社区)",广东省国土资源厅,有条件建设区调整
珠海市,金湾区,"珠海市金湾区三灶镇土地利用总
体规划(2010-2020年)修改方案",广东省国土资源厅,规划修改
珠海市,金湾区,"珠海市金湾区红旗镇土地利用总
体规划（2010-2020年）有条件建
设区使用方案",广东省国土资源厅,有条件建设区调整
珠海市,金湾区,"珠海市金湾区三灶镇土地利用总
体规划(2010-2020年)有条件建设
区使用方案",广东省国土资源厅,有条件建设区调整
珠海市,金湾区,"珠海市金湾区三灶镇土地利用总
体规划(2010-2020年)有条件建设
区使用方案(鱼月村)",广东省自然资源厅,有条件建设区调整
江门市,蓬江区,"江门市蓬江区土地利用总体规划
(2010-2020年)追加规模落实方案",广东省国土资源厅,追加规模落实
深圳市,深圳,"深圳市清林径引水调蓄工程占用
多划基本农田方案",广东省国土资源厅,占用多划基本农田
深圳市,深圳,"深圳市土地利用总体规划（2006-
2020年）多划基本农田占用方案
（滇西北至广东特高压直流输电
工程）",广东省国土资源厅,占用多划基本农田
韶关市,乳源瑶族自治县,"韶关市乳源瑶族自治县土地利用
总体规划（2010-2020年）多划基
本农田占用方案（广东韶关机场
改扩建工程项目）",广东省国土资源厅,占用多划基本农田
韶关市,乳源瑶族自治县,"治县东坪镇土地利用总体规划
(2010-2020年)修改方案备案（35
千伏长溪输变电工程）",广东省国土资源厅,规划修改
韶关市,乳源瑶族自治县,"乳源瑶族自治县土地利用总体规
划(2010-2020年)多划基本农田占
用方案(省道S258线乳源县鸭麻
湖至大布段公路改建工程项目)",广东省国土资源厅,占用多划基本农田
韶关市,乐昌市,"韶关市乐昌市武广铁路客运专线
乐昌东站占用多划基本农田成果",广东省国土资源厅,占用多划基本农田
韶关市,南雄市,"韶关市南雄市乌迳镇土地利用总
体规划（2010-2020年）有条件建
设区使用方案",广东省国土资源厅,有条件建设区调整
佛山市,南海区,"南海区追加规模落实方案(佛山西
站、狮山工业园站、狮山站TOD
综合开发项目)",广东省国土资源厅,追加规模落实
佛山市,南海区,"佛山市南海区土地利用总体规划
多划基本农田占用方案",广东省国土资源厅,占用多划基本农田
佛山市,南海区,"佛山市南海区土地利用总体规划
(2010-2020年)多划基本农田占用
方案(佛山一环西拓南环段(佛山
市龙翔大桥及引道工程))",广东省国土资源厅,占用多划基本农田
佛山市,南海区,"佛山市南海区里水镇土地利用总
体规划(2010-2020年)建设用地规
模置换方案(建星村)",广东省自然资源厅,有条件建设区调整
佛山市,顺德区,"\顺德西南部城乡协调发展功能
片区土地利用总体规划(2010-
2020年)有条件建设区使用方案(
顺德粮食产业园)",广东省国土资源厅,有条件建设区调整
佛山市,顺德区,"顺德功能片区土地利用总体规划
多划基本农田占用方案（珠江三
角洲水资源配置工程）",广东省国土资源厅,占用多划基本农田
佛山市,顺德区,"佛山市顺德区土地利用总体规划
(2010-2020年)追加规模落实方案(
广珠城际北滘站、碧江站TOD综
合开发项目)",广东省国土资源厅,追加规模落实
佛山市,顺德区,"佛山市顺德区功能片区土地利用
总体规划(2010-2020年)多划基本
农田占用方案(新均榄路)",广东省国土资源厅,占用多划基本农田
佛山市,顺德区,"佛山市顺德区龙江镇土地利用总
体规划(2010-2020年)调整完善有
条件建设区使用方案(朝阳工业园
)",广东省国土资源厅,有条件建设区调整
佛山市,顺德区,"佛山市顺德区伦教街道土地利用
总体规划(2010-2020年)调整完善
方案有条件建设区使用方案(城镇
发展备用地)",广东省国土资源厅,有条件建设区调整
佛山市,顺德区,"佛山市顺德区土地利用总体规划
(2010-2020年)预留规模落实方案(
陈大滘村级工业园升级改造项目)",广东省自然资源厅,预留规模落实
佛山市,三水区,"佛山市三水区土地利用总体规划
（2010-2020年）多划基本农田占
用方案（佛山一环西拓工程北环
段项目）",广东省国土资源厅,占用多划基本农田
佛山市,三水区,"佛山市三水区塘西三期公路工程
占用多划基本农田",广东省国土资源厅,占用多划基本农田
佛山市,三水区,"佛山市三水区土地利用总体规划
(2010-2020年)多划基本农田占用
方案(广佛肇高速公路广州石井至
肇庆大旺段(三水段)建设项目)",广东省国土资源厅,占用多划基本农田
佛山市,三水区,"《佛山市三水区云东海街道土地
利用总体规划（2010-2020年）有
条件建设区使用方案（石湖洲村
）》",广东省国土资源厅,有条件建设区调整
佛山市,三水区,"佛山市三水区云东海街道土地利
用总体规划(2010-2020年)建设用
地规模置换方案",广东省国土资源厅,有条件建设区调整
佛山市,三水区,"佛山市三水区白坭镇土地利用总
体规划(2010-2020年)有条件建设
区使用方案",广东省国土资源厅,有条件建设区调整
佛山市,高明区,"高明区荷城街道土地利用总体规
划（2010-2020年）修改方案（广
东凌云山旅游度假区项目）成果
备案",广东省国土资源厅,规划修改
佛山市,高明区,"佛山市高明区土地利用总体规划
(2010-2020年)多划基本农田占用
方案(佛山一环西拓南环段(佛山
市富龙西江特大桥工程和佛山市
高明大桥至富龙大桥公路工程))",广东省国土资源厅,占用多划基本农田
佛山市,高明区,"佛山市高明区杨和镇土地利用总
体规划(2010-2020年)建设用地规
模置换方案",广东省自然资源厅,有条件建设区调整
湛江市,坡头区,"湛江市坡头区南调街道办事处土
地利用总体规划(2010-2020年)建
设用地规模置换方案(南调村)备
案资料",广东省自然资源厅,有条件建设区调整
湛江市,坡头区,"湛江市坡头区坡头镇土地利用总
体规划(2010-2020年)有条件建设
区使用方案(麻登村、塘博村)备
案",广东省自然资源厅,有条件建设区调整
湛江市,坡头区,"湛江市坡头区坡头镇土地利用总
体规划(2010-2020年)建设用地规
模置换方案备案(麻登村、塘博村
)",广东省国土资源厅,有条件建设区调整
湛江市,坡头区,"湛江市坡头区南调街道土地利用
总体规划(2010-2020年)建设用地
规模置方案(湛江市奥林匹克体育
中心综合训练馆)",广东省国土资源厅,有条件建设区调整
湛江市,坡头区,"湛江市坡头区南调街道办事处土
地利用总体规划（2010-2020年）
建设用地规模置换方案（林口村
、麻东村）",广东省国土资源厅,有条件建设区调整
湛江市,坡头区,"湛江市坡头区土地利用总体规划
(2010-2020年)多划基本农田占用
方案(坡头区科技产业园龙头园区
污水处理厂项目)",广东省国土资源厅,占用多划基本农田
湛江市,坡头区,"湛江市坡头区土地利用总体规划
(2010-2020年)多划基本农田占用
方案(省道286线南三岛北涯至南
三林场段改建工程)",广东省国土资源厅,占用多划基本农田
湛江市,坡头区,"湛江市坡头区官渡镇土地利用总
体规划(2010-2020年)建设用地规
模置换方案(官渡镇之一)",广东省国土资源厅,有条件建设区调整
湛江市,坡头区,"湛江市坡头区南调街道土地利用
总体规划(2010-2020年)建设用地
规模置换方案(南调街道之一)",广东省国土资源厅,有条件建设区调整
湛江市,坡头区,"湛江市坡头区土地利用总体规划
(2010-2020年)有条件建设区使用
方案(坡头区之一)",广东省国土资源厅,有条件建设区调整
湛江市,麻章区,"湛江市麻章区土地利用总体规划
(2010-2020年)多划基本农田占用
方案(县道684线晨鸣纸浆厂段改
建工程)",广东省国土资源厅,占用多划基本农田
湛江市,麻章区,"湛江市麻章区麻章镇土地利用总
体规划修改方案（湛江市绿环再
生资源处理中心项目）",广东省国土资源厅,规划修改
湛江市,麻章区,"湛江市麻章区土地利用总体规划
多划基本农田占用方案(湛江铁路
西站客运综合交通枢纽)",广东省国土资源厅,占用多划基本农田
湛江市,麻章区,"湛江市麻章区土地利用总体规划
(2010-2020年)修改方案(湛江晨鸣
林浆纸一体化三期工程年产19万
吨高档纸杯原纸项目)",广东省国土资源厅,规划修改
湛江市,"经济技术开发区
（东海岛）","湛江经济技术开发区（东海岛）
土地利用总体规划（2010-2020年
）建设用地规模置换方案（昌逻
村、调山村、调文村）备案",广东省国土资源厅,有条件建设区调整
湛江市,遂溪县,"遂溪县洋青镇土地利用总体规划
(2010-2020年)修改方案(湛江市遂
溪县洋青镇团结村50兆瓦农业光
伏电站)",广东省国土资源厅,规划修改
湛江市,遂溪县,"湛江市遂溪县城月镇土地利用总
体规划（2010-2020年）修改方案
（湛江市综合利用多循环环保项
目）",广东省国土资源厅,规划修改
湛江市,遂溪县,遂溪县康复医院和迈进林场,广东省国土资源厅,有条件建设区调整
湛江市,遂溪县,"湛江市遂溪县土地利用总体规划
(2010-2020年)多划基本农田占用
方案(遂溪县扩容提质基础设施项
目)",广东省国土资源厅,占用多划基本农田
湛江市,遂溪县,"遂溪县遂城镇土地利用总体规划
（2010-2020年）有条件建设区使
用方案（城北村、榄罗村和沙坡
村）",广东省国土资源厅,有条件建设区调整
湛江市,遂溪县,"遂溪县草潭镇土地利用总体规划
(2010-2020年)有条件建设区使用
方案(钗仔村和新建村)",广东省国土资源厅,有条件建设区调整
湛江市,遂溪县,"湛江市遂溪县遂城镇土地利用总
体规划(2010-2020年)有条件建设
区使用方案(沙坡村、西溪村和城
北村)的备案",广东省国土资源厅,有条件建设区调整
湛江市,遂溪县,"遂溪县岭北镇土地利用总体规划
(2010-2020年)有条件建设区使用
方案(迈生村、城里村和遂溪农场
)",广东省自然资源厅,有条件建设区调整
湛江市,遂溪县,"湛江市国土资源局关于遂溪县遂
城镇土地利用总体规划2010-2020
年有条件建设区使用方案 沙泥村
和官湖村备案",广东省自然资源厅,有条件建设区调整
湛江市,遂溪县,"湛江市遂溪县遂城镇土地利用总
体规划（2010-2020年）建设用地
规模置换方案（泥沙村和西溪村
）",广东省自然资源厅,有条件建设区调整
湛江市,徐闻县,"湛江市徐闻县下桥镇有条件建设
区使用方案备案(东方红农场和桥
北村)",广东省国土资源厅,有条件建设区调整
湛江市,徐闻县,"湛江市徐闻县下桥镇土地利用总
体规划(2010-2020年)有条件建设
区使用方案（东方红农场之二）",广东省国土资源厅,有条件建设区调整
湛江市,徐闻县,"湛江市徐闻县土地利用总体规划
(2010-2020年)多划基本农田占用
方案(徐闻港进港公路改扩建工程
)",广东省国土资源厅,占用多划基本农田
湛江市,徐闻县,"徐闻县曲界镇土地利用总体规划
（2010-2020年）修改方案（
110kv曲界输变电工程）",广东省国土资源厅,规划修改
湛江市,徐闻县,"湛江市徐闻县城北乡土地利用总
体规划(2010-2020年)建设用地规
模置换方案(西埚村和头铺村)备
案",广东省国土资源厅,有条件建设区调整
湛江市,徐闻县,"湛江市国土资源局关于上报徐闻
县徐城街道土地利用总体规划（
2010-2020年）建设用地规模置换
方案（北门村和西门村）备案",广东省国土资源厅,有条件建设区调整
梅州市,五华县,"五华县土地利用总体规划(2010-
2020年)多划基本农田占用方案(
大(埔)丰(顺)(五)华高速公路丰顺
至五华段)",广东省国土资源厅,占用多划基本农田
梅州市,五华县,"兴宁至汕尾高速公路五华至陆河
段项目(五华段)",广东省国土资源厅,占用多划基本农田
梅州市,五华县,"《五华县水寨镇土地利用总体规
划(2010-2020年)有条件建设区使
用方案(莲洞村、大湖村)》",广东省国土资源厅,有条件建设区调整
梅州市,五华县,"梅州市五华县横陂镇土地利用总
体规划(2010-2020年)有条件建设
区使用方案(西湖村、东山村、横
陂村)",广东省自然资源厅,有条件建设区调整
梅州市,蕉岭县,"梅州蕉华工业园区土地利用总体
规划修改方案(广东省蕉岭华侨农
场自来水厂二期工程项目)",广东省国土资源厅,规划修改
梅州市,海丰县,"汕尾市海丰县土地利用总体规划
(2010-2020年)多划基本农田占用
方案(国道324线海丰县城至梅陇
段改建工程)",广东省国土资源厅,占用多划基本农田
梅州市,海丰县,"海丰县赤坑镇土地利用总体规划
(2010-2020年)修改方案(汕尾市赤
沙水厂工程项目)",广东省国土资源厅,规划修改
清远市,清城区,"清远市清城区源潭镇土地利用总
体规划修改方案(清远市锦鸿环保
科技有限公司新型墙体材料建设
项目)",广东省国土资源厅,规划修改
清远市,清城区,"清远市清城区飞来峡镇土地利用
总体规划(2010-2020年)修改方案(
黄口中心村建设项目)",广东省国土资源厅,规划修改
清远市,清城区,"清远市清城区土地利用总体规划
修改（长隆项目及周边道路）",广东省国土资源厅,规划修改
广州市,增城区,"广州市增城区土地利用总体规划
（2010-2020年）调整完善方案修
改方案（塘美村集体留用地）",广东省自然资源厅,规划修改
广州市,从化区,"广州市从化综合服务功能片区土
地利用总体规划(2013-2020年)建
设用地规模置换方案",广东省国土资源厅,有条件建设区调整
广州市,从化区,"广州市从化综合服务功能片区土
地利用总体规划多划基本农田方
案（佛（山）清（远）从（化）
高速公路北段）",广东省国土资源厅,占用多划基本农田
广州市,从化区,"《从化综合服务功能片区土地利
用总体规划(2013-2020年)预留规
模落实方案(省属企业从化地块项
目)》成果备案",广东省国土资源厅,预留规模落实
东莞市,东莞,"东莞市长安镇土地利用总体规划
TOD项目追加规模落实方案",广东省国土资源厅,追加规模落实
东莞市,东莞,"东莞市道滘镇土地利用总体规划
(2010-2020年)追加规模落实方案(
道滘站TOD综合开发项目)",广东省国土资源厅,追加规模落实
东莞市,东莞,"东莞市麻涌镇土地利用总体规划
(2010-2020年)追加规模落实方案(
麻涌站TOD综合开发项目)",广东省国土资源厅,追加规模落实
东莞市,东莞,"东莞市洪梅镇土地利用总体规划
（2010-2020年）追加规模落实方
案（望洪站TOD综合开发项目）",广东省国土资源厅,追加规模落实
东莞市,东莞,"东莞市麻涌镇土地利用总体规划
(2010-2020年)修改方案(东莞麻涌
深粮粮食仓储及码头配套工程、
东莞麻涌广大珠三角汽车物流及
报废汽车回收拆解项目)备案",广东省国土资源厅,规划修改
东莞市,东莞,"东莞市樟木头镇土地利用总体规
划追加规模落实方案（樟木头站
TOD综合开发项目）",广东省国土资源厅,追加规模落实
东莞市,东莞,"东莞市塘厦镇土地利用总体规划
多划基本农田占用方案石马河流
域塘厦段综合整治项目",广东省国土资源厅,占用多划基本农田
东莞市,东莞,"东莞市厚街镇土地利用总体规划
（2010-2020年）追加规模落实方
案（厚街站TOD综合开发项目）",广东省国土资源厅,追加规模落实
东莞市,东莞,"东莞市塘厦镇土地利用总体规划
（2010-2020）年建设用地规模置
换方案（塘厦A03地块“三旧”改造
项目）",广东省国土资源厅,有条件建设区调整
东莞市,东莞,"东莞市麻涌镇土地利用总体规划
（2010-2020年）预留规模落实方
案（新沙港区11#、12#泊位开发
项目）",广东省国土资源厅,预留规模落实
东莞市,东莞,"东莞市凤岗镇土地利用总体规划
（2010-2020年）预留规模落实方
案（京东·都市智能产业新城项目
）",广东省国土资源厅,预留规模落实
东莞市,东莞,"东莞市黄江镇土地利用总体规划
(2010-2020年)建设用地规模置换
方案(东莞市泰园酒店“三旧”改造
项目)",广东省自然资源厅,有条件建设区调整
东莞市,东莞,"东莞市长安镇土地利用总体规划
(2010-2020年)预留规模方案(步步
高人文生活区项目、紫光集团项
目、广深沿江高速公路长安服务
区)",广东省自然资源厅,预留规模落实
揭阳市,揭东县,"揭阳市揭东县土地利用总体规划
(2010-2020年)多划基本农田占用
方案(新建梅州至潮汕铁路项目空
港区段)",广东省国土资源厅,占用多划基本农田
揭阳市,揭东县,"揭阳市揭东县土地利用总体规划
(2010-2020年)多划基本农田占用
方案(新建梅州至潮汕铁路揭东区
段)",广东省国土资源厅,占用多划基本农田
揭阳市,揭东县,"揭阳市揭东县土地利用总体规划
（2010-2020年）多划基本农田占
用方案（揭阳潮汕机场跑道延长
及站坪扩建配套工程）",广东省国土资源厅,占用多划基本农田
揭阳市,揭西县,"揭西县东园镇土地利用总体规划
(2010-2020年)有条件建设区使用
方案(东园镇桃围村城镇建设)",广东省国土资源厅,有条件建设区调整
揭阳市,揭西县,"揭西县凤江镇土地利用总体规划
(2010-2020年)修改方案(揭西县凤
江污水处理厂)",广东省国土资源厅,规划修改
揭阳市,揭西县,"兴宁至汕尾高速公路五华至陆河
段项目(揭西段)",广东省国土资源厅,占用多划基本农田
揭阳市,揭西县,"揭西县上砂镇土地利用总体规划
(2010-2020年)有条件建设区使用
方案(联东村、新岭村)",广东省国土资源厅,有条件建设区调整
揭阳市,惠来县,"揭阳市惠来县土地利用总体规划
(2010-2020年)多划基本农田占用
方案（国道238线（原S236线）
普宁交界至惠来惠城段改建工程
）的批复）",广东省国土资源厅,占用多划基本农田
揭阳市,惠来县,"揭阳市惠来县华湖镇土地利用总
体规划修改方案（中委广东石化
2000万吨/年重油加工工程项目
电力接入系统线路工程[华湖站出
线间隔]）成果备案的复函",广东省国土资源厅,规划修改
揭阳市,惠来县,"揭阳市惠来县建设用地规模置换
方案(惠来临港产业园)",广东省自然资源厅,有条件建设区调整
揭阳市,惠来县,"揭阳市惠来县土地利用总体规划
(2010-2020年)有条件建设区使用
方案(惠来临港产业园)",广东省国土资源厅,有条件建设区调整
揭阳市,普宁市,"广东省普宁市土地利用总体规划
（2010-2020年）多划基本农田占
用方案（普宁利泰现代物流配送
中心）",广东省国土资源厅,占用多划基本农田
揭阳市,普宁市,"普宁市练江流域综合整治-汤坑溪
堤防达标加固工程等四个项目占
用多划基本农田",广东省国土资源厅,占用多划基本农田
揭阳市,普宁市,"普宁市土地利用总体规划（2010-
2020年）修改方案（揭阳广东粤
东纺织产业生态园）",广东省国土资源厅,规划修改
揭阳市,普宁市,"普宁市土地利用总体规划(2010-
2020年)修改方案(保障性安居工
程)",广东省国土资源厅,规划修改
揭阳市,普宁市,"普宁市土地利用总体规划（2010-
2020年）修改方案（普宁利泰现
代物流配送中心）",广东省国土资源厅,规划修改
揭阳市,普宁市,"普宁市土地利用总体规划(2010-
2020年)修改方案(普宁市人民医
院新院区)",广东省国土资源厅,规划修改
揭阳市,普宁市,"普宁市土地利用总体规划(2010-
2020年)预留规模落实方案(普宁
市广太镇潮来港村规划)",广东省自然资源厅,预留规模落实
阳江市,阳西县,"阳西县土地利用总体规划(2010-
2020年)多划基本农田占用方案(
国道325线阳西县城过境公路阳
西高铁站连接线工程)",广东省国土资源厅,占用多划基本农田
阳江市,阳西县,"阳西县上洋镇土地利用总体规划
(2010-2020年)修改方案(粤电阳江
沙扒海上风电项目、三峡阳西沙
扒海上风电项目、阳江220千伏)",广东省国土资源厅,规划修改
阳江市,阳西县,"阳西县织篢镇土地利用总体规划
(2010-2020年)有条件建设区使用
方案",广东省自然资源厅,有条件建设区调整
阳江市,阳西县,"阳西县织篢镇土地利用总体规划
(2010-2020年)建设用地规模置换
方案",广东省自然资源厅,有条件建设区调整
阳江市,阳西县,"阳西县织篢镇土地利用总体规划
(2010-2020年)建设用地规模置换
方案（民办学校）",广东省自然资源厅,有条件建设区调整
阳江市,阳西县,"阳西县织篢镇土地利用总体规划
（2010-2020年）有条件建设区使
用方案（民办学校）",广东省国土资源厅,有条件建设区调整
阳江市,阳东县,"阳江市阳东区土地利用总体规划
（2010-2020年）有条件建设区使
用方案（东城镇）成果备案",广东省国土资源厅,有条件建设区调整
阳江市,阳东县,"阳江市阳东区那龙镇土地利用总
体规划(2010-2020年)建设用地置
换方案",广东省国土资源厅,有条件建设区调整
阳江市,阳东县,"阳东区北惯镇土地利用总体规划
（2010-2020）修改方案（阳江市
医疗废物焚烧处理工程项目）",广东省国土资源厅,规划修改
阳江市,阳东县,"阳江市阳东区土地利用总体规划
（2010-2020年）多划基本农田占
用方案（省道Ｓ297线合山至大
沟段改建工程项目）",广东省国土资源厅,占用多划基本农田
江门市,蓬江区,"蓬江区棠下镇土地利用总体规划
(2010-2020年)修改方案(500千伏
江(门)西(江)双回线、江(门)顺(德)
双回线加装串抗工程)",广东省国土资源厅,规划修改
江门市,新会,"《江门市新会区土地利用总体规
划(2010-2020年)》多划基本农田
占用方案(沈阳至海口国家高速公
路三堡至水口段改扩建工程(新会
段))",广东省国土资源厅,占用多划基本农田
江门市,新会,"江门市新会区土地利用总体规划
(2010-2020年)追加规模落实方案(
江门南站(新会站) TOD综合开发
项目)",广东省国土资源厅,追加规模落实
江门市,新会,"中山至开平高速公路（含小榄支
线）工程江门段建设项目",广东省国土资源厅,占用多划基本农田
江门市,新会,"江门市新会区银湾湖土地利用总
体规划（2010-2020年）有条件建
设区使用方案",广东省自然资源厅,有条件建设区调整
江门市,台山市,"江门市台山市斗山镇土
地利用总体规划2010-2020年建设
用地规模置换方案",广东省国土资源厅,有条件建设区调整
江门市,台山市,"江门市台山市斗山镇土地利用总
体规划2010-2020年建设用地规模
置换方案20170210",广东省国土资源厅,有条件建设区调整
江门市,台山市,"台山市水步镇土地利用总体规划
（2010-2020年）修改方案（广东
鸿特精密技术（台山）有限公司
汽车精密铝合金压铸加工件项目
）",广东省国土资源厅,规划修改
江门市,台山市,"江门市台山市多划基本农田占用-
台山至开平快速路及龙山支线工
程",广东省国土资源厅,占用多划基本农田
江门市,台山市,"江门市台山市土地利用总体规划
（2010-2020年）多划基本农田占
用方案（中山至开平高速公路（
含小榄支线）工程江门段建设项
目）",广东省国土资源厅,占用多划基本农田
江门市,台山市,"江门台山市台城街道土地利用总
体规划(2010-2020年)建设用地规
模置换方案",广东省国土资源厅,有条件建设区调整
江门市,开平市,"开平市县道桥牛线(X557)改线一
期工程占用开平市土地利用总体
规划(2010-2020年)多划基本农田
方案",广东省国土资源厅,占用多划基本农田
江门市,开平市,"广东省开平市土地利用总体规划
（2010-2020年）多划基本农田占
用方案【开平市县道赤马线（
X555）赤坎段改线工程】",广东省国土资源厅,占用多划基本农田
江门市,开平市,"开平市县道桥牛线(X557)改线一
期工程占用开平市土地利用总体
规划(2010-2020年)多划基本农田
方案",广东省国土资源厅,占用多划基本农田
江门市,开平市,"江门市开平市土地利用总体规划
（2010-2020年）多划基本农田占
用方案（中山至开平高速公路（
含小榄支线）工程江门段建设项
目）",广东省国土资源厅,占用多划基本农田
江门市,开平市,"开平市预留规模落实方案(开平东
汇城综合体项目)成果备案",广东省国土资源厅,预留规模落实
江门市,鹤山市,"《鹤山市土地利用总体规划
(2010-2020年)》多划基本农田占
用方案(沈阳至海口国家高速公路
三堡至水口段改扩建工程(鹤山段
)",广东省国土资源厅,占用多划基本农田
江门市,鹤山市,"江门市鹤山市鹤城镇有条件建设
区使用",广东省国土资源厅,有条件建设区调整
江门市,鹤山市,"江门市鹤山市有条件建设区使用
方案(沙坪街道、鹤城镇、共和镇
、古劳镇、址山镇)",广东省国土资源厅,有条件建设区调整
惠州市,惠城区,"惠州市惠城区潼侨镇土地利用总
体规划(2010-2020年)有条件建设
区（金星村）使用方案",广东省国土资源厅,有条件建设区调整
惠州市,惠城区,"惠州市惠城区陈江街道土地利用
总体规划（2010-2020年）有条件
建设区使用方案（华中师范大学
附属惠州实验学校）",广东省国土资源厅,有条件建设区调整
惠州市,惠城区,"惠州市惠城区陈江街道土地利用
总体规划（2010-2020年）多划基
本农田占用方案",广东省国土资源厅,占用多划基本农田
惠州市,惠城区,"惠城区芦洲镇土地利用总体规划
（2010-2020年）修改方案（惠州
市区垃圾焚烧发电项目（迁建）
）",广东省国土资源厅,规划修改
惠州市,惠城区,"惠州市惠城区土地利用总体规划
(2010-2020年)多划基本农田占用
方案(惠州仲恺潼湖科学城)",广东省国土资源厅,占用多划基本农田
惠州市,惠城区,"20170510惠州市惠城区土地利用
总体规划(2010-2020年)多划基本
农田占用方案(信利6代柔性
AMOLED半导体显示器件生产线
建设项目)",广东省国土资源厅,占用多划基本农田
惠州市,惠城区,"惠州市惠城区土地利用总体规划
（2010-2020年）多划基本农田占
用方案（广东省现代农业示范区
项目）",广东省国土资源厅,占用多划基本农田
惠州市,惠城区,"惠州市惠城区土地利用总体规划
(2010-2020年)多划基本农田占用
方案(惠河高速公路白石互通项目
)",广东省国土资源厅,占用多划基本农田
惠州市,惠城区,"惠州市惠城区陈江街道土地利用
总体规划(2010-2020年)修改方案(
惠州TCL集团模组整机一体化智
能制造产业基地项目)",广东省国土资源厅,规划修改
惠州市,惠城区,"惠城区潼湖镇土地利用总体规划
修改方案(中韩产业园)",广东省国土资源厅,规划修改
惠州市,惠阳区,"惠阳区三和街道土地利用总体规
划(2010-2020年)有条件建设区使
用方案(惠阳区妇幼保健院)",广东省国土资源厅,有条件建设区调整
惠州市,惠阳区,"惠阳区淡水街道东华村土地利用
总体规划（2017-2020年）",广东省自然资源厅,规划修改
惠州市,大亚湾,"大亚湾规划修改方案(中海油炼化
二期项目)备案",广东省国土资源厅,规划修改
惠州市,博罗县,"博罗县罗阳镇土地利用总体规划
（2010-2020年）建设用地规模置
换方案（巷口村等）成果备案",广东省国土资源厅,有条件建设区调整
惠州市,博罗县,"《博罗县土地利用总体规划（
2010-2020年）》多划基本农田占
用方案（罗浮山医药产业园建设
与开发项目）",广东省国土资源厅,占用多划基本农田
惠州市,博罗县,"惠州市博罗县杨村镇土地利用总
体规划（2010-2020年）建设用地
规模置换方案（李村村）",广东省国土资源厅,有条件建设区调整
惠州市,博罗县,"博罗县泰美镇建设用地规模置换(
新星村)",广东省国土资源厅,有条件建设区调整
惠州市,博罗县,"惠州市博罗县园洲镇(上南村)有
条件建设区备案",广东省国土资源厅,有条件建设区调整
惠州市,博罗县,"博罗县石湾镇土地利用总体规划
2010-2020年有条件建设区使用方
案白沙村等",广东省自然资源厅,有条件建设区调整
惠州市,惠东县,"惠东县土地利用总体规划（2010-
2020年）修改方案",广东省国土资源厅,规划修改
惠州市,惠东县,惠东县公梅至中洞公路改建工程,广东省国土资源厅,占用多划基本农田
惠州市,惠东县,"惠州市惠东县土地利用总体规划
(2010-2020年)预留规模落实方案(
太平岭核电项目龙仔新村安置区)",广东省自然资源厅,预留规模落实
惠州市,龙门县,"龙门县土地利用总体规划(2010-
2020年)多划基本农田占用方案(
省道S244线龙门县城至平陵段改
建工程项目)",广东省国土资源厅,占用多划基本农田
惠州市,龙门县,"龙门县土地利用总体规划(2010-
2020年)多划基本农田占用方案(
省道S353线龙门至水贝段改建工
程)",广东省国土资源厅,占用多划基本农田
惠州市,龙门县,"惠州市国土资源局关于上报龙门
县平陵镇土地利用总体规划（
2010-2020年）有条件建设区使用
方案（平陵镇小塘村、平陵村、
晨光村、光镇村、黄沙村）备案",广东省国土资源厅,有条件建设区调整
惠州市,龙门县,"龙门县永汉镇有条件建设区使用
方案（油田村、上埔村）",广东省国土资源厅,有条件建设区调整
汕头市,潮阳区,"汕头市潮阳区土地利用总体规划
（2010-2020年）修改方案（汕头
市潮阳区生活垃圾焚烧发电厂）",广东省国土资源厅,规划修改
梅州市,梅江区,"梅江区西阳镇土地利用总体规划
(2010-2020年)修改方案(镇级生态
公墓项目和双黄村福乐纪念园公
墓项目）",广东省自然资源厅,规划修改
梅州市,梅县,"梅州市梅县土地利用总体规划多
划基本农田占用方案（省道S223
线梅县区松源至雁洋段（出省通
道）改建工程）",广东省国土资源厅,占用多划基本农田
梅州市,梅县,"梅州市梅县畲江镇土地利用总体
规划（2010-2020年）建设用地规
模置换方案",广东省国土资源厅,有条件建设区调整
梅州市,梅县,"梅县占用多划基本农田(东环高速
)",广东省国土资源厅,占用多划基本农田
梅州市,梅县,"梅县城东镇规划修改古梅梦景项
目",广东省国土资源厅,规划修改
梅州市,梅县,"梅县畲江镇土地利用总体规划
(2010-2020年)有条件建设区使用
方案(杉里村)",广东省国土资源厅,有条件建设区调整
梅州市,梅县,"梅县程江镇土地利用总体规划
(2010-2020年)修改方案(新建梅州
至潮汕铁路项目(梅县区段)和国
道G206线梅城至畲江段新改建工
程项目安置地)",广东省自然资源厅,规划修改
梅州市,梅县,"梅州市梅县区土地利用总体规划
2010-2020年有条件建设区使用方
案丙村镇红光村、银竹村",广东省自然资源厅,有条件建设区调整
梅州市,梅县,"梅州市梅县区规划修改(松源镇村
村通自来水工程)",广东省国土资源厅,规划修改
梅州市,梅县,"梅县隆文镇土地利用总体规划
2010-2020年有条件建设区使用方
案 木寨村、村东村",广东省自然资源厅,有条件建设区调整
汕头市,澄海区,"汕头市国土资源局关于上报汕头
市澄海区凤翔街道土地利用总体
规划（2010-2020年）有条件建设
区使用方案（塔岗围片区歌剧院
项目）备案",广东省国土资源厅,有条件建设区调整
汕头市,澄海区,"汕头市澄海区东里镇有条件建设
区使用方案南畔洲村及新兴街村",广东省自然资源厅,有条件建设区调整
汕头市,澄海区,"汕头市澄海区土地利用总体规划
（2010-2020年）预留规模落实方
案（溪南镇仙门村及东里镇南社
村）",广东省自然资源厅,预留规模落实
云浮市,云城区,"《云安区都杨镇土地利用总体规
划（2010-2020年）修改方案（广
东华润西江发电厂“上大压小”新
建工程项目）》",广东省国土资源厅,规划修改
云浮市,新兴县,"新兴县有条件建设区使用方案(新
城、水台、六祖、东成、太平)",广东省国土资源厅,有条件建设区调整
云浮市,郁南县,"怀集至阳江港高速公路怀集至郁
南段二期工程建设项目占用多划
基本农田的方案",广东省国土资源厅,占用多划基本农田
云浮市,郁南县,"郁南县大方镇土地利用总体规划
(2010-2020年)有条件建设区使用
方案(大方村、大塘村)",广东省国土资源厅,有条件建设区调整
云浮市,云安县,"云安区六都镇土地利用总体规划
(2010-2020年)建设用地规模置换
方案（大庆村、黄湾村、六都村
）",广东省国土资源厅,有条件建设区调整
云浮市,罗定市,"云浮市罗定市关于罗定至茂名信
宜(粤桂界)高速公路(云浮段)建设
项目占用多划基本农田方案",广东省国土资源厅,占用多划基本农田
肇庆市,端州区,"广东省肇庆市土地利用总体规划
(2006-2020年)修改方案(肇庆新区
起步区基础设施建设项目)(端州
区)",广东省国土资源厅,规划修改
肇庆市,鼎湖区,"肇庆鼎湖区莲花镇土地利用总体
规划(2010-2020年)修改方案(肇庆
启迪环保科技城首期项目)",广东省国土资源厅,规划修改
肇庆市,鼎湖区,"鼎湖区永安镇土地利用总体规划
(2010-2020年)修改方案(肇庆新区
临港商务物流产业园、肇庆(永安
)工业园污水处理厂工程)",广东省国土资源厅,规划修改
肇庆市,鼎湖区,"肇庆市鼎湖区土地利用总体规划
(2010-2020年)多划基本农田占用
方案（G321三水交界至鼎湖民乐
桥段快速路项目）",广东省国土资源厅,占用多划基本农田
肇庆市,鼎湖区,"广东省肇庆市土地利用总体规划
(2006-2020年)修改方案(肇庆新区
起步区基础设施建设项目)(鼎湖
区)",广东省国土资源厅,规划修改
肇庆市,鼎湖区,鼎湖广利街道有条件建设区,广东省国土资源厅,有条件建设区调整
肇庆市,鼎湖区,"鼎湖区永安镇土地利用总体规划
（2010-2020年）有条件建设区使
用方案（仓南村、甫草村、江溪
村和永安村）",广东省国土资源厅,有条件建设区调整
肇庆市,鼎湖区,"鼎湖区桂城街道土地利用总体规
划（2010-2020年）有条件建设区
使用方案",广东省国土资源厅,有条件建设区调整
肇庆市,鼎湖区,"鼎湖区永安镇土地利用总体规划
（2010-2020年）有条件建设区使
用方案",广东省国土资源厅,有条件建设区调整
肇庆市,鼎湖区,"鼎湖区广利街道土地利用总体规
划(2010-2020年)建设用地规模置
换方案",广东省国土资源厅,有条件建设区调整
肇庆市,鼎湖区,"鼎湖区广利街道土地利用总体规
划(2010-2020年)有条件建设区使
用方案(黎桥居委)",广东省国土资源厅,有条件建设区调整
肇庆市,鼎湖区,"鼎湖区永安镇土地利用总体规划
(2010-2020年)有条件建设区使用
方案(永安村、甫草村)",广东省国土资源厅,有条件建设区调整
肇庆市,鼎湖区,"鼎湖区莲花镇有条件建设区使用
方案",广东省国土资源厅,有条件建设区调整
肇庆市,鼎湖区,"回退-鼎湖区莲花镇有条件建设区
使用方案",广东省国土资源厅,有条件建设区调整
肇庆市,鼎湖区,"回退-鼎湖区永安镇土地利用总体
规划(2010-2020年)有条件建设区
使用方案(永安村、甫草村)",广东省国土资源厅,有条件建设区调整
肇庆市,鼎湖区,"回退-鼎湖区广利街道土地利用总
体规划(2010-2020年)有条件建设
区使用方案(黎桥居委）",广东省国土资源厅,有条件建设区调整
肇庆市,鼎湖区,"鼎湖区永安镇土地利用总体规划
(2010-2020年)有条件建设区使用
方案(甫草村)",广东省国土资源厅,有条件建设区调整
肇庆市,鼎湖区,"回退后录入-鼎湖区广利街道土地
利用总体规划(2010-2020年)有条
件建设区使用方案(黎桥居委)",广东省国土资源厅,有条件建设区调整
肇庆市,鼎湖区,"鼎湖区莲花镇土地利用总体规划
(2010-2020年)有条件建设区使用
方案",广东省国土资源厅,有条件建设区调整
肇庆市,鼎湖区,"鼎湖区莲花镇土地利用总体规划
(2010-2020年)修改方案(肇庆广东
厚能投资控股有限公司总部及智
能制造基地项目)",广东省自然资源厅,规划修改
肇庆市,广宁县,"广宁县横山镇土地利用总体规划
(2010-2020年)修改方案(横山镇留
用地项目)成果备案",广东省国土资源厅,规划修改
肇庆市,广宁县,"肇庆市广宁县南街镇土地利用总
体规划(2010-2020年)有条件建设
区使用方案(五一社区居委会和黄
腊村等)成果备案",广东省国土资源厅,有条件建设区调整
肇庆市,广宁县,"广宁县古水镇土地利用总体规划
(2010-2020年)修改方案(古水镇留
用地项目)",广东省国土资源厅,规划修改
肇庆市,广宁县,"广宁县南街镇土地利用总体规划
2010-2020年修改方案南街镇留用
地项目",广东省国土资源厅,规划修改
肇庆市,广宁县,"广宁县五和镇土地利用总体规划
(2010-2020年)有条件建设区使用
方案(江布村)成果备案",广东省国土资源厅,有条件建设区调整
肇庆市,怀集县,"《怀集县怀城镇土地利用总体规
划（2010-2020年）》修改方案（
怀集县城市棚户区改造项目及怀
集县第二水厂建设工程项目）",广东省国土资源厅,规划修改
肇庆市,怀集县,"肇庆市怀集县土地利用总体规划
(2010～2020年)修改方案(怀集县
农村生活垃圾终端分类处理项目)",广东省国土资源厅,规划修改
肇庆市,怀集县,"怀集至阳江港高速公路怀集至郁
南段一期工程占用多划基本农田
方案（怀集段）",广东省国土资源厅,占用多划基本农田
肇庆市,怀集县,"怀集县诗洞镇污水处理厂及配套
管网工程项目",广东省国土资源厅,规划修改
肇庆市,封开县,"肇庆市封开县平凤镇土地利用总
体规划修改方案（粤桂合作特别
试验区建设项目）",广东省国土资源厅,规划修改
肇庆市,封开县,"封开县土地利用总体规划（2010-
2020年）占用多划基本农田方案(
广东封开县南丰镇至广西苍梧县
石桥镇二级公路项目)",广东省国土资源厅,占用多划基本农田
肇庆市,封开县,"肇庆市封开县土地利用总体规划
多划基本农田占用方案(怀郁高速
二期)",广东省国土资源厅,占用多划基本农田
肇庆市,封开县,"封开县都平镇土地利用总体规划
(2010-2020年)修改方案(肇庆封开
35千伏文洲(都平)输变电工程)",广东省国土资源厅,规划修改
肇庆市,封开县,"封开县江口镇土地利用总体规划
(2010-2020年)修改方案(肇庆枫华
明珠中密度纤维板技术改造项目)",广东省自然资源厅,规划修改
肇庆市,德庆县,"肇庆市德庆县官圩镇土地利用总
体规划（2010-2020年）修改方案
（德庆生活垃圾卫生填埋场垃圾
填埋区扩容工程）",广东省国土资源厅,规划修改
肇庆市,德庆县,"肇庆市德庆县九市镇土地利用总
体规划（2010-2020年）修改方案
（肇庆市三和特种管桩项目）",广东省国土资源厅,规划修改
肇庆市,德庆县,"德庆县土地利用总体规划多划基
本农田占用方案",广东省国土资源厅,占用多划基本农田
肇庆市,德庆县,"肇庆市德庆县土地利用总体规划
2010-2020年预留规模方案（德城
街道登云村、广佛肇高速）",广东省自然资源厅,预留规模落实
肇庆市,高要市,"肇庆高要市南岸街道有条件建设
区使用方案（山口村）",广东省国土资源厅,有条件建设区调整
肇庆市,高要市,"高要市白诸镇土地利用总体规划
（2010-2020年）修改方案（白诸
镇留用地项目）",广东省国土资源厅,规划修改
肇庆市,高要市,"高要市土地利用总体规划（2010-
2020年）多划基本农田占用方案
（金渡至肇庆大桥段道路改建工
程）",广东省国土资源厅,占用多划基本农田
肇庆市,高要市,"高要市回龙镇土地利用总体规划
修改方案（肇庆高要未名旅游文
化综合开发项目）",广东省国土资源厅,规划修改
肇庆市,高要市,"高要市回龙镇土地利用总体规划
修改方案(回龙镇留用地项目)",广东省国土资源厅,规划修改
肇庆市,高要市,"高要市金利镇土地利用总体规划
修改方案金利镇留用地项目",广东省国土资源厅,规划修改
肇庆市,高要市,"粤台农业合作实验区瑞世界旅游
开发项目",广东省国土资源厅,规划修改
肇庆市,高要市,"高要市蚬岗镇土地利用总体规划
（2010-2020年）修改方案（蚬岗
镇留用地项目）",广东省国土资源厅,规划修改
肇庆市,高要市,"肇庆市高要市活道镇土地利用总
体规划(2010-2020年)规划修改方
案备案(中广核肇庆高要香山风电
场项目)",广东省国土资源厅,规划修改
肇庆市,高要市,"肇庆市高要市土地利用总体规划
(2010-2020年)占用多划基本农田
方案(肇庆至高明高速公路工程)",广东省国土资源厅,占用多划基本农田
肇庆市,高要市,"肇庆市高要区土地利用总体规划
（2010-2020年）预留城乡建设用
地规模落实方案（肇庆市环保能
源发电项目）",广东省国土资源厅,追加规模落实
肇庆市,高要市,"高要区金渡镇土地利用总体规划
（2010-2020）建设用地规模置换
方案",广东省国土资源厅,有条件建设区调整
肇庆市,高要市,"高要区莲塘镇土地利用总体规划
（2010-2020年）有条件建设区使
用方案（波西村）",广东省自然资源厅,有条件建设区调整
肇庆市,高要市,"重新更新—高要区金渡镇土地利用
总体规划(2010-2020年)建设用地
规模置换方案",广东省国土资源厅,有条件建设区调整
肇庆市,四会市,"四会市大沙镇土地利用总体规划
（2010-2020年）修改方案(大沙
镇留用地项目)",广东省国土资源厅,规划修改
肇庆市,四会市,"广东省大旺华侨农场土地利用总
体规划（2010-2020年）追加规模
落实方案（佛肇城轨大旺站TOD
综合开发项目）",广东省国土资源厅,追加规模落实
肇庆市,四会市,"四会市土地利用总体规划（2010-
2020年）修改方案（肇庆广东一
力集团制药有限公司厂房迁建工
程及四会市大沙产业新城城镇化
示范区项目）",广东省国土资源厅,规划修改
肇庆市,四会市,"肇庆市四会市土地利用总体规划
（2010-2020年）多划基本农田占
用方案（省道260线四会下布至
贞山段改建工程）",广东省国土资源厅,占用多划基本农田
肇庆市,四会市,"广东省四会市土地利用总体规划
(2010-2020年)多划基本农田占用
方案（G321三水交界至鼎湖民乐
桥段快速路项目）",广东省国土资源厅,占用多划基本农田
肇庆市,四会市,"广东省大旺华侨农场土地利用总
体规划（2010-2020年）建设用地
规模置换方案（城轨配套项目）",广东省国土资源厅,有条件建设区调整
肇庆市,四会市,"重新更新—广东省大旺华侨农场土
地利用总体规划(2010-2020年)建
设用地规模置换方案",广东省国土资源厅,有条件建设区调整
茂名市,茂南区,"茂名市茂南区城区土地利用总体
规划(2010-2020年)有条件建设区
使用方案(官渡街道办和后岭村)",广东省国土资源厅,有条件建设区调整
茂名市,茂南区,"茂名市茂南区土地利用总体规划
(2010-2020年)多划基本农田占用
方案(国道G325线高山至公馆旧
村段改建工程)",广东省国土资源厅,占用多划基本农田
茂名市,茂南区,"茂南区城区土地利用总体规划（
2010-2020年）建设用地规模置换
方案（石鳌塘村和后岭村）",广东省国土资源厅,有条件建设区调整
茂名市,茂南区,"茂南区金塘镇土地利用总体规划
（2010-2020年）有条件建设区使
用方案（桂山村）",广东省国土资源厅,有条件建设区调整
茂名市,茂南区,"茂名市茂南区城区土地利用总体
规划(2010-2020年)建设用地规模
置换方案(后岭村)",广东省国土资源厅,有条件建设区调整
茂名市,茂南区,"茂名市茂南区山阁镇土地利用总
体规划(2010-2020年)有条件建设
区使用方案(禄村、霞池村、山阁
村和黄杰村)",广东省国土资源厅,有条件建设区调整
茂名市,茂南区,"茂名市茂南区城区土地利用总体
规划(2010-2020年)有条件建设区
使用方案(后岭村)",广东省国土资源厅,有条件建设区调整
茂名市,茂南区,"茂名市一级公路(中德大道)多划
基本农田占用方案\茂名市茂南
区土地利用总体规划(2010-2020
年)多划基本农田占用方案(茂名
市区至高新区一级公路新建工程(
中德大道)茂南区段项目)",广东省国土资源厅,占用多划基本农田
茂名市,茂南区,"茂名市茂南区土地利用总体规划
（2010-2020年）修改方案(广东
石油化工学院扩建工程)",广东省国土资源厅,规划修改
茂名市,茂南区,"茂名市茂南区城区土地利用总体
规划（2010-2020年）有条件建设
区使用方案（茂南区政府、后岭
村）",广东省国土资源厅,有条件建设区调整
茂名市,茂港区,"茂名市茂港区土地利用总体规划
（2010-2020年）修改方案（茂名
职业技术学院新校区建设项目）",广东省国土资源厅,规划修改
茂名市,茂港区,"茂名市茂港区羊角镇土地利用总
体规划(2010-2020年)有条件建设
区使用方案(金宝小区项目)",广东省国土资源厅,有条件建设区调整
茂名市,茂港区,"茂名市茂港区土地利用总体规划
（2010-2020年）多划基本农田占
用方案（悦民大道）",广东省国土资源厅,占用多划基本农田
茂名市,茂港区,"茂名市一级公路(中德大道)多划
基本农田占用方案\茂名市茂南
区土地利用总体规划(2010-2020
年)多划基本农田占用方案(茂名
市区至高新区一级公路新建工程(
中德大道)茂港区段项目)",广东省国土资源厅,占用多划基本农田
茂名市,电白县,"电白县土地利用总体规划(2010-
2020年)》多划基本农田占用方案
(冼太夫人故里文化旅游景区
)170327",广东省国土资源厅,占用多划基本农田
茂名市,电白县,"茂名市电白县土地利用总体规划
(2010-2020年)多划基本农田占用
方案(沈阳至海口国家高速公路阳
江至茂名段改扩建工程(电白段))",广东省国土资源厅,占用多划基本农田
茂名市,电白县,"电白县观珠镇土地利用总体规划
(2010-2020年)有条件建设区使用
方案(瑜丰沉香产业园项目)",广东省国土资源厅,有条件建设区调整
茂名市,电白县,"电白县望夫镇土地利用总体规划
(2010-2020年)有条件建设区使用
方案(望夫镇发展用地项目)",广东省自然资源厅,有条件建设区调整
茂名市,电白县,"电白县电城镇土地利用总体规划
(2010-2020年)建设用地规模置换
方案(电城镇电白盐场西麻分场、
架炮村、庄垌村、莲头村)",广东省自然资源厅,有条件建设区调整
茂名市,高州市,"高州市土地利用总体规划（2010-
2020年）多划基本农田占用方案
（省道S280线高州穿城改线新建
工程（二期））",广东省国土资源厅,占用多划基本农田
茂名市,高州市,"茂名市高州市关于罗定至茂名信
宜（粤桂界）高速公路（茂名段
）建设项目占用多划基本农田方
案",广东省国土资源厅,占用多划基本农田
茂名市,化州市,"广东省化州市土地利用总体规划
(2010-2020年)多划基本农田占用
方案(广东省茂名监狱“十二五”基
础设施建设项目)",广东省国土资源厅,占用多划基本农田
茂名市,化州市,"化州市中垌镇土地利用总体规划
(2010-2020年)有条件建设区使用
方案(马路头村岭背村小组)",广东省国土资源厅,有条件建设区调整
茂名市,化州市,"广东省化州市土地利用总体规划
(2010-2020年)多划基本农田占用
方案(化州市平定镇、合江镇污水
处理厂工程项目)",广东省国土资源厅,占用多划基本农田
茂名市,化州市,"化州市土地利用总体规划(2010-
2020年)预留规模落实方案(县域
副中心合江基础设施建设)",广东省自然资源厅,预留规模落实
茂名市,信宜市,"信宜市土地利用总体规划有条件
建设区使用方案（信宜市城乡建
设用地增减挂钩试点平塘镇项目
区建新区建设项目）",广东省国土资源厅,有条件建设区调整
茂名市,信宜市,"茂名市信宜市水口镇土地利用总
体规划（2010-2020年）修改方案
（茂名名泰物流园建设项目）",广东省国土资源厅,规划修改
茂名市,信宜市,"茂名市信宜市关于罗定至茂名信
宜(粤桂界)高速公路(茂名段)建设
项目占用多划基本农田方案",广东省国土资源厅,占用多划基本农田
茂名市,信宜市,"信宜市池洞镇土地利用总体规划
有条件建设区使用方案（贺垌村
）",广东省国土资源厅,有条件建设区调整
茂名市,信宜市,"信宜市金垌镇有条件建设区使用
方案（环球村）",广东省国土资源厅,有条件建设区调整
茂名市,信宜市,"信宜市水口镇土地利用总体规划
(2010-2020年)修改方案(茂名市循
环经济示范中心项目)",广东省国土资源厅,规划修改
茂名市,信宜市,"信宜市东镇街道土地利用总体规
划(2010-2020年)有条件建设区使
用方案(栗木村)",广东省国土资源厅,有条件建设区调整
茂名市,信宜市,"东镇街道有条件建设区使用方案(
新里居委会)",广东省国土资源厅,有条件建设区调整
茂名市,信宜市,"信宜市水口镇土地利用总体规划
(2010-2020年)有条件建设区使用
方案(横茶村、岭上村)",广东省国土资源厅,有条件建设区调整
茂名市,信宜市,"信宜市土地利用总体规划(2010-
2020年)预留规模落实方案(信宜
市钱排镇县域副中心建设项目)",广东省自然资源厅,预留规模落实
阳江市,江城区,"海陵岛经济开发试验区土地利用
总体规划（2010-2020年）建设用
地规模置换方案（双丰村、新盐
村城镇建设）",广东省国土资源厅,有条件建设区调整
阳江市,江城区,"阳江110千伏南浦(尖山)变电站",广东省国土资源厅,规划修改
阳江市,江城区,"阳江市江城区土地利用总体规划
(2010-2020年)多划基本农田占用
方案(沈阳至海口国家高速公路阳
江至茂名段改扩建工程(江城段))",广东省国土资源厅,占用多划基本农田
阳江市,江城区,"江城区城西街道土地利用总体规
划（2010-202年）有条件建设区
使用方案（津朗村）",广东省国土资源厅,有条件建设区调整
梅州市,梅县,"梅县区南口镇土地利用总体规划
(2010-2020年)修改方案(梅州市梅
县区南口镇村村通自来水工程)",广东省自然资源厅,规划修改
梅州市,大埔县,"大埔县大麻镇土地利用总体规划
（2010-2020年）修改方案（大埔
县阴那山万福寺大景区项目）",广东省国土资源厅,规划修改
梅州市,大埔县,"大埔县高陂镇土地利用总体规划
(2010-2020年)修改方案(高陂镇赤
山公益性生态公墓园项目)",广东省国土资源厅,规划修改
梅州市,大埔县,"大埔县土地利用总体规划(2010-
2020年)多划基本农田占用方案(
大埔县湖寮镇山丰水库工程项目)",广东省国土资源厅,占用多划基本农田
梅州市,大埔县,"大埔县土地利用总体规划(2010-
2020年)多划基本农田占用方案(
大埔县三河镇梓里村东光、曙光
组)滑坡特大型地质灾害避险工程
)",广东省国土资源厅,占用多划基本农田
梅州市,大埔县,"梅州市大埔县土地利用总体规划
(2010-2020年)多划基本农田占用
方案(省道S221线大埔县湖寮至
枫朗段、省道S222线大埔县坑口
至高陂段)",广东省国土资源厅,占用多划基本农田
梅州市,大埔县,"大埔县土地利用总体规划(2010-
2020年)建设用地规模置换方案(
三河镇五丰村地块)",广东省国土资源厅,有条件建设区调整
梅州市,大埔县,"大埔县土地利用总体规划(2010-
2020年)有条件建设区使用方案(
湖寮镇三河镇)",广东省国土资源厅,有条件建设区调整
梅州市,大埔县,"大埔县大麻镇土地利用总体规划
（2010-2020）年调整完善方案建
设用地规模置换方案（大麻镇青
里村地块）",广东省国土资源厅,有条件建设区调整
梅州市,大埔县,"预留城乡建设用地规模数据包\
杨娜娜\大埔县土地利用总体规
划(2010-2020年)预留规模落实方
案(三河镇新农村建设项目)",广东省自然资源厅,预留规模落实
梅州市,丰顺县,"丰顺县留隍镇土地利用总体规划
(2010-2020年)修改方案(留隍镇西
区输净水与配水管网工程、留隍
镇生态公益墓园、口铺村中心村
建设项目)",广东省国土资源厅,规划修改
梅州市,丰顺县,"梅州市丰顺县土地利用总体规划
(2010-2020年)修改方案(梅州市污
泥综合处理处置中心)",广东省国土资源厅,规划修改
梅州市,丰顺县,"丰顺县土地利用总体规划(2010-
2020年)多划基本农田占用方案(
大(埔)丰（顺）(五)华高速公路丰
顺至五华段)",广东省国土资源厅,占用多划基本农田
梅州市,丰顺县,"国道G206线兴宁松陂至丰顺北斗
石桥头段改建工程",广东省国土资源厅,占用多划基本农田
梅州市,五华县,"梅州市五华县棉洋镇土地利用总
体规划（2010-2020年）建设用地
规模置换方案（竹坑村、黎洞村
、联西村）",广东省国土资源厅,有条件建设区调整
梅州市,五华县,"五华县安流镇土地利用总体规划
修改方案(五华县安流镇村村通自
来水工程)",广东省国土资源厅,规划修改
深圳市,深圳,"深圳市鹏坝通道工程占用多划基
本农田方案",广东省国土资源厅,占用多划基本农田
潮州市,湘桥区,"潮州市湘桥区意溪镇土地利用总
体规划(2010-2020年)建设用地规
模置换方案(厨师村厨艺培训基地
)",广东省自然资源厅,有条件建设区调整
潮州市,潮安县,"潮州市潮安县土地利用总体规划
多划基本农田占用方案（潮汕环
线高速公路（含潮汕联络线）二
期工程（上北至溪头段））",广东省国土资源厅,占用多划基本农田
潮州市,潮安县,"潮州市潮安县土地利用总体规划
多划基本农田占用方案（潮州市
韩江东、西溪大桥项目）",广东省国土资源厅,占用多划基本农田
潮州市,潮安县,"潮州市潮安省道S233线古巷至凤
塘段改建工程占用多划基本农田",广东省国土资源厅,占用多划基本农田
潮州市,潮安县,"潮州市潮安县铁铺镇土地利用总
体规划(2010-2020年)修改方案备
案(潮州市区环保发电项目)",广东省国土资源厅,规划修改
潮州市,潮安县,"潮州市潮安县土地利用总体规划
（2010-2020年）多划基本农田占
用方案（新建梅州至潮州铁路项
目）",广东省国土资源厅,占用多划基本农田
潮州市,潮安县,"潮州市潮安县土地利用总体规划
（2010-2020年）多划基本农田占
用方案（潮州市天然气高压管道
项目和潮州市管道燃气高中压调
压站及配套设施工程）",广东省国土资源厅,占用多划基本农田
潮州市,潮安县,"潮州市潮安县土地利用总体规划
(2010-2020年)多划基本农田占用
方案(韩江粤东灌区续建配套与节
水改造工程（安揭总干渠渠首工
程）)",广东省国土资源厅,占用多划基本农田
潮州市,潮安县,"潮州市湘桥区磷溪镇土地利用总
体规划(2010-2020年)建设用地规
模置换方案(仙河村)",广东省自然资源厅,有条件建设区调整
潮州市,潮安县,"潮州市湘桥区磷溪镇土地利用总
体规划(2010-2020年)有条件建设
区使用方案(溪口八村)",广东省自然资源厅,有条件建设区调整
潮州市,饶平县,"饶平县县道X083下军延长线（饶
平火车站疏站北路）改建工程多
划基本农田占用方案",广东省国土资源厅,占用多划基本农田
潮州市,饶平县,潮州华瀛天然气接收站项目,广东省国土资源厅,规划修改
潮州市,饶平县,"潮州市饶平县新丰镇土地利用总
体规划(2010-2020年)有条件建设
区使用方案(新丰镇农村住房集中
建设用地项目和加油站项目)",广东省国土资源厅,有条件建设区调整
潮州市,饶平县,"饶平县土地利用总体规划(2010-
2020年)预留规模落实方案(饶平
县国防教育训练基地建设用地项
目预留地)",广东省国土资源厅,预留规模落实
潮州市,饶平县,"潮州市饶平县土地利用总体规划
(2010-2020年)预留规模落实方案(
潮州港扩建货运码头工程)\潮州
市饶平县土地利用总体规划
(2010-2020年)预留规模落实方案(
潮州港扩建货运码头工程)",广东省国土资源厅,预留规模落实
潮州市,饶平县,"潮州市饶平县土地利用总体规划
(2010-2020年)预留城乡建设用地
规模落实方案(钱东镇施厝村村土
地利用规划)",广东省国土资源厅,预留规模落实
潮州市,饶平县,"潮州市饶平县土地利用总体规划
(2010-2020年)预留规模落实方案(
饶平县暨南大学附属潮州实验学
校及火车站疏站北路改建工程项
目留用地)",广东省国土资源厅,预留规模落实
潮州市,饶平县,"潮州市饶平县土地利用总体规划
(2010-2010年)预留城乡建设用地
规模落实方案(饶平县连饶工业区
建设用地项目留用地)",广东省国土资源厅,预留规模落实
广州市,白云区,"广州市白云区功能片区土地利用
总体规划(2013-2020年)多划基本
农田占用方案(广州新白云国际机
场第二高速公路北段工程)",广东省国土资源厅,占用多划基本农田
广州市,花都区,"佛(山)清(远)从(化)高速公路北段(
花都区)",广东省国土资源厅,占用多划基本农田
广州市,花都区,"广州市花都区功能片区土地利用
总体规划(2013-2020年)多划基本
农田占用方案(广州新白云国际机
场第二高速公路北段工程)",广东省国土资源厅,占用多划基本农田
广州市,南沙区,"广州市南沙区土地利用总体规划
(2006-2020年)多划基本农田占用
方案(新建广州南沙港铁路(南沙
段)建设项目)",广东省国土资源厅,占用多划基本农田
广州市,南沙区,"广州市南沙区土地利用总体规划
(2016-2020年)预留规模落实方案
（广东省天然气管网二期工程冯
马-骝东天然气管道项目大岗阀室
）",广东省自然资源厅,预留规模落实
广州市,萝岗区,"中新知识城功能片区土地利用总
体规划(2013-2020年)建设用地规
模置换方案(中新知识城一)",广东省国土资源厅,有条件建设区调整
广州市,萝岗区,"中新知识城功能片区土地利用总
体规划(2013-2020年)有条件建设
区使用方案(中新知识城二)",广东省国土资源厅,有条件建设区调整
广州市,萝岗区,"中新知识城功能片区土地利用总
体规划多划基本农田占用方案(广
州市轨道交通二十一号线工程)黄
埔段",广东省国土资源厅,占用多划基本农田
广州市,增城区,"增城区新塘镇土地利用总体规划
(2010-2020年)有条件建设区使用
方案(湖中村、九如村、上岭村、
巷口村、白水村)",广东省国土资源厅,有条件建设区调整
广州市,增城区,"增城区新塘镇土地利用总体规划
(2010-2020年)建设用地规模置换
方案(湖中村、九如村、上岭村、
巷口村、白水村、陂头村)1",广东省国土资源厅,有条件建设区调整
广州市,增城区,"增城区荔城街道土地利用总体规
划(2010-2020年)有条件建设区使
用方案(太平村、光明村)",广东省国土资源厅,有条件建设区调整
广州市,增城区,"广州市增城区土地利用总体规划
多划基本农田占用方案(广州市轨
道交通二十一号线工程)",广东省国土资源厅,占用多划基本农田
广州市,增城区,"广东省增城区土地利用总体规划
修改方案（增城区万寿寺、增城
区百花古寺、派潭镇污水处理厂
等10个项目）",广东省国土资源厅,规划修改
珠海市,斗门区,"珠海市斗门区土地利用总体规划
多划基本农田占用方案(斗门乾务
联围海堤达标加固工程)",广东省国土资源厅,占用多划基本农田
河源市,源城区,"河源市源城区土地利用总体规划
（2010-2020年）修改深圳（河源
）共建产业园项目",广东省国土资源厅,规划修改
河源市,紫金县,"河源35千伏上义输变电工程土地
利用总体规划修改方案",广东省国土资源厅,规划修改
河源市,紫金县,"河源市紫金县土地利用总体规划
修改（2010-2020年）多划基本农
田占用（省道S239线中坝至风门
坳段改建工程）",广东省国土资源厅,占用多划基本农田
河源市,龙川县,"河源龙川县义都镇土地利用总体
规划(2010-2020年)修改方案(35kV
义都输变电工程)备案",广东省国土资源厅,规划修改
河源市,龙川县,"河源市龙川县土地利用总体规划
多划基本农田占用方案（省道
S238线四都至贝岭段二级公路改
建工程项目）",广东省国土资源厅,占用多划基本农田
河源市,龙川县,"河源市龙川县土地利用总体规划
(2010-2020年)建设用地规模置换
方案(老隆镇、鹤市镇、登云镇)",广东省自然资源厅,有条件建设区调整
河源市,和平县,"和平县林寨镇土地利用总体规划
(2010-2020年)修改方案(林寨镇生
活污水处理厂)",广东省国土资源厅,规划修改
河源市,和平县,"河源市和平县土地利用总体规划
(2010-2020年)多划基本农田占用
方案(河源市龙川至和平公路东水
至彭寨段)",广东省国土资源厅,占用多划基本农田
河源市,和平县,"河源市和平县土地利用总体规划
（2010-2020年）城乡建设用地规
模置换调整方案（和平县大坝镇
）",广东省国土资源厅,有条件建设区调整
河源市,东源县,"东源县蓝口镇土地利用总体规划
(2010-2020年)建设用地规模置换
方案(城镇建设)成果备案",广东省国土资源厅,有条件建设区调整
河源市,东源县,"河源市东源县仙塘镇城乡建设用
地规模置换（城镇建设）成果备
案",广东省国土资源厅,有条件建设区调整
河源市,东源县,"东源县康禾镇土地利用总体规划
(2010-2020年)局部修改成果备案
的请示",广东省国土资源厅,规划修改
汕头市,潮南区,"潮南区陇田镇土地利用总体规划
(2010-2020年)有条件建设区使用
方案(浩溪居委)",广东省自然资源厅,有条件建设区调整
汕头市,潮南区,"汕头市潮南区土地利用总体规划
(2010-2020年)预留规模落实方案(
胪岗镇泗黄村土地利用规划)",广东省自然资源厅,预留规模落实
汕头市,潮南区,"潮南区胪岗镇土地利用总体规划
(2010-2020年)修改方案(胪岗镇泗
黄村土地利用规划)",广东省自然资源厅,规划修改
汕头市,潮南区,"汕头市潮南区土地利用总体规划
(2010-2020年)预留规模落实方案(
潮南区生活垃圾压缩转运PPP项
目)",广东省自然资源厅,预留规模落实
广州市,增城区,"广州市增城区土地利用总体规划
（2010-2020年）预留规模落实方
案（广州市残疾人托养中心项目
）",广东省自然资源厅,预留规模落实
汕尾市,海丰县,"海丰县土地利用总体规划（2010-
2020年）预留规模落实方案（汕
尾35千伏黄平变电站）",广东省自然资源厅,预留规模落实
汕尾市,陆河县,"汕尾市陆河县土地利用总体规划
(2010-2020年)修改方案（陆河县
河口镇扩容提质项目）",广东省国土资源厅,规划修改
汕尾市,陆河县,"兴宁至汕尾高速公路五华至陆河
段项目(陆河段)",广东省国土资源厅,占用多划基本农田
汕尾市,陆河县,"汕尾市陆河县土地利用总体规划
(2010-2020年)多划基本农田占用
方案(国道G235县陆河段（河田
至河口）改建工程)",广东省国土资源厅,占用多划基本农田
汕尾市,陆河县,"陆河县河口镇土地利用总体规划
2010-2020年修改方案 陆河县河
口镇昂塘村公益性生态墓地建设
项目",广东省自然资源厅,规划修改
汕尾市,陆丰市,"广东省陆丰市土地利用总体规划
多划基本农田占用方案（汕尾市
海堤达标加固工程(陆丰市湖东海
堤)）",广东省国土资源厅,占用多划基本农田
汕尾市,陆丰市,"广东省陆丰市土地利用总体规划
(2010-2020年)多划基本农田占用
方案（省道510线陆丰市河西至
西南段改建工程）",广东省国土资源厅,占用多划基本农田
汕尾市,陆丰市,"广东省陆丰市土地利用总体规划
(2010-2020年)多划基本农田占用
方案(陆城自来水厂)",广东省国土资源厅,占用多划基本农田
汕尾市,陆丰市,"《广东汕尾星都经济开发区土地
利用总体规划（2010-2020年）有
条件建设区使用方案（林业区城
镇建设）》",广东省国土资源厅,有条件建设区调整
汕尾市,陆丰市,"陆丰市碣石镇土地利用总体规划
(2010-2020年)有条件建设区使用
方案(桂林村、新西村、后埔村及
新丰村)",广东省国土资源厅,有条件建设区调整
汕尾市,陆丰市,"陆丰市东海镇土地利用总体规划
（2010-2020年）修改方案（乌坎
村农村住房集中建设用地项目）",广东省自然资源厅,规划修改
