F3070220000030_000024002,F3070220000030_000024003,F3070220000030_000024001,F3070220000030_000024006,F3070220000030_000024004,F3070220000030_000024005
广东省地图院,粤S（2018）131号,"《公益性保障服务工程（2017年度）—广东省系列标准地图编制》
——《鹤山市地图》（1:12万）
","2018-09-06 00:00:00",公开展示,粤图审字[2018]第139号
广东省地图出版社有限公司,粤S（2018）140号,"《粤港澳大湾区论纲》书中插图1幅：
《粤港澳大湾区位置图》（16开单面）
","2018-09-14 00:00:00",书刊插图,粤图审字[2018]第148号
广东省地图院,粤S（2018）160号,"《公益性保障服务工程（2017年度）——广东省系列标准地图编制》
 ——《丰顺县地图》（1:19万）
","2018-09-29 00:00:00",公开展示,粤图审字[2018]第168号
广东省地图院,粤S（2018）169号,"《公益性保障服务工程（2017年度）——广东省系列标准地图编制》
——《惠城区地图》（1:16万）
","2018-10-25 00:00:00",公开展示,粤图审字[2018]第177号
广东省地图院,粤S（2018）185号,"《广东省地图库生产及电子地图切片生产》地图7幅：
图1：《珠江三角洲地区地图》（1:35万）；
图2-7：《广东省地图》（1:50万、1:70万、1:100万、1:130万、1:180万、1:250万）
","2018-11-21 00:00:00",公开登载,粤图审字[2018]第194号
广东省地图院,粤S（2018）189号,"《公益性保障服务工程（2017年度）—广东省系列标准地图编制》
——《广东省地图（交通要素版）》（岛状图）(1:170万)
","2018-12-13 00:00:00",公开展示,粤图审字[2018]第200号
广东省地图院,粤S（2018）027号,"《公益性保障服务工程（2017年度）——广东省系列标准地图编制》
——《连平县地图》（1:16万）
","2018-06-28 00:00:00",公开展示,粤图审字[2018]第033号
广东省地图院,粤S（2018）051号,"《公益性保障服务工程（2017年度）——广东省系列标准地图编制》
——《封开县地图》（1:20万）
","2018-07-19 00:00:00",公开展示,粤图审字[2018]第057号
广东省地图院,粤S（2018）058号,"《公益性保障服务工程（2017年度）——广东省系列标准地图编制》
——《云安区地图》（1:17万）
","2018-07-23 00:00:00",公开展示,粤图审字[2018]第065号
广东省地图院,粤S（2018）066号,"《公益性保障服务工程（2017年度）——广东省系列标准地图编制》
——《乳源瑶族自治县地图》（1:17万）
","2018-07-31 00:00:00",公开展示,粤图审字[2018]第073号
广东省地图院,粤S（2018）084号,"《公益性保障服务工程（2017年度）——广东省系列标准地图编制》
——《光明区地图》（1:4.3万）
","2018-08-16 00:00:00",公开展示,粤图审字[2018]第091号
广东省地图院,粤S（2018）094号,"《公益性保障服务工程（2017年度）——广东省系列标准地图编制》
——《赤坎区地图》（1:3万）
","2018-08-16 00:00:00",公开展示,粤图审字[2018]第101号
广东省地图院,粤S（2018）106号,"《公益性保障服务工程（2017年度）——广东省系列标准地图编制》
——《清新区地图》（1:18万）
","2018-08-20 00:00:00",公开展示,粤图审字[2018]第113号
广东省地图院,粤S（2018）116号,"《公益性保障服务工程（2017年度）——广东省系列标准地图编制》
 ——《普宁市地图》（1:14万）
","2018-08-28 00:00:00",公开展示,粤图审字[2018]第124号
广东省地图院,粤S（2018）117号,"《公益性保障服务工程（2017年度）——广东省系列标准地图编制》
 ——《榕城区地图》（1:9万）
","2018-08-28 00:00:00",公开展示,粤图审字[2018]第125号
广东省地图出版社有限公司,粤S（2018）149号,"《综合课程》（七年级上册）书中插图4幅
 1.《广东省地理位置示意图》
 2.《广东省地形示意图》
3.《广东省年平均气温分布》
4.《广东省年降水量分布》
","2018-09-27 00:00:00",书刊插图,粤图审字[2018]第157号
广东省地图院,粤S（2018）195号,"《公益性保障服务工程（2017年度）—广东省系列标准地图编制》
——《广东省地图（水系要素版）》（岛状图）(1:170万)
","2018-12-13 00:00:00",公开展示,粤图审字[2018]第206号
广东省地质调查院,粤S（2017）005号,"广东省矿产资源总体规划（2016-2020年）附图5幅（全开单面）：
1. 广东省矿产资源分布图
2. 广东省矿产资源开发利用现状图
3. 广东省矿产资源勘察规划图
4. 广东省矿产资源开发利用与保护规划图
5. 广东省矿山地质环境重点治理区规划图","2017-06-25 00:00:00",公开展示,粤图审字[2017]第007号
广东省地图院,粤S（2017）009号,《广东红色军事文化遗产分布图》双全开单面,"2017-10-23 00:00:00",公开出版,粤图审字[2017]第013号
广东省地图院,粤S（2017）012号,"广东省系列领导工作用图—《广东省地图》（1:80万，1220mm×960mm）","2017-10-31 00:00:00",公开展示,粤图审字[2017]第016号
广东省地图院,粤S（2018）063号,"《公益性保障服务工程（2017年度）——广东省系列标准地图编制》
——《南雄市地图》（1:16万）
","2018-07-31 00:00:00",公开展示,粤图审字[2018]第070号
广东省地图院,粤S（2018）069号,"《公益性保障服务工程（2017年度）——广东省系列标准地图编制》
——《翁源县地图》（1:17万）
","2018-07-31 00:00:00",公开展示,粤图审字[2018]第076号
广东省地图院,粤S（2018）079号,"《公益性保障服务工程（2017年度）——广东省系列标准地图编制》
——《龙湖区地图》（1:3.5万）
","2018-08-07 00:00:00",公开展示,粤图审字[2018]第086号
广东省地图院,粤S（2018）092号,"《公共地图数据更新（2018年度）——广东省及周边1：50万数据建设》","2018-08-16 00:00:00",公开展示,粤图审字[2018]第099号
广东省地图院,粤S（2018）095号,"《公益性保障服务工程（2017年度）——广东省系列标准地图编制》
——《雷州市地图》（1:25万）
","2018-08-19 00:00:00",公开展示,粤图审字[2018]第102号
广东省地图院,粤S（2018）113号,"《公益性保障服务工程（2017年度）——广东省系列标准地图编制》
 ——《揭东区地图》（1:9万）
","2018-08-28 00:00:00",公开展示,粤图审字[2018]第121号
广东省地图院,粤S（2018）120号,"《公益性保障服务工程（2017年度）——广东省系列标准地图编制》
 ——《番禺区地图》（1:7.5万）
","2018-08-28 00:00:00",公开展示,粤图审字[2018]第128号
广东省地图院,粤S（2018）123号,"《公益性保障服务工程（2017年度）——广东省系列标准地图编制》
 ——《花都区地图》（1:12万）
","2018-08-28 00:00:00",公开展示,粤图审字[2018]第131号
广东省地图院,粤S（2018）133号,"《公益性保障服务工程（2017年度）—广东省系列标准地图编制》
——《江门市地图》（1:36万）
","2018-09-06 00:00:00",公开展示,粤图审字[2018]第141号
广东省地图院,粤S（2018）035号,"《公益性保障服务工程（2017年度）——广东省系列标准地图编制》
——《陆丰市地图》（1:15万）
","2018-06-28 00:00:00",公开展示,粤图审字[2018]第041号
广东省地图院,粤S（2018）049号,"《公益性保障服务工程（2017年度）——广东省系列标准地图编制》
——《四会市地图》（1:13万）
","2018-07-19 00:00:00",公开展示,粤图审字[2018]第055号
广东省地图院,粤S（2018）053号,"《公益性保障服务工程（2017年度）——广东省系列标准地图编制》
——《德庆县地图》（1:15万）
","2018-07-19 00:00:00",公开展示,粤图审字[2018]第059号
广东省地图院,粤S（2018）061号,"《地理信息公共服务平台（公众版）数据更新（2017年度）
——“天地图·广东”7-14级公众版电子地图》
","2018-07-31 00:00:00",公开登载,粤图审字[2018]第068号
广东省地图院,粤S（2018）062号,"《公益性保障服务工程（2017年度）——广东省系列标准地图编制》
——《乐昌市地图》（1:18万）
","2018-07-31 00:00:00",公开展示,粤图审字[2018]第069号
广东省地图院,粤S（2018）070号,"《公益性保障服务工程（2017年度）——广东省系列标准地图编制》
——《武江区地图》（1:13万）
","2018-07-31 00:00:00",公开展示,粤图审字[2018]第077号
广东省地图院,粤S（2018）098号,"《公益性保障服务工程（2017年度）——广东省系列标准地图编制》
——《坡头区地图》（1:8.5万）
","2018-08-19 00:00:00",公开展示,粤图审字[2018]第105号
广东省地图院,粤S（2018）099号,"《公益性保障服务工程（2017年度）——广东省系列标准地图编制》
——《遂溪县地图》（1:16万）
","2018-08-19 00:00:00",公开展示,粤图审字[2018]第106号
广东省地图院,粤S（2018）101号,"《公益性保障服务工程（2017年度）——广东省系列标准地图编制》
——《霞山区地图》（1:5.8万）
","2018-08-19 00:00:00",公开展示,粤图审字[2018]第108号
广东省地图院,粤S（2018）105号,"《公益性保障服务工程（2017年度）——广东省系列标准地图编制》
——《清城区地图》（1:14万）
","2018-08-20 00:00:00",公开展示,粤图审字[2018]第112号
广东省地图院,粤S（2018）111号,"《公益性保障服务工程（2017年度）——广东省系列标准地图编制》
——《清远市地图》（1:55万）
","2018-08-20 00:00:00",公开展示,粤图审字[2018]第118号
广东省地图院,粤S（2018）115号,"《公益性保障服务工程（2017年度）——广东省系列标准地图编制》
 ——《揭阳市地图》（1:28万）
","2018-08-28 00:00:00",公开展示,粤图审字[2018]第123号
广东省地图院,粤S（2018）121号,"《公益性保障服务工程（2017年度）——广东省系列标准地图编制》
 ——《广州市地图》（1:31万）
","2018-08-28 00:00:00",公开展示,粤图审字[2018]第129号
广东省地图院,粤S（2018）128号,"《公益性保障服务工程（2017年度）——广东省系列标准地图编制》
 ——《越秀区地图》（1:2.1万）
","2018-08-28 00:00:00",公开展示,粤图审字[2018]第136号
广东省地图院,粤S（2018）131号,"《公益性保障服务工程（2017年度）—广东省系列标准地图编制》
——《鹤山市地图》（1:12万）
","2018-09-06 00:00:00",公开展示,粤图审字[2018]第139号
广东省地图出版社有限公司,粤S（2018）140号,"《粤港澳大湾区论纲》书中插图1幅：
《粤港澳大湾区位置图》（16开单面）
","2018-09-14 00:00:00",书刊插图,粤图审字[2018]第148号
广东省地图院,粤S（2018）160号,"《公益性保障服务工程（2017年度）——广东省系列标准地图编制》
 ——《丰顺县地图》（1:19万）
","2018-09-29 00:00:00",公开展示,粤图审字[2018]第168号
广东省地图院,粤S（2018）169号,"《公益性保障服务工程（2017年度）——广东省系列标准地图编制》
——《惠城区地图》（1:16万）
","2018-10-25 00:00:00",公开展示,粤图审字[2018]第177号
广东省地图院,粤S（2018）185号,"《广东省地图库生产及电子地图切片生产》地图7幅：
图1：《珠江三角洲地区地图》（1:35万）；
图2-7：《广东省地图》（1:50万、1:70万、1:100万、1:130万、1:180万、1:250万）
","2018-11-21 00:00:00",公开登载,粤图审字[2018]第194号
广东省地图院,粤S（2018）189号,"《公益性保障服务工程（2017年度）—广东省系列标准地图编制》
——《广东省地图（交通要素版）》（岛状图）(1:170万)
","2018-12-13 00:00:00",公开展示,粤图审字[2018]第200号
广东省地图院,粤S（2018）027号,"《公益性保障服务工程（2017年度）——广东省系列标准地图编制》
——《连平县地图》（1:16万）
","2018-06-28 00:00:00",公开展示,粤图审字[2018]第033号
广东省地图院,粤S（2018）051号,"《公益性保障服务工程（2017年度）——广东省系列标准地图编制》
——《封开县地图》（1:20万）
","2018-07-19 00:00:00",公开展示,粤图审字[2018]第057号
广东省地图院,粤S（2018）058号,"《公益性保障服务工程（2017年度）——广东省系列标准地图编制》
——《云安区地图》（1:17万）
","2018-07-23 00:00:00",公开展示,粤图审字[2018]第065号
广东省地图院,粤S（2018）066号,"《公益性保障服务工程（2017年度）——广东省系列标准地图编制》
——《乳源瑶族自治县地图》（1:17万）
","2018-07-31 00:00:00",公开展示,粤图审字[2018]第073号
广东省地图院,粤S（2018）084号,"《公益性保障服务工程（2017年度）——广东省系列标准地图编制》
——《光明区地图》（1:4.3万）
","2018-08-16 00:00:00",公开展示,粤图审字[2018]第091号
广东省地图院,粤S（2018）094号,"《公益性保障服务工程（2017年度）——广东省系列标准地图编制》
——《赤坎区地图》（1:3万）
","2018-08-16 00:00:00",公开展示,粤图审字[2018]第101号
广东省地图院,粤S（2018）106号,"《公益性保障服务工程（2017年度）——广东省系列标准地图编制》
——《清新区地图》（1:18万）
","2018-08-20 00:00:00",公开展示,粤图审字[2018]第113号
广东省地图院,粤S（2018）116号,"《公益性保障服务工程（2017年度）——广东省系列标准地图编制》
 ——《普宁市地图》（1:14万）
","2018-08-28 00:00:00",公开展示,粤图审字[2018]第124号
广东省地图院,粤S（2018）117号,"《公益性保障服务工程（2017年度）——广东省系列标准地图编制》
 ——《榕城区地图》（1:9万）
","2018-08-28 00:00:00",公开展示,粤图审字[2018]第125号
北京联合出版有限责任公司,粤S（2018）004号,"《发现广东：100个最美观镜拍摄地》书中插图106幅","2018-03-26 00:00:00",公开展示,粤图审字[2018]第008号
广东省地图院,粤S（2018）030号,"《公益性保障服务工程（2017年度）——广东省系列标准地图编制》
——《龙川县地图》（1:21万）
","2018-06-28 00:00:00",公开展示,粤图审字[2018]第036号
广东省地图院,粤S（2018）040号,"《公益性保障服务工程（2017年度）——广东省系列标准地图编制》
——《电白区地图》(1:17万)
","2018-07-02 00:00:00",公开展示,粤图审字[2018]第046号
广东省地图院,粤S（2018）043号,"《公益性保障服务工程（2017年度）——广东省系列标准地图编制》
——《茂名市地图》（1:39万）","2018-07-02 00:00:00",公开展示,粤图审字[2018]第049号
广东省地图院,粤S（2018）060号,"《公益性保障服务工程（2017年度）——广东省系列标准地图编制》
——《云浮市地图》（1:30万）
","2018-07-23 00:00:00",公开展示,粤图审字[2018]第067号
广东省地图院,粤S（2018）072号,"《公益性保障服务工程（2017年度）——广东省系列标准地图编制》——《浈江区地图》（1:8.7万）","2018-07-31 00:00:00",公开展示,粤图审字[2018]第079号
广东省地图院,粤S（2018）130号,"《公益性保障服务工程（2017年度）—广东省系列标准地图编制》
——《恩平市地图》（1:15万）
","2018-09-06 00:00:00",公开展示,粤图审字[2018]第138号
广东省地图院,粤S（2018）134号,"《公益性保障服务工程（2017年度）—广东省系列标准地图编制》
——《开平市地图》（1:17万）
","2018-09-06 00:00:00",公开展示,粤图审字[2018]第142号
广东省地图院,粤S（2018）141号,"《公益性保障服务工程（2017年度）—广东省系列标准地图编制》
——《禅城区地图》（1:4.5万）
","2018-09-17 00:00:00",公开展示,粤图审字[2018]第149号
广东省地图院,粤S（2018）175号,"《公益性保障服务工程（2017年度）——广东省系列标准地图编制》
——《广东省地图（政区版一）》（1:170万）
","2018-11-02 00:00:00",公开展示,粤图审字[2018]第184号
广东省地图院,粤S（2017）007号,《广东省第一次全国地理国情普查公报》插图8幅,"2017-09-18 00:00:00",公开登载,粤图审字[2017]第011号
中国科技出版传媒股份有限公司,不予批准（2017）第1号,"《广东省生态环境变化评估图集（2000-2010）》（8开本，20印张，176幅）","2017-08-30 00:00:00",公开展示,粤图审字[2017]第010号
广东省地图院,粤S（2018）022号,"《公益性保障服务工程（2017年度）——广东省系列标准地图编制》
——《斗门区地图》（1:10万）
","2018-06-25 00:00:00",公开展示,粤图审字[2018]第024号
广东省地图院,粤S（2018）047号,"《公益性保障服务工程（2017年度）——广东省系列标准地图编制》
——《广宁县地图》（1:19万）
","2018-07-19 00:00:00",公开展示,粤图审字[2018]第053号
广东省地图院,粤S（2018）054号,"《公益性保障服务工程（2017年度）——广东省系列标准地图编制》
——《中山市地图》（1:14万）
","2018-07-19 00:00:00",公开展示,粤图审字[2018]第061号
广东省地图院,粤S（2018）055号,"《公益性保障服务工程（2017年度）——广东省系列标准地图编制》
——《罗定市地图》（1:17万）
","2018-07-23 00:00:00",公开展示,粤图审字[2018]第062号
广东省地图院,粤S（2018）077号,"《公益性保障服务工程（2017年度）——广东省系列标准地图编制》
——《濠江区地图》（1:4.5万）
","2018-08-07 00:00:00",公开展示,粤图审字[2018]第084号
广东省地图院,粤S（2018）145号,"《公益性保障服务工程（2017年度）——广东省系列标准地图编制》
——《三水区地图》（1:14万）
","2018-09-17 00:00:00",公开展示,粤图审字[2018]第153号
广东省地图院,粤S（2018）151号,"《公益性保障服务工程（2017年度）——广东省系列标准地图编制》
——《江城区地图》（1:10万）
","2018-09-29 00:00:00",公开展示,粤图审字[2018]第159号
广东省地图院,粤S（2018）155号,"《公益性保障服务工程（2017年度）——广东省系列标准地图编制》
——《阳西县地图》（1:13万）
","2018-09-29 00:00:00",公开展示,粤图审字[2018]第163号
广东省地图院,粤S（2018）165号,"《公益性保障服务工程（2017年度）——广东省系列标准地图编制》
——《惠阳区地图》（1:16万）
","2018-10-25 00:00:00",公开展示,粤图审字[2018]第173号
广东省地图院,粤S（2018）166号,"《公益性保障服务工程（2017年度）——广东省系列标准地图编制》
——《惠州市地图》（1:45万）
","2018-10-25 00:00:00",公开展示,粤图审字[2018]第174号
广东省地图院,粤S（2018）171号,"《公益性保障服务工程（2017年度）——广东省系列标准地图编制》
——《广东省地图（全要素版）》（1:170万）
","2018-11-02 00:00:00",公开展示,粤图审字[2018]第180号
广东省地图院,粤S（2018）172号,"《公益性保障服务工程（2017年度）——广东省系列标准地图编制》
——《广东省地图（全要素版）》（1:240万）
","2018-11-02 00:00:00",公开展示,粤图审字[2018]第181号
广东省地图院,粤S（2018）177号,"《公益性保障服务工程（2017年度）——广东省系列标准地图编制》
——《广东省地图（交通要素版）》（ 1:170万）
","2018-11-02 00:00:00",公开展示,粤图审字[2018]第186号
广东省地图出版社有限公司,粤S（2018）188号,《广东省航道图》（双全开单面）,"2018-12-04 00:00:00",公开展示,粤图审字[2018]第199号
广东省地图院,粤S（2018）196号,"《公益性保障服务工程（2017年度）—广东省系列标准地图编制》
——《广东省地图（水系要素版）》（岛状图）(1:240万)
","2018-12-13 00:00:00",公开展示,粤图审字[2018]第207号
广东省地图院,粤S（2018）170号,"《公益性保障服务工程（2017年度）——广东省系列标准地图编制》
——《惠东县地图》（1:25万）
","2018-10-25 00:00:00",公开展示,粤图审字[2018]第178号
广东省地图院,粤S（2018）178号,"《公益性保障服务工程（2017年度）——广东省系列标准地图编制》
——《广东省地图（交通要素版）》（1:240万）
","2018-11-02 00:00:00",公开展示,粤图审字[2018]第187号
广东省地图院,粤S（2018）184号,"《公益性保障服务工程（2017年度）——广东省系列标准地图编制》
——《广东省地图（政区版二）》（1:240万）
","2018-11-02 00:00:00",公开展示,粤图审字[2018]第193号
广东省地图院,粤S（2018）203号,"《公益性保障服务工程（2018年度）—广东省系列标准地图编制及服务
（2018年度）》——《广东省地图》 (1:70万)
","2018-12-15 00:00:00",公开展示,粤图审字[2018]第214号
广东省地图院,粤S（2018）013号,"《公益性保障服务工程（2017年度）——广东省系列标准地图编制》
——《粤西地区地图》（1:81万）
","2018-05-10 00:00:00",公开展示,粤图审字[2018]第018号
广东省地图院,粤S（2017）001号,"《广东省简志》插图3幅，8开单面：
1.广东省行政区划图
2.广东省交通图
3.广东省地势图","2017-04-28 00:00:00",书刊插图,粤图审字[2017]第002号
广东省地图院,粤S（2017）006号,"《广东省国土资源年鉴》插图（《广东省政区》）8开单面","2017-08-22 00:00:00",公开展示,粤图审字[2017]第009号
广东省地图院,粤S（2018）003号,"“天地图·广东”公众版电子地图
（广州市、深圳市、东莞市、惠州市、汕头市、汕尾市、潮州市、揭阳市、梅州市、河源市、韶关市，矢量15-17级，约9万平方千米）","2018-01-23 00:00:00",公开展示,粤图审字[2018]第003号
广东省地图院,粤S（2018）024号,"《公益性保障服务工程（2017年度）——广东省系列标准地图编制》
——《香洲区地图》（1:10万）
","2018-06-25 00:00:00",公开展示,粤图审字[2018]第026号
广东省地图院,粤S（2018）036号,"《公益性保障服务工程（2017年度）——广东省系列标准地图编制》
——《汕尾市地图》（1:30万）","2018-06-28 00:00:00",公开展示,粤图审字[2018]第043号
广东省地图院,粤S（2018）046号,"《公益性保障服务工程（2017年度）——广东省系列标准地图编制》
——《鼎湖区地图》（1:7.5万）
","2018-07-19 00:00:00",公开展示,粤图审字[2018]第052号
广东省地图院,粤S（2018）065号,"《公益性保障服务工程（2017年度）——广东省系列标准地图编制》
——《仁化县地图》（1:15万）
","2018-07-31 00:00:00",公开展示,粤图审字[2018]第072号
广东省地图出版社有限公司,粤S（2018）081号,"《大潮起珠江——广东改革开放40年展览》系列地图9幅（8开）：
1.20世纪80年代末广东对外开放示意图
2.广东省行政区划图（1997年）
3.广东省主体功能区划分总图
4.广东省2017年众创空间试点单位名单
5.珠三角6市对口帮扶粤东西北12市
6.国务院批复同意珠三角国家高新区建设国家自主创新示范区
7.粤港澳大湾区
8.深汕特别合作区
9.广深科技创新走廊规划分布图
","2018-08-07 00:00:00",公开展示,粤图审字[2018]第088号
广东省地图院,粤S（2018）102号,"《公益性保障服务工程（2017年度）——广东省系列标准地图编制》
——《徐闻县地图》（1:19万）
","2018-08-19 00:00:00",公开展示,粤图审字[2018]第109号
广东省地图院,粤S（2018）108号,"《公益性保障服务工程（2017年度）——广东省系列标准地图编制》
——《英德市地图》（1:25万）
","2018-08-20 00:00:00",公开展示,粤图审字[2018]第115号
广东省地图院,粤S（2018）124号,"《公益性保障服务工程（2017年度）——广东省系列标准地图编制》
 ——《黄埔区地图》（1:8.5万）
","2018-08-28 00:00:00",公开展示,粤图审字[2018]第132号
广东省地图院,粤S（2018）132号,"《公益性保障服务工程（2017年度）—广东省系列标准地图编制》
——《江海区地图》（1:4万）
","2018-09-06 00:00:00",公开展示,粤图审字[2018]第140号
广东省地图院,粤S（2017）001号,"《广东省简志》插图3幅，8开单面：
1.广东省行政区划图
2.广东省交通图
3.广东省地势图","2017-04-28 00:00:00",书刊插图,粤图审字[2017]第002号
广东省地图院,粤S（2017）003号,《广东省地势图（1：85万）》,"2017-06-05 00:00:00",公开展示,粤图审字[2017]第004号
-,-,-,-,-,-
广东省地图院,粤S（2018）006号,"广东省系列领导工作用图——《广东省公路图》（1:80万，全开单面）","2018-03-09 00:00:00",公开展示,粤图审字[2018]第006号
广东省地图院,粤S（2018）007号,"《公益性保障服务工程（2017年度）——广东省系列标准地图编制》——《广东省地图》（1:170万）","2018-05-03 00:00:00",公开登载,粤图审字[2018]第012号
广东省地图院,粤S（2018）042号,"《公益性保障服务工程（2017年度）——广东省系列标准地图编制》
——《化州市地图》（1:17万）","2018-07-02 00:00:00",公开展示,粤图审字[2018]第048号
广东省地图院,粤S（2018）045号,"《公益性保障服务工程（2017年度）——广东省系列标准地图编制》
——《肇庆市地图》（1:43万）
","2018-07-19 00:00:00",公开展示,粤图审字[2018]第051号
广东省地图院,粤S（2018）097号,"《公益性保障服务工程（2017年度）——广东省系列标准地图编制》
——《麻章区地图》（1:15万）
","2018-08-19 00:00:00",公开展示,粤图审字[2018]第104号
广东省地图院,粤S（2018）138号,《广东省地图》（1：800万）,"2018-09-06 00:00:00",书刊插图,粤图审字[2018]第146号
广东省地图院,粤S（2018）142号,"《公益性保障服务工程（2017年度）——广东省系列标准地图编制》
——《佛山市地图》（1:28万）
","2018-09-17 00:00:00",公开展示,粤图审字[2018]第150号
广东省地图院,粤S（2018）143号,"《公益性保障服务工程（2017年度）——广东省系列标准地图编制》
——《高明区地图》（1:12万）
","2018-09-17 00:00:00",公开展示,粤图审字[2018]第151号
广东省地图院,粤S（2018）146号,"《公益性保障服务工程（2017年度）——广东省系列标准地图编制》
——《顺德区地图》（1:11万）
","2018-09-17 00:00:00",公开展示,粤图审字[2018]第154号
广东省地图院,粤S（2018）173号,"《公益性保障服务工程（2017年度）——广东省系列标准地图编制》
——《广东省地图（政区版三）》（1:170万）
","2018-11-02 00:00:00",公开展示,粤图审字[2018]第182号
广东省地图院,粤S（2018）179号,"《公益性保障服务工程（2017年度）——广东省系列标准地图编制》
——《广东省地图（示意版）》（1:170万 ）
","2018-11-02 00:00:00",公开展示,粤图审字[2018]第188号
广东省地图院,粤S（2018）183号,"《公益性保障服务工程（2017年度）——广东省系列标准地图编制》
——《广东省地图（政区版二）》（1:170万）
","2018-11-02 00:00:00",公开展示,粤图审字[2018]第192号
广东省地图院,粤S（2018）190号,"公益性保障服务工程（2017年度）—广东省系列标准地图编制》
——《广东省地图（交通要素版）》（岛状图）(1:240万)
","2018-12-13 00:00:00",公开展示,粤图审字[2018]第201号
广东省地图院,粤S（2017）010号,《新编广东省地图》全开单面,"2017-10-23 00:00:00",公开出版,粤图审字[2017]第014号
广东省地图院,粤S（2017）013号,"广东省系列领导工作用图—《广东省地势图》（1:75万，全开单面）","2017-11-01 00:00:00",公开展示,粤图审字[2017]第017号
广东省地图院,粤S（2017）015号,《广东省地图（1:100万）》全开单面,"2017-12-01 00:00:00",公开展示,粤图审字[2017]第020号
广东省地图出版社有限公司,粤S（2018）014号,《广东年鉴》插图——《广东省政区》（8开单面）,"2018-05-18 00:00:00",书刊插图,粤图审字[2018]第020号
广东省地图院,粤S（2018）021号,"《公益性保障服务工程（2017年度）——广东省系列标准地图编制》
——《湘桥区地图》（1:6.3万）
","2018-06-20 00:00:00",公开展示,粤图审字[2018]第031号
广东省地图院,粤S（2018）031号,"《公益性保障服务工程（2017年度）——广东省系列标准地图编制》
——《源城区地图》（1:7万）
","2018-06-28 00:00:00",公开展示,粤图审字[2018]第037号
广东省地图院,"不予批准(2018)第004号",《广东省地图库生产及电子地图切片生产》,"2018-07-19 00:00:00",公开登载,粤图审字[2018]第060号
广东省地图院,粤S（2018）078号,"《公益性保障服务工程（2017年度）——广东省系列标准地图编制》
——《金平区地图》（1:4.5万）
","2018-08-07 00:00:00",公开展示,粤图审字[2018]第085号
广东省地图院,粤S（2018）103号,"《公益性保障服务工程（2017年度）——广东省系列标准地图编制》
——《连南瑶族自治县地图》（1:15万）
","2018-08-20 00:00:00",公开展示,粤图审字[2018]第110号
广东省地图院,粤S（2018）107号,"《公益性保障服务工程（2017年度）——广东省系列标准地图编制》——《阳山县地图》（1:22万）","2018-08-20 00:00:00",公开展示,粤图审字[2018]第114号
广东省地图院,粤S（2018）112号,"《公益性保障服务工程（2017年度）——广东省系列标准地图编制》
——《惠来县地图》（1:13万）
","2018-08-28 00:00:00",公开展示,粤图审字[2018]第120号
广东省地图院,粤S（2018）157号,"《公益性保障服务工程（2017年度）—— 广东省系列标准地图编制》
 ——《五华县地图》（1﹕20万）
","2018-09-29 00:00:00",公开展示,粤图审字[2018]第165号
广东省地图院,粤S（2018）158号,"《公益性保障服务工程（2017年度）—— 广东省系列标准地图编制》
 ——《兴宁市地图》（1﹕18万）
","2018-09-29 00:00:00",公开展示,粤图审字[2018]第166号
广东省地图院,粤S（2018）163号,"《公益性保障服务工程（2017年度）——广东省系列标准地图编制》
 ——《梅县区地图》（1:22万）
","2018-09-29 00:00:00",公开展示,粤图审字[2018]第171号
广东省地图院,粤S（2018）181号,"《公益性保障服务工程（2017年度）——广东省系列标准地图编制》
——《广东省地图（水系要素版）》（1:170万）
","2018-11-02 00:00:00",公开展示,粤图审字[2018]第190号
广东省地图出版社有限公司,粤S（2018）187号,《珠三角中心区域航道图》（双全开单面）,"2018-12-04 00:00:00",公开展示,粤图审字[2018]第198号
广东省地图院,粤S（2017）008号,《省府办公厅网站地图》2幅,"2017-09-18 00:00:00",公开登载,粤图审字[2017]第012号
广东省地图院,粤S（2018）067号,"《公益性保障服务工程（2017年度）——广东省系列标准地图编制》
——《韶关市地图》（1:52万）
","2018-07-31 00:00:00",公开展示,粤图审字[2018]第074号
广东省地图院,粤S（2018）091号,"《公益性保障服务工程（2017年度）——广东省系列标准地图编制》
——《龙华区地图》（1:4.2万）
","2018-08-16 00:00:00",公开展示,粤图审字[2018]第098号
广东省地图院,粤S（2018）109号,"《公益性保障服务工程（2017年度）——广东省系列标准地图编制》
——《佛冈县地图》（1:15万）
","2018-08-20 00:00:00",公开展示,粤图审字[2018]第116号
韶关市国土资源技术中心,"不予批准(2018)第007号","八开地图8幅：
1. 《广东省耕地土壤类型图》
2. 《广东省耕地质量等级图》
3. 《广东省耕地土壤有机质含量分级图》
4. 《广东省耕地全氮含量分级图》 
5. 《广东省耕地有效磷含量分级图》
6. 《广东省耕地速效钾含量分级图》
7. 《广东省耕地土壤PH分级图》
8. 《广东省水田集中连片分布图》
","2018-11-30 00:00:00",公开展示,粤图审字[2018]第197号
广东省地图院,粤S（2018）194号,"《公益性保障服务工程（2017年度）—广东省系列标准地图编制》
——《广东省地图（示意版）》（岛状图）(1:240万)
","2018-12-13 00:00:00",公开展示,粤图审字[2018]第205号
广东省地图出版社有限公司,粤S（2017）016号,"《广东建设年鉴2017》书中插图书中插图2幅：
1.《广东省南粤古驿道文化线路保护与利用总体规划——广东古驿道遗存现状分布图》（8开单面）
2.《珠江三角洲全域空间规划（2016-2020）——空间结构规划图》（16开单面）","2017-12-01 00:00:00",书刊插图,粤图审字[2017]第021号
广东省地图出版社有限公司,粤S（2018）015号,"《广东建设年鉴》插图——《广东省政区》（8开单面）","2018-05-18 00:00:00",书刊插图,粤图审字[2018]第021号
广东省地图院,粤S（2018）025号,"《公益性保障服务工程（2017年度）——广东省系列标准地图编制》——《珠海市地图》（1:25万）","2018-06-25 00:00:00",公开展示,粤图审字[2018]第027号
广东省地图院,粤S（2018）079号,"《公益性保障服务工程（2017年度）——广东省系列标准地图编制》
——《龙湖区地图》（1:3.5万）
","2018-08-07 00:00:00",公开展示,粤图审字[2018]第086号
广东省地图院,粤S（2018）092号,"《公共地图数据更新（2018年度）——广东省及周边1：50万数据建设》","2018-08-16 00:00:00",公开展示,粤图审字[2018]第099号
广东省地图院,粤S（2018）095号,"《公益性保障服务工程（2017年度）——广东省系列标准地图编制》
——《雷州市地图》（1:25万）
","2018-08-19 00:00:00",公开展示,粤图审字[2018]第102号
广东省地图院,粤S（2018）113号,"《公益性保障服务工程（2017年度）——广东省系列标准地图编制》
 ——《揭东区地图》（1:9万）
","2018-08-28 00:00:00",公开展示,粤图审字[2018]第121号
广东省地图院,粤S（2018）120号,"《公益性保障服务工程（2017年度）——广东省系列标准地图编制》
 ——《番禺区地图》（1:7.5万）
","2018-08-28 00:00:00",公开展示,粤图审字[2018]第128号
广东省地图院,粤S（2018）123号,"《公益性保障服务工程（2017年度）——广东省系列标准地图编制》
 ——《花都区地图》（1:12万）
","2018-08-28 00:00:00",公开展示,粤图审字[2018]第131号
广东省地图院,粤S（2018）133号,"《公益性保障服务工程（2017年度）—广东省系列标准地图编制》
——《江门市地图》（1:36万）
","2018-09-06 00:00:00",公开展示,粤图审字[2018]第141号
广东省地图院,粤S（2018）170号,"《公益性保障服务工程（2017年度）——广东省系列标准地图编制》
——《惠东县地图》（1:25万）
","2018-10-25 00:00:00",公开展示,粤图审字[2018]第178号
广东省地图院,粤S（2018）178号,"《公益性保障服务工程（2017年度）——广东省系列标准地图编制》
——《广东省地图（交通要素版）》（1:240万）
","2018-11-02 00:00:00",公开展示,粤图审字[2018]第187号
广东省地图院,粤S（2018）184号,"《公益性保障服务工程（2017年度）——广东省系列标准地图编制》
——《广东省地图（政区版二）》（1:240万）
","2018-11-02 00:00:00",公开展示,粤图审字[2018]第193号
广东省地图院,粤S（2018）203号,"《公益性保障服务工程（2018年度）—广东省系列标准地图编制及服务
（2018年度）》——《广东省地图》 (1:70万)
","2018-12-15 00:00:00",公开展示,粤图审字[2018]第214号
广东省地图院,粤S（2018）013号,"《公益性保障服务工程（2017年度）——广东省系列标准地图编制》
——《粤西地区地图》（1:81万）
","2018-05-10 00:00:00",公开展示,粤图审字[2018]第018号
地质出版社,粤S（2018）044号,"
《广东省自然资源与生态环境遥感调查研究》插图19幅（16开单面）
1. 广东省行政区划略图
2. 2015年广东省林地现状遥感解译图
3. 2014～2015年广东省林地变迁图
4. 2015年广东省草地现状遥感解译图
5. 2014～2015年广东省草地变迁图
6. 2014-2015年广东省地表水变迁图
7. 2015年广东省湿地现状遥感解译图
8. 2014～2015年广东省湿地变迁图
9. 2015年广东省荒漠化现状遥感解译图
10. 2015年广东省石漠化遥感解译图 11. 广东省矿山恢复治理分布图
12. 广东省矿山地质环境评价图
13. 广东省植被覆盖度分析图
14. 广东省人均林地量分析图
15. 广东省人均草地量分析图
16. 广东省人均地表水量分析图
17. 广东省人均湿地量分析图
18. 广东省人均海岸线量分析图
19. 广东省生态承载力分析图","2018-07-15 00:00:00",书刊插图,粤图审字[2018]第050号
广东省地图院,粤S（2018）059号,"《公益性保障服务工程（2017年度）——广东省系列标准地图编制》
——《云城区地图》（1:10万）
","2018-07-23 00:00:00",公开展示,粤图审字[2018]第066号
广东省地图院,粤S（2018）104号,"《公益性保障服务工程（2017年度）——广东省系列标准地图编制》
——《连州市地图》（1:19万）
","2018-08-20 00:00:00",公开展示,粤图审字[2018]第111号
广东省地图院,粤S（2018）152号,"《公益性保障服务工程（2017年度）——广东省系列标准地图编制》
——《阳春市地图》（1:27万）
","2018-09-29 00:00:00",公开展示,粤图审字[2018]第160号
广东省地图院,粤S（2018）197号,"《公益性保障服务工程（2017年度）—广东省系列标准地图编制》
——《广东省地图（政区版一）》（岛状图）(1:170万)
","2018-12-13 00:00:00",公开展示,粤图审字[2018]第208号
广东省地图院,粤S（2017）004号,《广东省地图（1：70万）》（双全开单面）,"2017-06-05 00:00:00",公开展示,粤图审字[2017]第005号
广东省地图院,粤S（2017）014号,"广东省系列领导工作用图—《广东省交通图》（1:80万，全开单面）","2017-11-01 00:00:00",公开展示,粤图审字[2017]第018号
广东省地图院,粤S（2017）020号,《韶关市在广东省的位置图》8开单面,"2017-12-19 00:00:00",公开展示,粤图审字[2017]第026号
广东省地图院,粤S（2018）008号,"《公益性保障服务工程（2017年度）——广东省系列标准地图编制》——《粤北地区地图》（1:115万）","2018-05-03 00:00:00",公开出版,粤图审字[2018]第013号
广东省地图院,粤S（2018）009号,"《公益性保障服务工程（2017年度）——广东省系列标准地图编制》
——《粤东地区地图》（1:52万）
","2018-05-03 00:00:00",公开登载,粤图审字[2018]第014号
广东省地图院,粤S（2018）020号,"《公益性保障服务工程（2017年度）——广东省系列标准地图编制》——《饶平县地图》（1:16万）","2018-06-20 00:00:00",公开展示,粤图审字[2018]第030号
广东省地图院,粤S（2018）026号,"《公益性保障服务工程（2017年度）——广东省系列标准地图编制》——《和平县地图》（1:18万）","2018-06-28 00:00:00",公开展示,粤图审字[2018]第032号
广东省地图院,粤S（2018）037号,"《公益性保障服务工程（2017年度）——广东省系列标准地图编制》
——《陆河县地图》（1:12万）
","2018-07-02 00:00:00",公开展示,粤图审字[2018]第042号
广东省地图院,粤S（2018）068号,"《公益性保障服务工程（2017年度）——广东省系列标准地图编制》
——《始兴县地图》（1:15万）
","2018-07-31 00:00:00",公开展示,粤图审字[2018]第075号
广东省地图院,粤S（2018）071号,"《公益性保障服务工程（2017年度）——广东省系列标准地图编制》
——《新丰县地图》（1:18万）
","2018-07-31 00:00:00",公开展示,粤图审字[2018]第078号
广东省地图院,粤S（2018）083号,"《公益性保障服务工程（2017年度）——广东省系列标准地图编制》
——《福田区地图》（1:3万）
","2018-08-16 00:00:00",公开展示,粤图审字[2018]第090号
广东省地图院,粤S（2018）167号,"《公益性保障服务工程（2017年度）——广东省系列标准地图编制》
——《龙门县地图》（1:17万）
","2018-10-25 00:00:00",公开展示,粤图审字[2018]第175号
广东省地图院,粤S（2018）168号,"《公益性保障服务工程（2017年度）——广东省系列标准地图编制》
——《博罗县地图》（1:21万）
","2018-10-25 00:00:00",公开展示,粤图审字[2018]第176号
广东省地图院,粤S（2018）176号,"《公益性保障服务工程（2017年度）——广东省系列标准地图编制》
——《广东省地图（政区版一）》（1:240万）
","2018-11-02 00:00:00",公开展示,粤图审字[2018]第185号
广东省地图院,粤S（2018）193号,"《公益性保障服务工程（2017年度）—广东省系列标准地图编制》
——《广东省地图（示意版）》（岛状图）(1:170万)
","2018-12-13 00:00:00",公开展示,粤图审字[2018]第204号
广东省地图院,粤S（2018）198号,"《公益性保障服务工程（2017年度）—广东省系列标准地图编制》
——《广东省地图（政区版一）》（岛状图）(1:240万)
","2018-12-13 00:00:00",公开展示,粤图审字[2018]第209号
广东省地图院,粤S（2018）199号,"《公益性保障服务工程（2017年度）—广东省系列标准地图编制》
——《广东省地图（政区版二）》（岛状图）(1:170万)
","2018-12-13 00:00:00",公开展示,粤图审字[2018]第210号
广东省地图院,粤S（2017）003号,《广东省地势图（1：85万）》,"2017-06-05 00:00:00",公开展示,粤图审字[2017]第004号
-,-,-,-,-,-
广东省地图院,粤S（2018）006号,"广东省系列领导工作用图——《广东省公路图》（1:80万，全开单面）","2018-03-09 00:00:00",公开展示,粤图审字[2018]第006号
广东省地图院,粤S（2018）007号,"《公益性保障服务工程（2017年度）——广东省系列标准地图编制》——《广东省地图》（1:170万）","2018-05-03 00:00:00",公开登载,粤图审字[2018]第012号
广东省地图院,粤S（2018）042号,"《公益性保障服务工程（2017年度）——广东省系列标准地图编制》
——《化州市地图》（1:17万）","2018-07-02 00:00:00",公开展示,粤图审字[2018]第048号
广东省地图院,粤S（2018）045号,"《公益性保障服务工程（2017年度）——广东省系列标准地图编制》
——《肇庆市地图》（1:43万）
","2018-07-19 00:00:00",公开展示,粤图审字[2018]第051号
广东省地图院,粤S（2018）097号,"《公益性保障服务工程（2017年度）——广东省系列标准地图编制》
——《麻章区地图》（1:15万）
","2018-08-19 00:00:00",公开展示,粤图审字[2018]第104号
广东省地图院,粤S（2018）138号,《广东省地图》（1：800万）,"2018-09-06 00:00:00",书刊插图,粤图审字[2018]第146号
广东省地图院,粤S（2018）142号,"《公益性保障服务工程（2017年度）——广东省系列标准地图编制》
——《佛山市地图》（1:28万）
","2018-09-17 00:00:00",公开展示,粤图审字[2018]第150号
广东省地图院,粤S（2018）143号,"《公益性保障服务工程（2017年度）——广东省系列标准地图编制》
——《高明区地图》（1:12万）
","2018-09-17 00:00:00",公开展示,粤图审字[2018]第151号
广东省地图院,粤S（2018）146号,"《公益性保障服务工程（2017年度）——广东省系列标准地图编制》
——《顺德区地图》（1:11万）
","2018-09-17 00:00:00",公开展示,粤图审字[2018]第154号
广东省地图院,粤S（2018）173号,"《公益性保障服务工程（2017年度）——广东省系列标准地图编制》
——《广东省地图（政区版三）》（1:170万）
","2018-11-02 00:00:00",公开展示,粤图审字[2018]第182号
广东省地图院,粤S（2018）179号,"《公益性保障服务工程（2017年度）——广东省系列标准地图编制》
——《广东省地图（示意版）》（1:170万 ）
","2018-11-02 00:00:00",公开展示,粤图审字[2018]第188号
广东省地图院,粤S（2018）183号,"《公益性保障服务工程（2017年度）——广东省系列标准地图编制》
——《广东省地图（政区版二）》（1:170万）
","2018-11-02 00:00:00",公开展示,粤图审字[2018]第192号
广东省地图院,粤S（2018）190号,"公益性保障服务工程（2017年度）—广东省系列标准地图编制》
——《广东省地图（交通要素版）》（岛状图）(1:240万)
","2018-12-13 00:00:00",公开展示,粤图审字[2018]第201号
广东省地图院,粤S（2017）008号,《省府办公厅网站地图》2幅,"2017-09-18 00:00:00",公开登载,粤图审字[2017]第012号
北京联合出版有限责任公司,粤S（2018）004号,"《发现广东：100个最美观镜拍摄地》书中插图106幅","2018-03-26 00:00:00",公开展示,粤图审字[2018]第008号
广东省地图院,粤S（2018）030号,"《公益性保障服务工程（2017年度）——广东省系列标准地图编制》
——《龙川县地图》（1:21万）
","2018-06-28 00:00:00",公开展示,粤图审字[2018]第036号
广东省地图院,粤S（2018）040号,"《公益性保障服务工程（2017年度）——广东省系列标准地图编制》
——《电白区地图》(1:17万)
","2018-07-02 00:00:00",公开展示,粤图审字[2018]第046号
广东省地图院,粤S（2018）043号,"《公益性保障服务工程（2017年度）——广东省系列标准地图编制》
——《茂名市地图》（1:39万）","2018-07-02 00:00:00",公开展示,粤图审字[2018]第049号
广东省地图院,粤S（2018）060号,"《公益性保障服务工程（2017年度）——广东省系列标准地图编制》
——《云浮市地图》（1:30万）
","2018-07-23 00:00:00",公开展示,粤图审字[2018]第067号
广东省地图院,粤S（2018）072号,"《公益性保障服务工程（2017年度）——广东省系列标准地图编制》——《浈江区地图》（1:8.7万）","2018-07-31 00:00:00",公开展示,粤图审字[2018]第079号
广东省地图院,粤S（2018）130号,"《公益性保障服务工程（2017年度）—广东省系列标准地图编制》
——《恩平市地图》（1:15万）
","2018-09-06 00:00:00",公开展示,粤图审字[2018]第138号
广东省地图院,粤S（2018）134号,"《公益性保障服务工程（2017年度）—广东省系列标准地图编制》
——《开平市地图》（1:17万）
","2018-09-06 00:00:00",公开展示,粤图审字[2018]第142号
广东省地图院,粤S（2018）141号,"《公益性保障服务工程（2017年度）—广东省系列标准地图编制》
——《禅城区地图》（1:4.5万）
","2018-09-17 00:00:00",公开展示,粤图审字[2018]第149号
广东省地图院,粤S（2018）175号,"《公益性保障服务工程（2017年度）——广东省系列标准地图编制》
——《广东省地图（政区版一）》（1:170万）
","2018-11-02 00:00:00",公开展示,粤图审字[2018]第184号
广东省地图院,粤S（2017）007号,《广东省第一次全国地理国情普查公报》插图8幅,"2017-09-18 00:00:00",公开登载,粤图审字[2017]第011号
中国科技出版传媒股份有限公司,不予批准（2017）第1号,"《广东省生态环境变化评估图集（2000-2010）》（8开本，20印张，176幅）","2017-08-30 00:00:00",公开展示,粤图审字[2017]第010号
广东省地图院,粤S（2018）022号,"《公益性保障服务工程（2017年度）——广东省系列标准地图编制》
——《斗门区地图》（1:10万）
","2018-06-25 00:00:00",公开展示,粤图审字[2018]第024号
广东省地图院,粤S（2018）047号,"《公益性保障服务工程（2017年度）——广东省系列标准地图编制》
——《广宁县地图》（1:19万）
","2018-07-19 00:00:00",公开展示,粤图审字[2018]第053号
广东省地图院,粤S（2018）054号,"《公益性保障服务工程（2017年度）——广东省系列标准地图编制》
——《中山市地图》（1:14万）
","2018-07-19 00:00:00",公开展示,粤图审字[2018]第061号
广东省地图院,粤S（2018）055号,"《公益性保障服务工程（2017年度）——广东省系列标准地图编制》
——《罗定市地图》（1:17万）
","2018-07-23 00:00:00",公开展示,粤图审字[2018]第062号
广东省地图院,粤S（2018）077号,"《公益性保障服务工程（2017年度）——广东省系列标准地图编制》
——《濠江区地图》（1:4.5万）
","2018-08-07 00:00:00",公开展示,粤图审字[2018]第084号
广东省地图院,粤S（2018）145号,"《公益性保障服务工程（2017年度）——广东省系列标准地图编制》
——《三水区地图》（1:14万）
","2018-09-17 00:00:00",公开展示,粤图审字[2018]第153号
广东省地图院,粤S（2018）151号,"《公益性保障服务工程（2017年度）——广东省系列标准地图编制》
——《江城区地图》（1:10万）
","2018-09-29 00:00:00",公开展示,粤图审字[2018]第159号
广东省地图院,粤S（2018）155号,"《公益性保障服务工程（2017年度）——广东省系列标准地图编制》
——《阳西县地图》（1:13万）
","2018-09-29 00:00:00",公开展示,粤图审字[2018]第163号
广东省地图院,粤S（2018）165号,"《公益性保障服务工程（2017年度）——广东省系列标准地图编制》
——《惠阳区地图》（1:16万）
","2018-10-25 00:00:00",公开展示,粤图审字[2018]第173号
广东省地图院,粤S（2018）166号,"《公益性保障服务工程（2017年度）——广东省系列标准地图编制》
——《惠州市地图》（1:45万）
","2018-10-25 00:00:00",公开展示,粤图审字[2018]第174号
广东省地图院,粤S（2018）171号,"《公益性保障服务工程（2017年度）——广东省系列标准地图编制》
——《广东省地图（全要素版）》（1:170万）
","2018-11-02 00:00:00",公开展示,粤图审字[2018]第180号
广东省地图院,粤S（2018）172号,"《公益性保障服务工程（2017年度）——广东省系列标准地图编制》
——《广东省地图（全要素版）》（1:240万）
","2018-11-02 00:00:00",公开展示,粤图审字[2018]第181号
广东省地图院,粤S（2018）177号,"《公益性保障服务工程（2017年度）——广东省系列标准地图编制》
——《广东省地图（交通要素版）》（ 1:170万）
","2018-11-02 00:00:00",公开展示,粤图审字[2018]第186号
广东省地图出版社有限公司,粤S（2018）188号,《广东省航道图》（双全开单面）,"2018-12-04 00:00:00",公开展示,粤图审字[2018]第199号
广东省地图院,粤S（2018）196号,"《公益性保障服务工程（2017年度）—广东省系列标准地图编制》
——《广东省地图（水系要素版）》（岛状图）(1:240万)
","2018-12-13 00:00:00",公开展示,粤图审字[2018]第207号
广州地理研究所,粤S（2017）018号,"广东省国土规划（2016-2030年）插图10幅：
1.《广东省人均水资源量分布图》
2.《广东省水土流失敏感性等级分布图》
3.《广东省2015年大气环境综合质量分布图》
4.《广东省近岸水质等级分布图》
5.《广东省重要生态空间和适宜建设开发空间分布》
6.《广东省国土开发和保护总体格局》
7.《广东省陆海生态安全布局图》
8.《广东优质耕地分布图》
9.《广东省自然灾害重点防治区图》
10.《广东省防灾减灾重点工程分布图》","2017-12-05 00:00:00",公开展示,粤图审字[2017]第024号
深圳市易图资讯股份有限公司,"不予批准(2018)第001号",《广东省地图》1:150万，对开单面,"2018-03-27 00:00:00",公开展示,粤图审字[2018]第009号
广东省地图院,粤S（2018）011号,"《公益性保障服务工程（2017年度）——广东省系列标准地图编制》
——《珠江三角洲地区地图》（1:90万）
","2018-05-10 00:00:00",公开展示,粤图审字[2018]第016号
广东省地图院,粤S（2018）052号,"《公益性保障服务工程（2017年度）——广东省系列标准地图编制》
——《高要区地图》（1：19万）
","2018-07-19 00:00:00",公开展示,粤图审字[2018]第058号
广东省地图院,粤S（2018）057号,"《公益性保障服务工程（2017年度）——广东省系列标准地图编制》
——《郁南县地图》（1:16万）
","2018-07-23 00:00:00",公开展示,粤图审字[2018]第064号
广东省地图院,粤S（2018）085号,"《公益性保障服务工程（2017年度）——广东省系列标准地图编制》
——《龙岗区地图》（1:12万）
","2018-08-16 00:00:00",公开展示,粤图审字[2018]第092号
广东省地图院,粤S（2018）088号,"《公益性保障服务工程（2017年度）——广东省系列标准地图编制》
——《坪山区地图》（1:5.1万）
","2018-08-16 00:00:00",公开展示,粤图审字[2018]第095号
广东省地图院,粤S（2018）122号,"《公益性保障服务工程（2017年度）——广东省系列标准地图编制》
 ——《海珠区地图》（1:3.6万）
","2018-08-28 00:00:00",公开展示,粤图审字[2018]第130号
广东省地图院,粤S（2018）144号,"《公益性保障服务工程（2017年度）——广东省系列标准地图编制》
——《南海区地图》（1:12万）
","2018-09-17 00:00:00",公开展示,粤图审字[2018]第152号
广东省地图院,粤S（2018）150号,"《综合课程》（九年级全一册）书中插图1幅
 《广东省四个主要区域划分图》
","2018-09-27 00:00:00",书刊插图,粤图审字[2018]第158号
广东省地图院,粤S（2018）156号,"《公益性保障服务工程（2017年度）—— 广东省系列标准地图编制》 
——《梅州市地图》（1﹕45万）
","2018-09-29 00:00:00",公开展示,粤图审字[2018]第164号
广东省地图院,粤S（2018）162号,"《公益性保障服务工程（2017年度）——广东省系列标准地图编制》
 ——《梅江区地图》（1:9.7万）
","2018-09-29 00:00:00",公开展示,粤图审字[2018]第170号
广东省地图院,粤S（2018）191号,"《公益性保障服务工程（2017年度）—广东省系列标准地图编制》
——《广东省地图（全要素版）》（岛状图）(1:170万)
","2018-12-13 00:00:00",公开展示,粤图审字[2018]第202号
广东省地图院,粤S（2018）201号,"《公益性保障服务工程（2017年度）—广东省系列标准地图编制》
——《广东省地图（政区版三）》（岛状图）(1:170万)
","2018-12-13 00:00:00",公开展示,粤图审字[2018]第212号
广东省地图院,粤S（2017）017号,《广东省简图》（16开单面）,"2017-12-01 00:00:00",公开展示,粤图审字[2017]第022号
广东省地图院,粤S（2018）012号,"《公益性保障服务工程（2017年度）——广东省系列标准地图编制》
——《粤港澳大湾区地图》（1:90万）
","2018-05-10 00:00:00",公开展示,粤图审字[2018]第017号
广东省地图院,粤S（2018）041号,"《公益性保障服务工程（2017年度）——广东省系列标准地图编制》
——《高州市地图》（1:19万）
","2018-07-02 00:00:00",公开展示,粤图审字[2018]第047号
广东省地图院,粤S（2018）048号,"《公益性保障服务工程（2017年度）——广东省系列标准地图编制》
——《怀集县地图》（1:21万）
","2018-07-19 00:00:00",公开展示,粤图审字[2018]第054号
广东省地图院,粤S（2018）074号,"《公益性保障服务工程（2017年度）——广东省系列标准地图编制》
——《潮阳区地图》（1:11万）
","2018-08-07 00:00:00",公开展示,粤图审字[2018]第081号
广东省地图院,粤S（2018）075号,"《公益性保障服务工程（2017年度）——广东省系列标准地图编制》
——《澄海区地图》（1:6.3万）
","2018-08-07 00:00:00",公开展示,粤图审字[2018]第082号
广东省地图院,粤S（2018）080号,"《公益性保障服务工程（2017年度）——广东省系列标准地图编制》
——《南澳县地图》（1:5万）
","2018-08-07 00:00:00",公开展示,粤图审字[2018]第087号
广东省地图院,粤S（2018）082号,"《公益性保障服务工程（2017年度）——广东省系列标准地图编制》
——《宝安区地图》（1:7.3万）
","2018-08-16 00:00:00",公开展示,粤图审字[2018]第089号
广东省地图院,粤S（2018）089号,"《公益性保障服务工程（2017年度）——广东省系列标准地图编制》
——《深圳市地图》（1:18万）
","2018-08-16 00:00:00",公开展示,粤图审字[2018]第096号
广东省地图院,粤S（2018）110号,"《公益性保障服务工程（2017年度）——广东省系列标准地图编制》
——《连山壮族瑶族自治县地图》（1:15万）
","2018-08-20 00:00:00",公开展示,粤图审字[2018]第117号
广东省地图院,粤S（2018）114号,"《公益性保障服务工程（2017年度）——广东省系列标准地图编制》
 ——《揭西县地图》（1:12万）
","2018-08-28 00:00:00",公开展示,粤图审字[2018]第122号
广东省地图院,粤S（2018）119号,"《公益性保障服务工程（2017年度）——广东省系列标准地图编制》
 ——《从化区地图》（1:18万）
","2018-08-28 00:00:00",公开展示,粤图审字[2018]第127号
广东省地图院,粤S（2018）127号,"《公益性保障服务工程（2017年度）——广东省系列标准地图编制》
 ——《天河区地图》（1:4.3万）
","2018-08-28 00:00:00",公开展示,粤图审字[2018]第135号
广东省地图院,粤S（2018）129号,"《公益性保障服务工程（2017年度）——广东省系列标准地图编制》
 ——《增城区地图》（1:13万）
","2018-08-28 00:00:00",公开展示,粤图审字[2018]第137号
广东省地图院,粤S（2018）164号,"《公益性保障服务工程（2017年度）——广东省系列标准地图编制》
 ——《平远县地图》（1:12万）
","2018-09-29 00:00:00",公开展示,粤图审字[2018]第172号
广东省地图出版社有限公司,粤S（2017）021号,"《广东地理》插图27幅 
1.连山壮族瑶族自治县手绘地图 
2.广东省及周边地图 
3.广东省行政区划地图 
4.广东地势图 
5.广东年平均降水量分布图
6.广东年平均气温分布图 
7.珠江入海口地图 
8.广东水系及通航能力图 
9.广东森林密度分布图 
10.广东主要矿产资源分布图
11.广东海洋资源分布图 
12.广东省人口密度分布图
13.广东省城市分布图 
14. 广深科技创新走廊 
15.广东省农业开发战略地图
16.广东省交通旅游地图
17.广东省交通地图
18.珠江三角洲“十三五”城际铁路规划图
19.东省滨海旅游公路地图
20.广东省区域地图
21.广东产业转移工业园分布图
22.港珠澳大桥影像图
23.粤港澳大湾区地图
24.广东省自贸区分布图
25.广东省生态安全战略格局示意图 
26.从化行政区域图
27.银林村示意图","2017-12-26 00:00:00",书刊插图,粤图审字[2017]第027号
深圳市易图资讯股份有限公司,"不予批准(2018)第003号",《粤港澳大湾区地图》（4开单面）,"2018-05-18 00:00:00",书刊插图,粤图审字[2018]第019号
深圳市易图资讯股份有限公司,粤S（2018）017号,《粤港澳大湾区地图》（4开单面）,"2018-06-19 00:00:00",公开展示,粤图审字[2018]第023号
广东省地图院,粤S（2018）029号,"《公益性保障服务工程（2017年度）——广东省系列标准地图编制》
——《河源市地图》（1：39万）
","2018-06-28 00:00:00",公开展示,粤图审字[2018]第035号
广东省地图院,粤S（2018）038号,"《公益性保障服务工程（2017年度）——广东省系列标准地图编制》
——《茂南区地图》（1:8.3万）
","2018-07-02 00:00:00",公开展示,粤图审字[2018]第044号
广东省地图院,粤S（2018）050号,"《公益性保障服务工程（2017年度）——广东省系列标准地图编制》
——《端州区地图》（1:4.5万）
","2018-07-19 00:00:00",公开展示,粤图审字[2018]第056号
广东省地图院,粤S（2018）064号,"《公益性保障服务工程（2017年度）——广东省系列标准地图编制》
——《曲江区地图》（1:16万）
","2018-07-31 00:00:00",公开展示,粤图审字[2018]第071号
广东省地图院,粤S（2018）135号,"《公益性保障服务工程（2017年度）—广东省系列标准地图编制》
——《蓬江区地图》（1:7万）
","2018-09-06 00:00:00",公开展示,粤图审字[2018]第143号
广东省地图院,粤S（2018）139号,"《广东省高分辨率航空影像数据建设项目省平台发布（公众版）》
（影像7-17级瓦片）
","2018-09-12 00:00:00",公开展示,粤图审字[2018]第147号
广东省地图院,粤S（2018）182号,"《公益性保障服务工程（2017年度）——广东省系列标准地图编制》
——《广东省地图（水系要素版）》（1:240万）
","2018-11-02 00:00:00",公开展示,粤图审字[2018]第191号
广东省地图院,粤S（2018）202号,"《公益性保障服务工程（2017年度）—广东省系列标准地图编制》
——《广东省地图（政区版三）》（岛状图）(1:240万)
","2018-12-13 00:00:00",公开展示,粤图审字[2018]第213号
广东省地图院,粤S（2017）002号,"《驿道乡道》插图3幅，8开单面：
1.广东省行政区划图
2.广东省交通图
3.广东省地势图","2017-04-28 00:00:00",书刊插图,粤图审字[2017]第003号
深圳市易图资讯股份有限公司,粤S（2018）010号,《广东省地图》（1:150万，对开单面）,"2018-05-10 00:00:00",公开展示,粤图审字[2018]第015号
广东省地图院,粤S（2018）016号,"《公益性保障服务工程（2017年度）——广东省系列标准地图编制》
——《东莞市地图》（1:15万）
","2018-06-19 00:00:00",公开展示,粤图审字[2018]第022号
广东省地图院,粤S（2018）019号,"《公益性保障服务工程（2017年度）——广东省系列标准地图编制》
——《潮州市地图》（1:24万）","2018-06-20 00:00:00",公开展示,粤图审字[2018]第029号
广东省地图院,粤S（2018）028号,"《公益性保障服务工程（2017年度）——广东省系列标准地图编制》
——《东源县地图》（1:22万）
","2018-06-28 00:00:00",公开展示,粤图审字[2018]第034号
广东省地图院,粤S（2018）033号,"《公益性保障服务工程（2017年度）——广东省系列标准地图编制》——《城区地图》（1:9万）","2018-06-28 00:00:00",公开展示,粤图审字[2018]第039号
广东省地图院,粤S（2018）034号,"《公益性保障服务工程（2017年度）——广东省系列标准地图编制》——《海丰县地图》（1:17万）
","2018-06-28 00:00:00",公开展示,粤图审字[2018]第040号
广东省地图院,粤S（2018）039号,"《公益性保障服务工程（2017年度）——广东省系列标准地图编制》
——《信宜市地图》（1:20万）
","2018-07-02 00:00:00",公开展示,粤图审字[2018]第045号
广东省地图院,粤S（2018）086号,"《公益性保障服务工程（2017年度）——广东省系列标准地图编制》
——《罗湖区地图》（1:3.2万）
","2018-08-16 00:00:00",公开展示,粤图审字[2018]第093号
广东省地图院,粤S（2018）087号,"《公益性保障服务工程（2017年度）——广东省系列标准地图编制》
——《南山区地图》（1:5.2万）
","2018-08-16 00:00:00",公开展示,粤图审字[2018]第094号
广东省地图院,粤S（2018）090号,"《公益性保障服务工程（2017年度）——广东省系列标准地图编制》
——《盐田区地图》（1:3.6万）
","2018-08-16 00:00:00",公开展示,粤图审字[2018]第097号
广东省地图院,粤S（2018）126号,"《公益性保障服务工程（2017年度）——广东省系列标准地图编制》
 ——《南沙区地图》（1:11万）
","2018-08-28 00:00:00",公开展示,粤图审字[2018]第134号
广东省地图院,粤S（2018）137号,"《公益性保障服务工程（2017年度）—广东省系列标准地图编制》
——《新会区地图》（1:13万）
","2018-09-06 00:00:00",公开展示,粤图审字[2018]第145号
广东省地图出版社有限公司,粤S（2018）148号,"《综合课程》（八年级上册）书中插图3幅
 1.《广东省行政区划示意图》 
2.《广东省21个地级市示意图》
 3.《港珠澳大桥影像图》
","2018-09-27 00:00:00",书刊插图,粤图审字[2018]第156号
广东省地图院,粤S（2018）153号,"《公益性保障服务工程（2017年度）——广东省系列标准地图编制》
——《阳东区地图》（1:17万）
","2018-09-29 00:00:00",公开展示,粤图审字[2018]第161号
广东省地图院,粤S（2018）180号,"《公益性保障服务工程（2017年度）——广东省系列标准地图编制》
——《广东省地图（示意版）》（1:240万）
","2018-11-02 00:00:00",公开展示,粤图审字[2018]第189号
广州地理研究所,粤S（2017）019号,"《广东省国土规划（2016-2030年）图集》（34幅，8开本）","2017-12-05 00:00:00",公开展示,粤图审字[2017]第025号
广东省地图院,粤S（2018）001号,"《珠江三角洲产业布局一体化规划》附图三幅（16开单面）：
1.珠三角产业总体布局图
2.珠三角三大经济圈产业定位示意图
3.珠三角各市产业定位示意图","2018-01-09 00:00:00",书刊插图,粤图审字[2018]第001号
广东省地图院,粤S（2018）002号,"广东省系列领导工作用图——《广东省行政区划图》（1:80万，全开单面）","2018-01-15 00:00:00",公开展示,粤图审字[2018]第002号
广东省地图院,粤S（2018）005号,"广东省系列工作用图——《广东省工作用图》（16开本，4印张.29幅）","2018-03-09 00:00:00",公开展示,粤图审字[2018]第005号
广东省地图院,"不予批准(2018)第002号","《广东省地图库生产及电子地图切片生产》地图7幅：
图1：《珠江三角洲地区地图》（1:35万）；
图2-7：《广东省地图》（1:50万，1:70万，1:100万，1:130万，1:180万，1:250万）","2018-04-08 00:00:00",公开展示,粤图审字[2018]第010号
广东省地图院,粤S（2018）018号,"《公益性保障服务工程（2017年度）——广东省系列标准地图编制》
——《潮安区地图》(1:13万)
","2018-06-20 00:00:00",公开展示,粤图审字[2018]第028号
广东省地图院,粤S（2018）023号,"《公益性保障服务工程（2017年度）——广东省系列标准地图编制》
——《金湾区地图》（1:11万）
","2018-06-25 00:00:00",公开展示,粤图审字[2018]第025号
广东省地图院,粤S（2018）032号,"《公益性保障服务工程（2017年度）——广东省系列标准地图编制》
——《紫金县地图》（1:19万）
","2018-06-28 00:00:00",公开展示,粤图审字[2018]第038号
广东省地图院,粤S（2018）056号,"《公益性保障服务工程（2017年度）——广东省系列标准地图编制》
——《新兴县地图》（1:15万）
","2018-07-23 00:00:00",公开展示,粤图审字[2018]第063号
广东省地图院,粤S（2018）073号,"《公益性保障服务工程（2017年度）——广东省系列标准地图编制》
——《潮南区地图》（1:8.5万）
","2018-08-07 00:00:00",公开展示,粤图审字[2018]第080号
广东省地图院,粤S（2018）076号,"《公益性保障服务工程（2017年度）——广东省系列标准地图编制》
——《汕头市地图》（1:21万）
","2018-08-07 00:00:00",公开展示,粤图审字[2018]第083号
广东省地图院,粤S（2018）100号,"《公益性保障服务工程（2017年度）——广东省系列标准地图编制》
——《吴川市地图》（1:14万）
","2018-08-19 00:00:00",公开展示,粤图审字[2018]第107号
广东省地图院,粤S（2018）118号,"《公益性保障服务工程（2017年度）——广东省系列标准地图编制》
 ——《白云区地图》（1:9.5万）
","2018-08-28 00:00:00",公开展示,粤图审字[2018]第126号
广东省地图院,粤S（2018）125号,"《公益性保障服务工程（2017年度）——广东省系列标准地图编制》
 ——《荔湾区地图》（1:3万）
","2018-08-28 00:00:00",公开展示,粤图审字[2018]第133号
广东省地图院,粤S（2018）154号,"《公益性保障服务工程（2017年度）——广东省系列标准地图编制》
——《阳江市地图》（1:31万）
","2018-09-29 00:00:00",公开展示,粤图审字[2018]第162号
广东省地图院,粤S（2018）174号,"《公益性保障服务工程（2017年度）——广东省系列标准地图编制》
——《广东省地图（政区版三）》（1:240万）
","2018-11-02 00:00:00",公开展示,粤图审字[2018]第183号
中国地图出版社,粤S（2018）186号,《广东省地理地图》全开单面,"2018-11-28 00:00:00",公开登载,粤图审字[2018]第196号
广东省地图院,粤S（2018）192号,"《公益性保障服务工程（2017年度）—广东省系列标准地图编制》
——《广东省地图（全要素版）》（岛状图）(1:240万)
","2018-12-13 00:00:00",公开展示,粤图审字[2018]第203号
广东省地图院,粤S（2018）200号,"《公益性保障服务工程（2017年度）—广东省系列标准地图编制》
——《广东省地图（政区版二）》（岛状图）(1:240万)
","2018-12-13 00:00:00",公开展示,粤图审字[2018]第211号
广东省地图院,粤S（2017）010号,《新编广东省地图》全开单面,"2017-10-23 00:00:00",公开出版,粤图审字[2017]第014号
广东省地图院,粤S（2017）013号,"广东省系列领导工作用图—《广东省地势图》（1:75万，全开单面）","2017-11-01 00:00:00",公开展示,粤图审字[2017]第017号
广东省地图院,粤S（2017）015号,《广东省地图（1:100万）》全开单面,"2017-12-01 00:00:00",公开展示,粤图审字[2017]第020号
广东省地图出版社有限公司,粤S（2018）014号,《广东年鉴》插图——《广东省政区》（8开单面）,"2018-05-18 00:00:00",书刊插图,粤图审字[2018]第020号
广东省地图院,粤S（2018）021号,"《公益性保障服务工程（2017年度）——广东省系列标准地图编制》
——《湘桥区地图》（1:6.3万）
","2018-06-20 00:00:00",公开展示,粤图审字[2018]第031号
广东省地图院,粤S（2018）031号,"《公益性保障服务工程（2017年度）——广东省系列标准地图编制》
——《源城区地图》（1:7万）
","2018-06-28 00:00:00",公开展示,粤图审字[2018]第037号
广东省地图院,"不予批准(2018)第004号",《广东省地图库生产及电子地图切片生产》,"2018-07-19 00:00:00",公开登载,粤图审字[2018]第060号
广东省地图院,粤S（2018）078号,"《公益性保障服务工程（2017年度）——广东省系列标准地图编制》
——《金平区地图》（1:4.5万）
","2018-08-07 00:00:00",公开展示,粤图审字[2018]第085号
广东省地图院,粤S（2018）103号,"《公益性保障服务工程（2017年度）——广东省系列标准地图编制》
——《连南瑶族自治县地图》（1:15万）
","2018-08-20 00:00:00",公开展示,粤图审字[2018]第110号
广东省地图院,粤S（2018）107号,"《公益性保障服务工程（2017年度）——广东省系列标准地图编制》——《阳山县地图》（1:22万）","2018-08-20 00:00:00",公开展示,粤图审字[2018]第114号
广东省地图院,粤S（2018）112号,"《公益性保障服务工程（2017年度）——广东省系列标准地图编制》
——《惠来县地图》（1:13万）
","2018-08-28 00:00:00",公开展示,粤图审字[2018]第120号
广东省地图院,粤S（2018）157号,"《公益性保障服务工程（2017年度）—— 广东省系列标准地图编制》
 ——《五华县地图》（1﹕20万）
","2018-09-29 00:00:00",公开展示,粤图审字[2018]第165号
广东省地图院,粤S（2018）158号,"《公益性保障服务工程（2017年度）—— 广东省系列标准地图编制》
 ——《兴宁市地图》（1﹕18万）
","2018-09-29 00:00:00",公开展示,粤图审字[2018]第166号
广东省地图院,粤S（2018）163号,"《公益性保障服务工程（2017年度）——广东省系列标准地图编制》
 ——《梅县区地图》（1:22万）
","2018-09-29 00:00:00",公开展示,粤图审字[2018]第171号
广东省地图院,粤S（2018）181号,"《公益性保障服务工程（2017年度）——广东省系列标准地图编制》
——《广东省地图（水系要素版）》（1:170万）
","2018-11-02 00:00:00",公开展示,粤图审字[2018]第190号
广东省地图出版社有限公司,粤S（2018）187号,《珠三角中心区域航道图》（双全开单面）,"2018-12-04 00:00:00",公开展示,粤图审字[2018]第198号
广东省地图院,粤S（2018）147号,《粤港澳大湾区城市群示意图》（1:95万）,"2018-09-17 00:00:00",公开展示,粤图审字[2018]第155号
广东省地图院,粤S（2018）159号,"《公益性保障服务工程（2017年度）——广东省系列标准地图编制》
 ——《大埔县地图》（1:18万）
","2018-09-29 00:00:00",公开展示,粤图审字[2018]第167号
广东省地图院,粤S（2018）161号,"《公益性保障服务工程（2017年度）——广东省系列标准地图编制》
 ——《蕉岭县地图》（1:11万）
","2018-09-29 00:00:00",公开展示,粤图审字[2018]第169号
广州地理研究所,粤S（2017）018号,"广东省国土规划（2016-2030年）插图10幅：
1.《广东省人均水资源量分布图》
2.《广东省水土流失敏感性等级分布图》
3.《广东省2015年大气环境综合质量分布图》
4.《广东省近岸水质等级分布图》
5.《广东省重要生态空间和适宜建设开发空间分布》
6.《广东省国土开发和保护总体格局》
7.《广东省陆海生态安全布局图》
8.《广东优质耕地分布图》
9.《广东省自然灾害重点防治区图》
10.《广东省防灾减灾重点工程分布图》","2017-12-05 00:00:00",公开展示,粤图审字[2017]第024号
广东省地图院,粤S（2018）093号,"《公益性保障服务工程（2017年度）——广东省系列标准地图编制》
——《湛江市地图》（1:40万）
","2018-08-16 00:00:00",公开展示,粤图审字[2018]第100号
广东省地图院,粤S（2018）096号,"《公益性保障服务工程（2017年度）——广东省系列标准地图编制》
——《廉江市地图》（1:18万）
","2018-08-19 00:00:00",公开展示,粤图审字[2018]第103号
广东省地图院,粤S（2018）136号,"《公益性保障服务工程（2017年度）—广东省系列标准地图编制》
——《台山市地图》（1:22万）
","2018-09-06 00:00:00",公开展示,粤图审字[2018]第144号
深圳市德信美印刷有限公司,"不予批准(2018)第005号","《看广东》插图1幅：《广东省地形地貌及主要景点分布图》（16开单面）","2018-11-02 00:00:00",公开展示,粤图审字[2018]第179号
深圳市德信美印刷有限公司,"不予批准(2018)第006号","《看广东》插图1幅：《广东省地形地貌及主要景点分布图》（16开单面）","2018-11-21 00:00:00",书刊插图,粤图审字[2018]第195号
深圳市德信美印刷有限公司,粤S（2018）204号,"《看广东》插图1幅：《广东省地形地貌及主要景点分布图》（16开单面）","2018-12-15 00:00:00",公开展示,粤图审字[2018]第215号
广东省地图院,粤S（2017）011号,"《广东省电子口岸管理有限公司门户网站简图》（1:460万）","2017-10-31 00:00:00",公开登载,粤图审字[2017]第015号
广东省地图出版社有限公司,粤S（2017）022号,"《驿道乡村》插图1幅（8开单面）
 广东省驿道图
《驿道乡村》插图21幅（16开单面）
1.广州市驿道图 
2.深圳市驿道图
3.珠海市驿道图
4.汕头市驿道图
5.佛山市驿道图
6.韶关市驿道图
7.河源市驿道图
8.梅州市驿道图
9.惠州市驿道图
10.汕尾市驿道图
11.东莞市驿道图
12.中山市驿道图 
13.江门市驿道图
14.阳江市驿道图
15.湛江市驿道图
16.茂名市驿道图
17.肇庆市驿道图
18.清远市驿道图
19.潮州市驿道图
20.揭阳市驿道图
21.云浮市驿道图","2017-12-26 00:00:00",书刊插图,粤图审字[2017]第028号
深圳市易图资讯股份有限公司,"不予批准(2018)第001号",《广东省地图》1:150万，对开单面,"2018-03-27 00:00:00",公开展示,粤图审字[2018]第009号
广东省地图院,粤S（2018）011号,"《公益性保障服务工程（2017年度）——广东省系列标准地图编制》
——《珠江三角洲地区地图》（1:90万）
","2018-05-10 00:00:00",公开展示,粤图审字[2018]第016号
广东省地图院,粤S（2018）052号,"《公益性保障服务工程（2017年度）——广东省系列标准地图编制》
——《高要区地图》（1：19万）
","2018-07-19 00:00:00",公开展示,粤图审字[2018]第058号
广东省地图院,粤S（2018）057号,"《公益性保障服务工程（2017年度）——广东省系列标准地图编制》
——《郁南县地图》（1:16万）
","2018-07-23 00:00:00",公开展示,粤图审字[2018]第064号
广东省地图院,粤S（2018）085号,"《公益性保障服务工程（2017年度）——广东省系列标准地图编制》
——《龙岗区地图》（1:12万）
","2018-08-16 00:00:00",公开展示,粤图审字[2018]第092号
广东省地图院,粤S（2018）088号,"《公益性保障服务工程（2017年度）——广东省系列标准地图编制》
——《坪山区地图》（1:5.1万）
","2018-08-16 00:00:00",公开展示,粤图审字[2018]第095号
广东省地图院,粤S（2018）093号,"《公益性保障服务工程（2017年度）——广东省系列标准地图编制》
——《湛江市地图》（1:40万）
","2018-08-16 00:00:00",公开展示,粤图审字[2018]第100号
广东省地图院,粤S（2018）096号,"《公益性保障服务工程（2017年度）——广东省系列标准地图编制》
——《廉江市地图》（1:18万）
","2018-08-19 00:00:00",公开展示,粤图审字[2018]第103号
广东省地图院,粤S（2018）136号,"《公益性保障服务工程（2017年度）—广东省系列标准地图编制》
——《台山市地图》（1:22万）
","2018-09-06 00:00:00",公开展示,粤图审字[2018]第144号
深圳市德信美印刷有限公司,"不予批准(2018)第005号","《看广东》插图1幅：《广东省地形地貌及主要景点分布图》（16开单面）","2018-11-02 00:00:00",公开展示,粤图审字[2018]第179号
深圳市德信美印刷有限公司,"不予批准(2018)第006号","《看广东》插图1幅：《广东省地形地貌及主要景点分布图》（16开单面）","2018-11-21 00:00:00",书刊插图,粤图审字[2018]第195号
深圳市德信美印刷有限公司,粤S（2018）204号,"《看广东》插图1幅：《广东省地形地貌及主要景点分布图》（16开单面）","2018-12-15 00:00:00",公开展示,粤图审字[2018]第215号
广东省地图院,粤S（2017）011号,"《广东省电子口岸管理有限公司门户网站简图》（1:460万）","2017-10-31 00:00:00",公开登载,粤图审字[2017]第015号
广东省地图出版社有限公司,粤S（2017）022号,"《驿道乡村》插图1幅（8开单面）
 广东省驿道图
《驿道乡村》插图21幅（16开单面）
1.广州市驿道图 
2.深圳市驿道图
3.珠海市驿道图
4.汕头市驿道图
5.佛山市驿道图
6.韶关市驿道图
7.河源市驿道图
8.梅州市驿道图
9.惠州市驿道图
10.汕尾市驿道图
11.东莞市驿道图
12.中山市驿道图 
13.江门市驿道图
14.阳江市驿道图
15.湛江市驿道图
16.茂名市驿道图
17.肇庆市驿道图
18.清远市驿道图
19.潮州市驿道图
20.揭阳市驿道图
21.云浮市驿道图","2017-12-26 00:00:00",书刊插图,粤图审字[2017]第028号
广东省地图院,粤S（2018）067号,"《公益性保障服务工程（2017年度）——广东省系列标准地图编制》
——《韶关市地图》（1:52万）
","2018-07-31 00:00:00",公开展示,粤图审字[2018]第074号
广东省地图院,粤S（2018）091号,"《公益性保障服务工程（2017年度）——广东省系列标准地图编制》
——《龙华区地图》（1:4.2万）
","2018-08-16 00:00:00",公开展示,粤图审字[2018]第098号
广东省地图院,粤S（2018）109号,"《公益性保障服务工程（2017年度）——广东省系列标准地图编制》
——《佛冈县地图》（1:15万）
","2018-08-20 00:00:00",公开展示,粤图审字[2018]第116号
韶关市国土资源技术中心,"不予批准(2018)第007号","八开地图8幅：
1. 《广东省耕地土壤类型图》
2. 《广东省耕地质量等级图》
3. 《广东省耕地土壤有机质含量分级图》
4. 《广东省耕地全氮含量分级图》 
5. 《广东省耕地有效磷含量分级图》
6. 《广东省耕地速效钾含量分级图》
7. 《广东省耕地土壤PH分级图》
8. 《广东省水田集中连片分布图》
","2018-11-30 00:00:00",公开展示,粤图审字[2018]第197号
广东省地图院,粤S（2018）194号,"《公益性保障服务工程（2017年度）—广东省系列标准地图编制》
——《广东省地图（示意版）》（岛状图）(1:240万)
","2018-12-13 00:00:00",公开展示,粤图审字[2018]第205号
广东省地图出版社有限公司,粤S（2017）016号,"《广东建设年鉴2017》书中插图书中插图2幅：
1.《广东省南粤古驿道文化线路保护与利用总体规划——广东古驿道遗存现状分布图》（8开单面）
2.《珠江三角洲全域空间规划（2016-2020）——空间结构规划图》（16开单面）","2017-12-01 00:00:00",书刊插图,粤图审字[2017]第021号
广东省地图出版社有限公司,粤S（2018）015号,"《广东建设年鉴》插图——《广东省政区》（8开单面）","2018-05-18 00:00:00",书刊插图,粤图审字[2018]第021号
广东省地图院,粤S（2018）025号,"《公益性保障服务工程（2017年度）——广东省系列标准地图编制》——《珠海市地图》（1:25万）","2018-06-25 00:00:00",公开展示,粤图审字[2018]第027号
广东省地图院,粤S（2018）035号,"《公益性保障服务工程（2017年度）——广东省系列标准地图编制》
——《陆丰市地图》（1:15万）
","2018-06-28 00:00:00",公开展示,粤图审字[2018]第041号
广东省地图院,粤S（2018）049号,"《公益性保障服务工程（2017年度）——广东省系列标准地图编制》
——《四会市地图》（1:13万）
","2018-07-19 00:00:00",公开展示,粤图审字[2018]第055号
广东省地图院,粤S（2018）053号,"《公益性保障服务工程（2017年度）——广东省系列标准地图编制》
——《德庆县地图》（1:15万）
","2018-07-19 00:00:00",公开展示,粤图审字[2018]第059号
广东省地图院,粤S（2018）061号,"《地理信息公共服务平台（公众版）数据更新（2017年度）
——“天地图·广东”7-14级公众版电子地图》
","2018-07-31 00:00:00",公开登载,粤图审字[2018]第068号
广东省地图院,粤S（2018）062号,"《公益性保障服务工程（2017年度）——广东省系列标准地图编制》
——《乐昌市地图》（1:18万）
","2018-07-31 00:00:00",公开展示,粤图审字[2018]第069号
广东省地图院,粤S（2018）070号,"《公益性保障服务工程（2017年度）——广东省系列标准地图编制》
——《武江区地图》（1:13万）
","2018-07-31 00:00:00",公开展示,粤图审字[2018]第077号
广东省地图院,粤S（2018）098号,"《公益性保障服务工程（2017年度）——广东省系列标准地图编制》
——《坡头区地图》（1:8.5万）
","2018-08-19 00:00:00",公开展示,粤图审字[2018]第105号
广东省地图院,粤S（2018）099号,"《公益性保障服务工程（2017年度）——广东省系列标准地图编制》
——《遂溪县地图》（1:16万）
","2018-08-19 00:00:00",公开展示,粤图审字[2018]第106号
广东省地图院,粤S（2018）101号,"《公益性保障服务工程（2017年度）——广东省系列标准地图编制》
——《霞山区地图》（1:5.8万）
","2018-08-19 00:00:00",公开展示,粤图审字[2018]第108号
广东省地图院,粤S（2018）105号,"《公益性保障服务工程（2017年度）——广东省系列标准地图编制》
——《清城区地图》（1:14万）
","2018-08-20 00:00:00",公开展示,粤图审字[2018]第112号
广东省地图院,粤S（2018）111号,"《公益性保障服务工程（2017年度）——广东省系列标准地图编制》
——《清远市地图》（1:55万）
","2018-08-20 00:00:00",公开展示,粤图审字[2018]第118号
广东省地图院,粤S（2018）115号,"《公益性保障服务工程（2017年度）——广东省系列标准地图编制》
 ——《揭阳市地图》（1:28万）
","2018-08-28 00:00:00",公开展示,粤图审字[2018]第123号
广东省地图院,粤S（2018）121号,"《公益性保障服务工程（2017年度）——广东省系列标准地图编制》
 ——《广州市地图》（1:31万）
","2018-08-28 00:00:00",公开展示,粤图审字[2018]第129号
广东省地图院,粤S（2018）128号,"《公益性保障服务工程（2017年度）——广东省系列标准地图编制》
 ——《越秀区地图》（1:2.1万）
","2018-08-28 00:00:00",公开展示,粤图审字[2018]第136号
广东省地图出版社有限公司,粤S（2018）149号,"《综合课程》（七年级上册）书中插图4幅
 1.《广东省地理位置示意图》
 2.《广东省地形示意图》
3.《广东省年平均气温分布》
4.《广东省年降水量分布》
","2018-09-27 00:00:00",书刊插图,粤图审字[2018]第157号
广东省地图院,粤S（2018）195号,"《公益性保障服务工程（2017年度）—广东省系列标准地图编制》
——《广东省地图（水系要素版）》（岛状图）(1:170万)
","2018-12-13 00:00:00",公开展示,粤图审字[2018]第206号
广东省地质调查院,粤S（2017）005号,"广东省矿产资源总体规划（2016-2020年）附图5幅（全开单面）：
1. 广东省矿产资源分布图
2. 广东省矿产资源开发利用现状图
3. 广东省矿产资源勘察规划图
4. 广东省矿产资源开发利用与保护规划图
5. 广东省矿山地质环境重点治理区规划图","2017-06-25 00:00:00",公开展示,粤图审字[2017]第007号
广东省地图院,粤S（2017）009号,《广东红色军事文化遗产分布图》双全开单面,"2017-10-23 00:00:00",公开出版,粤图审字[2017]第013号
广东省地图院,粤S（2017）012号,"广东省系列领导工作用图—《广东省地图》（1:80万，1220mm×960mm）","2017-10-31 00:00:00",公开展示,粤图审字[2017]第016号
广东省地图院,粤S（2018）063号,"《公益性保障服务工程（2017年度）——广东省系列标准地图编制》
——《南雄市地图》（1:16万）
","2018-07-31 00:00:00",公开展示,粤图审字[2018]第070号
广东省地图院,粤S（2018）069号,"《公益性保障服务工程（2017年度）——广东省系列标准地图编制》
——《翁源县地图》（1:17万）
","2018-07-31 00:00:00",公开展示,粤图审字[2018]第076号
