F3070220000030_000018003,F3070220000030_000018004,F3070220000030_000018001,F3070220000030_000018002,F3070220000030_000018007,F3070220000030_000018008,F3070220000030_000018005,F3070220000030_000018006
粤国土资通告〔2018〕14号,-,"广东省广东利泰大健康产业股份有限公司三坑矿泉水矿山地质环境保护与土地复垦方案",揭阳市普宁市,0000-00-00,"0000-00-00 00:00:00",审查通过,广东省国土资源厅
粤国土资通告〔2018〕14号,-,"广东省广东利泰大健康产业股份有限公司三坑矿泉水矿山地质环境保护与土地复垦方案",揭阳市普宁市,0000-00-00,"0000-00-00 00:00:00",审查通过,广东省国土资源厅
粤国土资地环函〔2017〕3403号,"
广东省国土资源厅关于广东省梅州市金雁铜业公司玉水硫铜矿矿山地质环境保护与土地复垦方案审查意见的函

梅州市金雁铜业公司玉水硫铜矿：

　　根据《矿山地质环境保护规定》（国土资源部令第44号）和国土资源部办公厅《关于做好矿山地质环境保护与土地复垦方案编报有关工作的通知》（国土资规〔2016〕21号）要求，省地质灾害防治协会组织专家于2017年6月12-13日对你单位上报的《广东省梅州市金雁铜业公司玉水硫铜矿矿山地质环境保护与土地复垦方案》（以下简称《方案》）进行了评审。现《方案》已经专家组评审通过，并已按照专家组提出的意见进行了修改完善。经合规性审查，《方案》评审程序合理，评审专家组成符合有关规定。我厅原则同意专家组对《方案》提出的评审意见。

　　请你单位严格按照审查通过的《方案》，切实做好矿山地质环境保护与土地复垦工作。
","广东省梅州市金雁铜业公司玉水硫铜矿矿山地质环境保护与土地复垦方案",梅州市平原县,0000-00-00,"0000-00-00 00:00:00",审查通过,广东省国土资源厅
粤国土资地环函〔2017〕2360号,"广东省英德市西牛镇生发矿产购销部茶岭硫铁矿矿山地质环境保护与土地复垦方案 评审结果公示
　　根据《国土资源部办公厅关于做好矿山地质环境保护与土地复垦方案编报有关工作的通知》（国土资规〔2016〕21号）要求，《广东省英德市西牛镇生发矿产购销部茶岭硫铁矿矿山地质环境保护与土地复垦方案》（以下简称《方案》）已经省地质灾害防治协会组织专家评审通过，现予以公示。公示期自8月25日至9月4日，如有异议，可在公示期间通过电话、来访等方式反映。
　　联系人：黄志国，电话：020-87018321，传真：020-38802894","广东省英德市西牛镇生发矿产购销部茶岭硫铁矿矿山地质环境保护与土地复垦方案",清远市英德市,0000-00-00,"0000-00-00 00:00:00",审查通过,广东省国土资源厅
粤国土资通告〔2018〕11号,-,"广东省英德市西牛镇生发矿产购销部茶岭硫铁矿矿山地质环境保护与土地复垦方案",茂名市信宜市,0000-00-00,"0000-00-00 00:00:00",审查通过,广东省国土资源厅
粤国土资通告〔2018〕7号,-,"广东省韶关市源盛矿业有限公司英德市大镇韫山栋矿区铅锌矿矿山地质环境保护与土地复垦方案",清远市英德市,0000-00-00,"0000-00-00 00:00:00",审查不通过,广东省国土资源厅
粤国土资通告〔2018〕9号,-,"广州天宝矿业有限公司英德市八宝矿区岩头区段铅锌银多金属矿矿山地质环境保护与土地复垦方案",清远市英德市,0000-00-00,"0000-00-00 00:00:00",审查通过,广东省国土资源厅
粤国土资通告〔2018〕10号,-,"广东省英德市德丰矿产资源经营有限公司金门铁矿矿山地质环境保护与土地复垦方案",清远市英德市,0000-00-00,"0000-00-00 00:00:00",审查通过,广东省国土资源厅
粤自然资通告〔2018〕1号,-,"广东省平远县粤华矿产有限公司长窝里铁矿熔剂用白云岩矿山地质环境保护与土地复垦方案",梅州市平原县,0000-00-00,"0000-00-00 00:00:00",审查通过,广东省自然资源厅
粤国土资地环函〔2018〕250号,"惠州市德泰利矿业有限公司博罗县泰美524矿区铌钽矿矿山地质环境保护与土地复垦方案评审结果公示

　　根据《国土资源部办公厅关于做好矿山地质环境保护与土地复垦方案编报有关工作的通知》（国土资规〔2016〕21号）要求，《惠州市德泰利矿业有限公司博罗县泰美524矿区铌钽矿矿山地质环境保护与土地复垦方案》（以下简称《方案》）已经省地质灾害防治协会组织专家评审通过，现予以公示。公示期自1月12日至1月22日，如有异议，可在公示期间通过电话、来访等方式反映。

　　联系人：黄志国，电话：020-87018321，传真：020-38802894
","惠州市德泰利矿业有限公司博罗县泰美524矿区铌钽矿矿山地质环境保护与土地复垦方案",惠州市博罗县,0000-00-00,"0000-00-00 00:00:00",审查通过,广东省国土资源厅
