F3070220000035_000063001,F3070220000035_000063003,F3070220000035_000063002,F3070220000035_000063004
广东立威化工有限公司,茂名市茂高公路旁（金塘尚垌）,叶炎婵,氟氯·吡虫啉悬浮剂
广东立威化工有限公司,茂名市茂高公路旁（金塘尚垌）,叶炎婵,联苯肼酯·乙螨唑悬浮剂
广州超威日用化学用品有限公司,"广东省广州市番禺区新造镇新谭公路永兴工业区综合管理大楼402",陈丹丽,右旋苯醚氰菊酯杀虫烟雾剂
广州超威日用化学用品有限公司,"广东省广州市番禺区新造镇新谭公路永兴工业区综合管理大楼402",陈丹丽,四氟苯菊酯驱蚊片
广州超威日用化学用品有限公司,"广东省广州市番禺区新造镇新谭公路永兴工业区综合管理大楼402",陈丹丽,四氟苯菊酯驱蚊网
