"信用记录编码","企业名称","法人代表","单位地址","主要违法违规行为","处罚依据","处罚结果","公布期限","涉案产品名称","涉案产品标识","涉案产品批准文号","涉案产品生产许可证号","发布单位"
"36CD6E3AA4FE4348A454071784A3744B","林旭武","林旭武 ","普宁市南径镇","涉嫌销售假冒金龙鱼食用油、榕城牌味精","中华人民共和国食品安全法》第八十四、第九十八条","移送公安机关追究刑事责任","两年（2015年9月29日至2017年9月28日）","假冒金龙鱼食用油、榕城牌味精","/","/","/","揭阳市食品药品监督管理局"
"275D0B624DED45B1AED13353BC32BA98","罗少龙","罗少龙 ","普宁市南径镇","涉嫌生产销售生产假冒金龙鱼食用油","中华人民共和国食品安全法》第八十四、第九十八条","移送公安机关追究刑事责任","两年（2015年9月29日至2017年9月28日）","假冒金龙鱼食用油","/","/","/","揭阳市食品药品监督管理局"
"DA43C6E9AA5E47D5909059B6C6886E4A","深圳市润泽堂药业连锁有限公司沙边分店","法人代表：林雪卿 ","深圳市宝安区西乡街道固戍社区南昌路33号101","未在规定时间内通过《药品经营质量管理规范》认证仍进行药品经营","《中华人民共和国药品管理法 》第七十九条 ,《中华人民共和国药品管理法实施条例》第六十三条","1、责令停业整顿30日；2、罚款人民币伍仟元整（￥5000.00）","两年（2015年3月11日-2017年3月10日）","/","/","/","/","深圳市局"
"D68A16ABCED1421C94BC877FC8DC8DA7","广东国药医药连锁企业有限公司深圳永春分店","法人代表：梁春美","深圳市宝安区沙井街道沙三上下围第四工业区A栋首层001号专柜","未在规定时间内通过《药品经营质量管理规范》认证仍进行药品经营","《中华人民共和国药品管理法 》第七十九条 ,《中华人民共和国药品管理法实施条例》第六十三条","1、责令停业整顿15日；2、罚款人民币伍仟元整（￥5000.00）","两年（2015年3月11日-2017年3月10日）","/","/","/","/","深圳市局"
"1E6DAF49D36A4F1EB12B8CD55D9ABC93","化州市橘红保健品有限公司","法定代表人： 朱鹏宇","化州市梅化路（原化州制药厂）","不按企业标准生产“安眠健脑口服液”、“孕宝口服液”等产品，存在超范围生产上述产品的行为","《中华人民共和国食品安全法》第八十四条","罚款、吊销《全国工业产品生产许可证》","两年（2015年2月28日至2017年2月27日）","安眠健脑口服液、孕宝口服液、海马龟鹿口服液、猴子积液、益气养血、甘草片、牛初乳钙片、燕窝氨基酸口服液、蜜炼化州橘红川贝膏、生血剂口服液、蜜炼化州橘红雪梨膏、海狗三鞭口服液等","　","未经许可","/","化州市局"
"3770DE60F74B4C4F9522A7EF2E03A92D","广宁县南街镇莫二粉厂","法定代表人：梁梓贤","广宁县南街镇莫二村口","在食品生产经营过程中存在“生产经营条件已经发生变化不符合食品生产条件仍生产食品、使用检验不合格大米生产河粉、食品生产管理混乱”等现象，多次整改仍不符合食品安全生产的要求，出现了不能落实食品原料进货检验制度，不能按规定查验产品的合格证明文件，对无法提供有效合格证明文件的产品不能依照食品安全标准进行检验的行为。","《中华人民共和国食品安全法实施条例》第五十五条、《中华人民共和国食品安全法》第八十五条","吊销广宁县南街镇莫二粉厂《全国工业产品生产许可证》","两年（2015年3月3日至2017年3月2日）","河粉","河粉","/","/","肇庆市局"
"934F64A46559485DABAE348EFD8F7967","佛山市矩鸿食品有限公司","关允声","佛山市南海区大沥镇盐步东秀碧华村工业区6号的厂房","未经许可从事食品生产经营活动","依据《中华人民共和国食品安全法》第八十四条第一款的规定","1、没收违法所得贰仟四佰壹拾伍元整（￥2415.00）；2、罚款贰拾玖万柒仟玖佰元整（￥297900.00）。","两年（2014年10月18日至2016年10月17日）","珍宝超大凤爪和熟鸡脚","/","/","/","佛山市南海区食品药品监督管理局"
"CFB628D536D6446ABEDE93960D562F66","江门市蓬江区利民康六坊药店","刘辉","江门市蓬江区荷塘镇中泰西路三号六坊开发区业鸿大厦A座1层","销售未取得药品批准文号的假药伟哥双动力、金伟哥等","《中华人民共和国药品管理法》第七十三条","吊销《药品经营许可证》","两年（2015年12月10日至2017年12月9日）","/","/","/","/","江门市食品药品监督管理局"
"E2FD8D1B95A34B53AB89DA81B8511EBA","罗志旭","罗志旭 ","普宁市南径镇","涉嫌生产销售假冒金龙鱼食用油","中华人民共和国食品安全法》第八十四、第九十八条","移送公安机关追究刑事责任","两年（2015年9月29日至2017年9月28日）","假冒金龙鱼食用油","/","/","/","揭阳市食品药品监督管理局"
"A52BEFFD795746C2BC4F203E16885717","无证生产化妆品窝点","/","白云区均禾街石马村桃源北东街元边一巷4号1楼","该场所不具有《化妆品生产企业卫生许可证》，未经许可生产冰凉止痒健康沐浴露等化妆品","《化妆品卫生监督条例》第二十四条、《国务院关于加强食品等产品安全管理的特别规定》第十五条第一款第三项的规定","对该无证化妆品生产场所的产品、原料、生产设备等进行查封扣押，按程序没收、销毁","两年（2015年4月13日至2017年4月12日）","假冒“冰凉止痒健康沐浴露”等产品","/","/","/","广州市食品药品监督管理局"
"CAA6B83E7CAB486C9066DB8884E3F467","深圳市润泽堂药业连锁有限公司官田分店","法人代表：林雪卿 ","深圳市宝安区石岩街道官田社区吉祥路23号一楼","未在规定时间内通过《药品经营质量管理规范》认证仍进行药品经营","《中华人民共和国药品管理法 》第七十九条 ,《中华人民共和国药品管理法实施条例》第六十三条","1、责令停业整顿30日；2、罚款人民币伍仟元整（￥5000.00）","两年（2015年3月11日-2017年3月10日）","/","/","/","/","深圳市局"
"00A4FA02773D4483BDE1D598B7DD7B8C","深圳市保生堂药业发展有限公司石岩园美店","企业负责人：杨兰","深圳市宝安区石岩街道园美社区园岭大道23号102","未在规定时间内通过《药品经营质量管理规范》认证仍进行药品经营","《中华人民共和国药品管理法》第七十九条 ,《中华人民共和国药品管理法实施条例》第六十三条","1、责令停业整顿30日；2、罚款人民币伍仟元整（￥5000.00）","两年（2015年3月11日-2017年3月10日）","/","/","/","/","深圳市局"
"D121D134688A4781B6C1B6C6457DC18E","中山市石岐区东晖光明药店","林水生","中山市石岐区员峰东街1巷1号","销售假药","《药品管理法》第四十八条第一款、第七十六条。","1、处罚款：1850.00元；2、吊销中山市石岐区东晖光明药店《药品经营许可证》（证号：粤DB7600357）；3、林水生（身份证号码：441426********0010）自作出行政处罚决定之日起十年内不得从事药品生产、经营活动(2015年8月21日至2025年8月20日）。","两年（2015年10月21日至2017年10月20日）","黄道益活络油、坐骨神经痛丸、娥羅钠英H软膏、Vigour","/","/","/","中山市食品药品监督管理局"
"90DAD6E6939F4381812F84AE87108F2F","辛灼荣","辛灼荣","罗定市连州镇连州村委白坟垌40号","未取得食品生产许可从事食品生产活动","《中华人民共和国食品安全法》第八十四条","没收违法生产经营的食品和用于违法生产经营的工具、设备、原料等物品；并处人民币捌仟元整（￥8000.00）的罚款。","两年（2015年7月29日至2017年7月28日）","河粉","/","/","/","罗定市食品药品监督管理局局"
"565D0349FC1F480CBA342181C8D219DA","广东国安堂大药房有限公司","韦国荣","深圳市西丽留仙洞关外北区1号厂房106","未按规定实施《药品经营质量管理规范》，情节严重","《中华人民共和国药品管理法》第七十九条","吊销《药品经营许可证》","两年（2015年3月11日-2017年3月10日）","/","/","/","/","深圳市局"
"495746C3C6F541C8B183A87A7AA4A5A8","深圳市润泽堂药业连锁有限公司沙头分店（首层）","法人代表：林雪卿","深圳市宝安区沙井街道沙头社区金沙二路第37-38间","未在规定时间内通过《药品经营质量管理规范》认证仍进行药品经营","《中华人民共和国药品管理法 》第七十九条 ,《中华人民共和国药品管理法实施条例》第六十三条","1、责令停业整顿15日；2、罚款人民币伍仟元整（￥5000.00）","两年（2015年3月11日-2017年3月10日）","/","/","/","/","深圳市局"
"CBA9ED078968423C818E8DA538929E92","深圳市宝安区石岩恒宜大药房","周锋 企业负责人","深圳市宝安区石岩街道石新社区洲石路32号102","未在规定时间内通过《药品经营质量管理规范》认证仍进行药品经营","《中华人民共和国药品管理法 》第七十九条 ,《中华人民共和国药品管理法实施条例》第六十三条","1、责令停业整顿30日；2、罚款人民币伍仟元整（￥5000.00）","两年（2015年3月11日-2017年3月10日）","/","/","/","/","深圳市局"
"AF5689AEABD14976BAA8486064715619","深圳市宝安区沙井民生药店","企业负责人： 吴小兵","深圳市宝安区沙井街道黄埔洪田祠堂路1号1号铺","未在规定时间内通过《药品经营质量管理规范》认证仍进行药品经营","《中华人民共和国药品管理法 》第七十九条 ,《中华人民共和国药品管理法实施条例》第六十三条","1、责令停业整顿30日；2、罚款人民币伍仟元整（￥5000.00）","两年（2015年3月11日-2017年3月10日）","/","/","/","/","深圳市局"
"F106CD2BF5DA4DD08893F565D3EE5231","广东国药医药连锁企业有限公司深圳兴业分店","企业负责人： 肖贤军","深圳市宝安区沙井街道壆岗村前路90-92号","未在规定时间内通过《药品经营质量管理规范》认证仍进行药品经营","《中华人民共和国药品管理法 》第七十九条 ,《中华人民共和国药品管理法实施条例》第六十三条","1、责令停业整顿30日；2、罚款人民币伍仟元整（￥5000.00）","两年（2015年3月11日-2017年3月10日）","/","/","/","/","深圳市局"
"D9328A1297B74D3686685315362C73D0","陆丰市南丰医药药材公司","刘武昌","陆丰市东海红光村委红光村北路边1号内第一、二层","未按《药品经营质量管理规范》要求销售含特殊药品复方制剂","《药品管理法》第七十九条","吊销《药品经营许可证》","2014-12-18至2016-12-17","","","","","省局稽查局"
"8F595FF266644D988B9E700329C555BA","蓬江区栢康大药房","王均","江门市蓬江区杜阮北三路15号第一栋第一层3卡铺位","销售未取得药品批准文号的假药金功夫、力加力等","《中华人民共和国药品管理法》第七十三条","吊销《药品经营许可证》","两年（2015年11月25日至2017年11月24日）","/","/","/","/","江门市食品药品监督管理局"
"64F5D5631EEC473997015F3E00C35D01","江门市江海区良德大药房","罗井文","江门市江海区南山工业区兴业路二号之8铺","销售未取得药品批准文号的假药中华牦牛鞭","《中华人民共和国药品管理法》第七十三条","吊销《药品经营许可证》","两年（2015年11月25日至2017年11月24日）","/","/","/","/","江门市食品药品监督管理局"
"95325780D2E24CC0A01C5355D6D8FECB","罗伟宏","罗伟宏","普宁市南径镇","涉嫌生产销售假冒金龙鱼食用油","中华人民共和国食品安全法》第八十四、第九十八条","移送公安机关追究刑事责任","两年（2015年9月29日至2017年9月28日）","假冒金龙鱼食用油","/","/","/","揭阳市食品药品监督管理局"
"C714044B7BCF4677B74DBF223F9C6C2C","罗泽鑫","罗泽鑫 ","普宁市南径镇","涉嫌生产销售假冒金龙鱼食用油","中华人民共和国食品安全法》第八十四、第九十八条","移送公安机关追究刑事责任","两年（2015年9月29日至2017年9月28日）","假冒金龙鱼食用油","/","/","/","揭阳市食品药品监督管理局"
"91A6E29FD84D484BA68F7195BD83D82F","云维楠","云维楠","佛山市顺德区陈村镇庄头市场","未经许可从事食品经营以及生产经营油脂酸败、危害人体健康的物质含量超过食品安全标准限量的食品","根据《中华人民共和国食品安全法》第八十四条、第八十五条第（二）项和第（四）项规定","责令当事人改正未经许可从事食品生产的违法行为。对当事人处以如下行政处罚：一、罚款2000元，上缴国库。同时，对经营油脂酸败食品，对当事人处以如下行政处罚：一、罚款3000元。","两年（2015年10月12日至2017年10月11日）","食用油","/","/","/","佛山市顺德区食品药品监督管理局"
"BE6923A0B61D4DD7BFD8C917A5EC09CE","广东国安堂大药房有限公司深圳龙兴分店","陈伟塔","深圳市坪山新区坑梓办事处龙田社区龙兴北路92-2-4号","未按规定实施《药品经营质量管理规范》","《中华人民共和国药品管理法》第七十九条","1、责令停业整顿30日；2、罚款人民币伍仟元整（￥5000.00）","两年（2015年3月11日-2017年3月10日）","/","/","/","/","深圳市局"
"31F93C0E54FD42B8AF65BE3BC29F4AD5","深圳市健鹏医药有限公司新和分店","法人代表：曾庆忠","深圳市宝安区福永街道新和社区蚝业路39-11号","未在规定时间内通过《药品经营质量管理规范》认证仍进行药品经营","《中华人民共和国药品管理法》第七十九条 ,《中华人民共和国药品管理法实施条例》第六十三条","1、责令停业整顿30日；2、罚款人民币伍仟元整（￥5000.00）","两年（2015年3月11日-2017年3月10日）","/","/","/","/","深圳市局"
"7C1DC761D7FA4B218349EEDF7522702D","广东国药医药连锁企业有限公司深圳鸿客隆分店","企业负责人： 唐晓斌","深圳市宝安区观澜街道章阁社区塘前居民小组章企路1号B栋1楼101","未在规定时间内通过《药品经营质量管理规范》认证仍进行药品经营","《中华人民共和国药品管理法》第七十九条 ,《中华人民共和国药品管理法实施条例》第六十三条","1、责令停业整顿30日；2、罚款人民币伍仟元整（￥5000.00）","两年（2015年3月11日-2017年3月10日）","/","/","/","/","深圳市局"
"BA91F91D5DD24089A84EF8CC6258A729","大埔县湖寮镇状元酒楼","黄锦红","大埔县湖寮镇同仁路223号","加工食品过程中食物受到沙门氏菌污染造成食物中毒事故","《食品安全法》第八十五条","1.吊销《餐饮服务许可证》；2.罚没违法所得3005元；3.自处罚决定作出之日起五年内黄锦红不得从事食品生产经营管理工作。","2014-11-19至2016-11-18","","","","","梅州市局"
"DC2A897437A74B818DFAEAC2A2150FD1","中山市板芙宝燕商行","吴燕葱","中山市板芙镇板芙大道45号","销售假药“娥罗那英软膏”等一批","《药品管理法》第四十八条第一款、第四十八条第三款第（二）项、第七十六条。","自作出行政处罚决定之日起十年内吴燕葱不得从事药品生产、经营活动。","2014-11-24至2024-11-23","娥罗那英软膏等19种假药","","","","中山市局"
"96F053AE6FEC495382C6DC1158A16509","肇庆市端州区广来粮油经营部","莫锡贤","肇庆市端州区端州七路梅庵路岗尾3号","自2014年7月份开始，莫锡贤（端州区广来粮油经营部）以从高要市金渡镇万年华油厂购进的花生油作为原料，然后按1：1：1的比例掺入从江门市溢丰油脂有限公司购进的大豆油、棕榈油并添加花生油香精进行加工调制，调制成后以“花生油”的名义对外销售。经抽样检验，“花生油”中黄曲霉毒素B1超出标准值，检验结论为不合格。上述行为违反了《中华人民共和国刑法》第一百四十三条、《中华人民共和国食品安全法》第二十八条第（二）项的规定。","《中华人民共和国刑法》第一百四十三条、《中华人民共和国食品安全法》第八十五条第（二）项","1、移交公安机关立案查处； 2、吊销《食品流通许可证》。","二年（2015年5月15日 至 2017年5月14日）","花生油","/","/","/","肇庆市食品药品监督管理"
"C860BE2AFDC8486C8CC0654CC570CA00","广州慧润医疗设备有限公司","王翔","广州市白云区北太路1633号广州民营科技园科盛路1号B401-2室","生产未经注册的三类医疗器械等离子电切环","《医疗器械监督管理条例》第六十三条","吊销《医疗器械经营许可证》","两年（2015年11月 6日至2017年11月 5 日）","等离子电切环","","","/","广州市食品药品监督管理局"
"3A0E4951A85942D0B0E6B68F312402A9","东莞市凤岗和兴药店","朱海生","东莞市凤岗镇雁田村镇田中路海翠楼23号","从无药品生产、经营资格的企业购进药品及销售假药，情节严重。","《药品管理法》第八十条、第七十四条、第七十六条第一款","1、吊销《药品经营许可证》；2、东莞市凤岗和兴药店负责人朱海生十年内不得从事药品生产、经营活动。","两年（2015年11月3日至2017年11月2日）","风湿关节宁胶囊、咳喘护肺宁胶囊","风湿关节宁胶囊、咳喘护肺宁胶囊","国药准字Z41020656、国药准字Z41020659","/","东莞市食品药品监督管理局"
"B7F290F588064C7693B68880BAEE0798","东莞市寮步康采堂药房","荣绪振\孙丽","东莞市寮步镇新旧围良平路86号三号铺","销售黄道益活络油、灭湿痛胶囊等假药。","《中华人民共和国药品管理法》（主席令第45号）第七十四条和第七十六条第一款","1、吊销《药品经营许可证》；2、实际经营者荣绪振和企业负责人孙丽十年内不得从事药品生产、经营活动","两年（2015年11月24日至2017年11月23日)","黄道益活络油、灭湿痛胶囊等假药。","/","/","/","东莞市食品药品监督管理局"
"496F7C8DA9B8435993DA5321C5E4B50A","吕召宏","吕召宏","中山市南朗镇壹加壹后面美雅居504号房","未取得《药品生产许可证》生产加工药品。","《药品管理法》第四十八条第一款、第七十六条。","吕召宏（身份证号：420222********8319）自作出行政处罚决定之日起十年内不得从事药品生产、经营活动(2015年4月29日至2025年4月28日）。","两年（2015年10月21日至2017年10月20日）","Detoxin Tablet、Arthro Power","/","/","/","中山市食品药品监督管理局"
"1E33C86199BD46D6A4371168839D73C3","中山市南朗镇康汇药房","于红兵","中山市南朗镇第二工业区通佳鞋厂对面A6卡","未按照相关规定建立购进记录及销售记录，未按要求规定登记购买者身份信息，行为情节严重。","1、《药品管理法》第十五条第（一）项、第十六条、第七十九条；2、《药品经营质量管理规范》第一百五十五条、第一百七十一条、第一百七十三条；3、《国务院关于加强食品等产品安全监督管理的特别规定》第三条第三款。","吊销中山市南朗镇康汇药房的《药品经营许可证》（粤DB7600995）。","两年（2015年10月21日至2017年10月20日）","含麻黄碱复方制剂类药品","/","/","/","中山市食品药品监督管理局"
"373CA57D602D42139734096FD08C1662","江门市江海区本草堂大药房","罗颂豪，涉案违法者：林润星","江门市江海区汇源直街6号101室","销售未取得药品批准文号的假药久战伟哥、黄道益活络油等","《中华人民共和国药品管理法》第七十三条","吊销《药品经营许可证》","两年（2015年11月25日至2017年11月24日）","/","/","/","/","江门市食品药品监督管理局"
"026F2BA360EE41D1893326C182FC215D","许楷森","许楷森 ","揭阳市揭东区","涉嫌生产销售假药秘制神经骨络丹","《中华人民共和国药品管理法》第四十八条、第七十四条","移送公安机关追究刑事责任","两年（2015年1月5日至2017年1月4日）","假药秘制神经骨络丹","/","/","/","揭阳市食品药品监督管理局"
"91A8EAD6F0BC4CB78409FB23A8CCBD2C","罗楚亮","罗楚亮 ","普宁市南径镇","涉嫌生产销售假冒金龙鱼食用油","中华人民共和国食品安全法》第八十四、第九十八条","移送公安机关追究刑事责任","两年（2015年9月29日至2017年9月28日）","假冒金龙鱼食用油","/","/","/","揭阳市食品药品监督管理局"
"02884571667842CD82079C2AFBF5E52C","谢小军","谢小军","佛山市顺德区陈村镇桂华路9号","未经许可从事食品经营以及生产经营油脂酸败、危害人体健康的物质含量超过食品安全标准限量的食品","根据《中华人民共和国食品安全法》第八十四条、第八十五条第（二）项和第（四）项。","责令当事人改正未经许可从事食品生产的违法行为。对当事人处以如下行政处罚：一、罚款2000元，上缴国库。同时，对经营油脂酸败食品，对当事人处以如下行政处罚：一、没收扣押在案的9kg花生油；二、罚款2000元。","两年（2015年10月12日至2017年10月11日）","食用油","/","/","/","佛山市顺德区食品药品监督管理局"
"998132913E2847BD9FE3AD4E9DCB683A","深圳市楼村药店","企业负责人： 韩康琳","深圳市光明新区公明办事处楼村社区楼一工四路2号一楼102、103号","未在规定时间内通过《药品经营质量管理规范》认证仍进行药品经营","《中华人民共和国药品管理法》第七十九条 ,《中华人民共和国药品管理法实施条例》第六十三条","1、责令停业整顿30日；2、罚款人民币伍仟元整（￥5000.00）","两年（2015年3月11日-2017年3月10日）","/","/","/","/","深圳市局"
"12052CBE046C48C2B790EE8C8C7B80F8","深圳市宝安区西乡众生堂大药房","企业负责人: 魏志强","深圳市宝安区西乡街道三围社区北三巷14号1楼","未在规定时间内通过《药品经营质量管理规范》认证仍进行药品经营","《中华人民共和国药品管理法》第七十九条 ,《中华人民共和国药品管理法实施条例》第六十三条","1、责令停业整顿30日；2、罚款人民币伍仟元整（￥5000.00）","两年（2015年3月11日-2017年3月10日）","/","/","/","/","深圳市局"
"652EF863ACB4423CA9C38D18B9B33F79","端州区广客隆副食商行","经营者：李英燕 ","肇庆市端州区端州八路西侧六区的首层厂房","未经许可生产A粗辣粉等食品","《中华人民共和国食品安全法》第八十四条","1、没收违法所得19.90元；2、没收违法生产经营的食品“A粗辣粉”12斤、用于违法生产的设备“打粉机”1台；3、罚款8000.00元。","两年（2015年1月20日至2017年1月19日）","A粗辣粉","/","/","/","肇庆市局"
"FD6DB0C951CF40A0A0BC0127424F157A","李伟财","李伟财","清远市清城区凤城街道办沙田居委会白石塘村","生产销售有毒有害食品","《刑法》第一百四十四条","判处有期徒刑一年六个月，并处罚金。","2014-10-22至2016-10-21","豆芽菜","","","","清远市局"
"8DE057FE0EAB440E90EF5DCDAEA9DA57","佛山市南海松荣食品有限公司","何佩蓉","佛山市南海区狮山镇罗村上柏元武头工业区工业一路","未经许可从事食品生产经营活动","依据《中华人共和国食品安全法》第八十四条的规定","罚款伍万柒仟陆佰柒拾伍元整（￥57675.00）","两年（2014年9月15日至2016年9月14日）","① ITO韩式辣味墨鱼丝100克/包；②ITO日式原味鱿鱼丝100克/包；③ITO 红烧鱼柳100克/包；④ITO 什锦芝麻鳕鱼粒 50克/包；⑤味职人辣味厚切墨鱼条 100克/包。","/","/","/","佛山市南海区食品药品监督管理局"
"21ADF678E9EF47FB8BFCC4A36F411916","东莞市万江超爽绿豆冷饮店","刘志强","东莞市万江区石美社区鸬鹚窝新围坊五巷5号","未经许可从事食品生产经营活动","","","","超爽绿豆沙冰","/","/","/","东莞市食品药品监督管理局"
"82B1C1F0FDA04D4D8F1027FEF8BBA08A","夏桂林","夏桂林","违法行为发生地：江门市蓬江区杜阮镇亭园村大塘小组109号（旧亭园小学内）","未经许可从事食品生产经营活动","依据《广东省查处生产销售假冒伪劣商品违法行为条例》第二十三条。","无主物品，没收处理。","2015-8-17至2017-8-16","米粉","/","/","/","江门市食品药品监督管理局"
"376DE5E717CE4CE7ACCFFD03C425875F","陈和利","陈和利","揭东区曲溪街道金溪大道曲溪供电所对面","销售“GOLD VIGRA”、“一片大好”等假药","《中华人民共和国药品管理法》第四十八条、第七十四条","移送公安机关追究刑事责任","两年（2015年1月5日-2017年1月4日）","“GOLD VIGRA”、“一片大好”等假药","/","/","/","揭阳市食品药品监督管理局"
"9131BE9EDB81425DB09999314A91E6DB","杨爱金","杨爱金","佛山市顺德区伦教荔村五村17-128号出租屋","未经许可从事食品生产活动","《中华人民共和国行政处罚法》第二十三条、《中华人民共和国食品安全法》第八十四条","1、责令改正；2、没收用于违法生产的炉具1个、油锅1个；3、罚款3000元。","2015年8月5日至2017年8月4日","油条、粽子","/","/","/","顺德区食品药品监督管理局"
"6FA58314F7014C9B96258D2887083CE8","颜田寿（佛山市顺德区大良芳香花生油厂负责人）","颜田寿","广东省佛山市顺德区大良街道观光路一街2座801号","当事人的执照有效期：自二00二年三月十四日至二0一二年三月十二日），营业执照上的有效期已过期。现场当事人未能出示有效的《食品生产许可证》。","根据《中华人民共和国行政处罚法》第二十三条及《中华人民共和国食品安全法》第八十四条","责令当事人立即改正违法经营行为并没收涉案的食品经营工具和设备：花生油壹佰斤和油桶肆个、榨油机器设备壹台；罚款2000元。","两年（2015年8月25日至2017年8月24日）","/","/","/","/","顺德区食品药品监督管理局"
"5213D01C1E364F6391F96A77FC06E208","中山市桂芝堂药房连锁有限公司","黄玉芝","中山市东区富湾东路6号1-3卡2楼202、203、204室","隐瞒重要安全事项有关情况申请行政许可。","《行政许可法》第三十一条、第七十八条。","1、警告；2、自行政处罚决定作出之日起中山市桂芝堂药房连锁有限公司（《药品经营许可证》证号：粤BA7600158）一年内不得再次申请《药品经营许可证》（2015年3月18日至2016年3月17日）。","两年（2015年10月21日至2017年10月20日）","/","/","/","/","中山市食品药品监督管理局"
"B7ACB1C3428F481EA6F82BC0AFB000E9","廖德湛","廖德湛","中山市沙溪镇达德路昌和街6号之二","销售假药,未经许可从事第三类医疗器械经营","1、《药品管理法》第四十八条第一款、第四十八条第三款第（二）项、第七十四项;2、《医疗器械监督管理条例》第三十一条第一款、第六十三条第一款第（三）项，《行政处罚法》第二十七条。","1、自作出行政处罚决定之日起廖德湛（公民身份号码：440620********6617）十年内不得从事药品生产、经营活动(2015年1月27日至2025年1月26日）。2、没收违法所得：778.50元；3、没收违法经营的第三类医疗器械，货值金额：996.50元；4、处罚款：50000.00元。","两年（2015年10月21日至2017年10月20日）","黄道益活络油、一次性使用输液器 带针","/","/","/","中山市食品药品监督管理局"
"A3EBDA835702462AB66BB5DA33CC35BF","江门市江海区宜和大药房","王军东;涉案违法者：王凤辉","江门市江海区东宁路15号4幢43卡","销售未取得药品批准文号的假药美国伟哥100?延时胶囊","《中华人民共和国药品管理法》第七十三条","吊销《药品经营许可证》","两年（自2015年12月10日至2017年12月9日）","/","/","/","/","江门市食品药品监督管理局"
"D842EF3712F841EC848E3097EB1D94B3","朱礼芹","朱礼芹","佛山市顺德区陈村镇仙涌农场路边","未经许可从事食品生产","根据《中华人民共和国食品安全法》第八十四条规定。","对当事人处以如下行政处罚：一、没收扣押在案当事人用于违法生产直接接触食品的烤炉2个，烤叉20个；二、没收违法所得2000元；三、罚款5000元。","两年（2015年9月29日至2017年9月28日)","烧腊","无","无","/","佛山市顺德区食品药品监督管理局"
"7A4C5BDE5FB4400482A275FEDAE959A9","清远市清城区银苑河粉厂","法人代表姓名：黄金泉","清远市清城区环城三路飞水桥头7号","当事人生产经营的河粉经清远市食品药品检验所检验，检验项目中“脱氢乙酸”不符合DB44/426-2007标准要求","《中华人民共和国食品安全法》第八十五条第一项，第九十二条第一款","没收违法生产经营的食品工具，没收违法所得，罚款，吊销《全国工业产品生产许可证》。","两年（2015年3月31日至2017年3月30日）","河粉","/","/","/","清远市食品药品监督管理局"
"4F7A108399E340A9B40490649090B33A","深圳市明和堂药业连锁有限公司永生分店","法人代表:黄明旭","深圳市宝安区石岩街道水田社区水田村新村十区3号101","未在规定时间内通过《药品经营质量管理规范》认证仍进行药品经营","《中华人民共和国药品管理法》第七十九条 ,《中华人民共和国药品管理法实施条例》第六十三条","1、责令停业整顿30日；2、罚款人民币伍仟元整（￥5000.00）","两年（2015年3月11日-2017年3月10日）","/","/","/","/","深圳市局"
"15F6B5C36872430E8F93FF6E32F2E15A","深圳市润泽堂药业连锁有限公司明山分店","法人代表：林雪卿","深圳市光明新区公明办事处马山头社区马山头路30号102","未在规定时间内通过《药品经营质量管理规范》认证仍进行药品经营","《中华人民共和国药品管理法 》第七十九条 ,《中华人民共和国药品管理法实施条例》第六十三条","1、责令停业整顿30日；2、罚款人民币伍仟元整（￥5000.00）","两年（2015年3月11日-2017年3月10日）","/","/","/","/","深圳市局"
"819084DC072243C5BF528F2A4B4D1DB5","深圳市润泽堂药业连锁有限公司观澜分店","企业负责人： 林宜深","深圳市宝安区观澜街道桂澜社区汇食街38号101","未按规定实施《药品经营质量管理规范》","《中华人民共和国药品管理法》第七十九条","1、责令停业整顿7日；2、罚款人民币贰万元整（￥20000.00）","两年（2015年3月11日-2017年3月10日）","/","/","/","/","深圳市局"
"57283A7E03854844A035D6BBCEFE3395","云城区天参大药房","严矿新","云浮市云城区锦秀路81号首层商铺","从不具有药品经营资质的企业购进药品和未按照规定实施《药品经营质量管理规范》","《中华人民共和国药品管理法》第八十条和第七十九条","1．没收违法购进的药品和违法所得30元，并处违法购进药品货值金额3.5倍的罚款，罚没款合计：555元；2．责令停业整顿，并处15100元的罚款。以上罚没款合计：15655元。","2014-12-8至2016-12-7","复方磷酸可待因口服溶液","","","","云浮市局"
"A583058A57AE4595ABC12CF50A2E5B51","肇庆市端州区益业油脂购销部","陈月连","肇庆市端州七路梅庵岗尾路仓库5号","自2013年9月份开始，陈月连（端州区益业油脂购销部）在批发市场购买花生米，以租用流动榨油机榨取花生油的方式获取花生油作为原料，按照调和油与花生油3:2的重量比例，掺入从江门市溢丰油脂有限公司购进的10度调和油（棕榈油）进行加工调制，并以“花生油”名义对外销售。上述行为违反了《中华人民共和国食品安全法》第二十八条第（四）项的规定。","《中华人民共和国食品安全法》第八十五条第（四）项","1、没收掺假掺杂的食品：花生油25Kg；2、没收违法所得4500元；3、罚款240000元；4、吊销《食品流通许可证》。","二年（2015年5月14日 至 2017年5月13日）","花生油","/","/","/","肇庆市食品药品监督管理局"
"552D7707916C4C23A4B8AC11CD43F709","始兴县罗坝镇仁爱大药房","曹仁家","始兴县罗坝镇工商所斜对面","销售假药，情节严重。","《药品管理法》第七十四条","吊销《药品经营许可证》","两年（2015年4月16日至2017年4月15日）","黄道益活络油、甘草百合、美国伟哥100?延时胶、美国黑金","/","/","/","韶关始兴县食品药品监督管理局"
"91F691877D7F4FAFB6E7DF3D10AA98BC","曹荣贵","曹荣贵","北滘镇林上路高村璋壁街6号","未经许可从事食品生产经营活动","《中华人民共和国食品安全法》第二十九条第一款、《中华人民共和国行政处罚法》第二十三条、《中华人民共和国食品安全法》第八十四条","一、没收用于未经许可从事食品生产加工经营活动的主要工具搅面机1台、压面机1台、燃气蒸炉1台、蒸笼14个；面粉7包（25kg/包）、双效泡打粉2罐（1kg/罐），成品包子200个、馒头100个、面种20千克；二、罚款2500元。","两年（2015年8月14日至2017年8月13日）","包子、馒头","/","/","/","顺德区食品药品监督管理局"
"8F597046F54A4B3DAF9B790B68375DDC","中山市三角镇祥仁堂药房","代建卫","中山市三角镇高平村新洋九组（民森南街61号商铺首层）","未按规定要求销售处方药，行为情节严重，《药品经经营质量管理规范认证证书》过期。","《药品管理法》第十六条,第七十八条","吊销中山市三角镇祥仁堂药房《药品经营许可证》（粤DB7601366）。","2015-10-21至2017-10-20","复方甘草片、阿莫西林胶囊、氨茶碱片和麻杏止咳片、复方川贝精片、富马酸酮替芬片","/","/","/","中山市食品药品监督管理局"
"D81EE4D7FB3146DEAB43CEF614D44CC5","江门市江海区瑶草堂南苑药店","何瑶敏","江门市江海区南苑三街84号","销售未取得药品批准文号的假药领头阳、德国黑蚂蚁、狼1号等","《中华人民共和国药品管理法》第七十三条","吊销《药品经营许可证》","两年（2015年11月25日至2017年11月24日）","/","/","/","/","江门市食品药品监督管理局"
"D82279E6D56346128B4A686F4B921023","林晓勤","林晓勤 ","揭阳市榕城区","涉嫌销售假冒金龙鱼食用油、榕城牌味精","中华人民共和国食品安全法》第八十四、第九十八条","移送公安机关追究刑事责任","两年（2015年9月29日-2017年9月28日）","假冒金龙鱼食用油、榕城牌味精","/","/","/","揭阳市食品药品监督管理局"
"1EB0F1BC2C7642F7B0AAACFE19BB38D5","刘源黎","刘源黎","郁南县千官镇人民路红卫药店对面","未取得食品生产许可从事食品生产活动","《中华人民共和国食品安全法》第八十四条","没收违法所得544.00元；没收违法生产的花生油（10市斤）和花生麸（60市斤）以及用于违法生产花生油的原料（花生仁550市斤）、工具设备（节能圆筒炒锅、恒泰电子称、胶罐、螺旋榨油机），并处以柒仟伍佰元整（￥7500.00)罚款。两项罚没款合计捌仟零肆拾肆元整（￥8044.00）。","两年（2015年7月29日至2017年7月28日）","花生油","/","/","/","郁南县食品药品监督管理局"
"E4D5733B4F604B2994CCD5EBD6A24A63","阳江市闸坡镇金都渔村","梁权","阳江市闸坡镇旅游大道北A1、A2楼首层","加工食品过程中食物受到副溶血性弧菌（致病性微生物）污染造成食物中毒事故","《中华人民共和国食品安全法》第八十五条第二项","1、共没收违法所得人民币叁百玖拾捌元肆角（小写：￥398.40元）；2、共罚款人民币柒万元整（小写：￥70000.00元）；3、吊销《餐饮服务许可证》；4、直接负责的主管人员梁权自补处罚之日起五年内不得从事食品生产管理工作。","2015年4月30日至2017年4月29日","致病性微生物食品","/","/","/","阳江市食品药品监督管理局"
"1DFCED97B733419BB69460BBE258929F","黄洁云","黄洁云","揭阳市蓝城区霖磐镇联东村霖磐大圆省道旁","销售“金功夫”、“神奇山精丸”等假药","《中华人民共和国药品管理法》第四十八条、第七十四条","移送公安机关追究刑事责任","两年（2015年1月5日-2017年1月4日）","“金功夫”、“神奇山精丸”等假药","/","/","/","揭阳市食品药品监督管理局"
"CAE19A73BAEA422FBE3D077262D605A6","佛山市南海中天药业连锁有限公司参康药房","陈景光","佛山市南海区西樵崇南市场131-134号","销售假药","依据《中华人民共和国药品管理法》第七十四条规定","1.吊销当事人《药品经营许可证》；2.移送佛山市公安局南海分局","两年（2014年9月25日至2016年9月25日）","泌淋清胶囊5盒","/","国药准字Z20026567","/","佛山市南海区食品药品监督管理局"
"A4BC7158F4834285BF4B67AAAFA3F5A0","曲江济群堂药店","吴小英","曲江区马坝镇韶钢东区市场","销售骨節靈等假药","《中华人民共和国药品管理法》第四十八条、第七十四条","吊销《药品经营许可证》","两年（2014年10月22日-2016年10月21日）","“骨節靈”、“速效筋骨通 腰腿痛”、“风湿克星”等3种假药","/","/","/","曲江区局"
"405D3CF128934247832D6B5940BD42D2","深圳市宝安区西乡德仁堂药店","企业负责人：朱勉","深圳市宝安区西乡街道桃源居桃源盛景园22栋112A","未在规定时间内通过《药品经营质量管理规范》认证仍进行药品经营","《中华人民共和国药品管理法 》第七十九条 ,《中华人民共和国药品管理法实施条例》第六十三条","1、责令停业整顿30日；2、罚款人民币伍仟元整（￥5000.00）","两年（2015年3月11日-2017年3月10日）","/","/","/","/","深圳市局"
"580DDA6BAC324000BB328680CA51B71E","深圳市福泽堂大药房","法人代表：彭运素","深圳市宝安区观澜街道悦兴围社区豪亚花园2栋18-1号","未在规定时间内通过《药品经营质量管理规范》认证仍进行药品经营","《中华人民共和国药品管理法 》第七十九条 ,《中华人民共和国药品管理法实施条例》第六十三条","1、责令停业整顿30日；2、罚款人民币伍仟元整（￥5000.00）","两年（2015年3月11日-2017年3月10日）","/","/","/","/","深圳市局"
"E38C7803A98543388E8AE0F6A789DE09","韶关市曲江区济众堂药店","陈冠文","曲江区马坝镇韶钢东区市场","提供虚假的中药师资格证书取得《药品经营许可证》","《中华人民共和国药品管理法》第八十三条","吊销药品经营许可证，五年内不受理陈冠文申办《药品经营许可证》，处罚款人民币2万元","两年（2014年10月22日-2016年10月21日）","/","/","/","/","曲江区局"
"0BC0931036D2430288E4E4954FE75B57","中山市益丰药业有限公司","陈进","中山市坦洲镇东平路19号首层之一","未按照《药品经营质量管理规范》经营药品","《药品管理法》第十六条，第七十九条、《药品经营质量管理规范》(卫生部令第90号)第一百七十条第（一）项","吊销中山市益丰药业有限公司华济堂分店《药品经营许可证》。","2014-12-8至2016-12-7","","","","","中山市局"
"EDCF911E3A9649FBB09CE911BB31B731","周松均","周松均","中山市小榄镇永宁永平街10号首层","未经许可从事食品生产","《食品安全法》第二十九条第一款、第八十四条","1.没收查封扣押的物品；2.处5000.00元罚款。","2014-12-8至2016-12-7","糯米卷","","","","中山市局"
"0AFBE700DE0447448E523D30EF2F8619","潘文波","潘文波","佛山市顺德区陈村镇弼教路30号","未经许可从事食品生产活动","根据《中华人民共和国食品安全法》第八十四条“违反本法规定，未经许可从事食品生产经营活动……”的规定。","罚款2000元。","两年（2015年8月14日至2017年8月13日）","花生油","/","/","/","顺德区食品药品监督管理局"
"F7DBBE8ED0E843089E7E8976582EF20E","生命科技（中山）生物药业有限公司","吕丽楠","中山市国家健康科技产业基地健康路8号","生命科技公司2010年10月8日至2011年6月16日期间生产的利福平胶囊（批号20110601）、阿莫西林胶囊（批号20101114、20101003）等5个品种共7个批次胶囊剂药品经检验铬含量超过国标含铬不得超过百万分之二（2mg/kg)的规定，涉嫌生产劣药。且在调查过程中存在拒绝、逃避监督检查及伪造、隐匿有关证据材料的情形，属生产劣药情节严重。","《药品管理法》第七十五条。","吊销生命科技公司的《药品生产许可证》。","两年（2015年6月8日至2017年6月7日）","利福平胶囊（批号20110601）、阿莫西林（批号20101003、20101114）、奥美拉唑肠溶胶囊（批号20110402）、氨苄西林胶囊（批号20110402）、头孢拉定胶囊（批号20110306）","/","/","/","广东省食品药品监督管理局"
"E37DD34FD82F4E099A2587815DDBDC36","广州国惠电子设备有限公司","柯琴琴","广州市白云区北太路1633号广州民营科技园科盛路1号自编B401-1","未按规定建立并执行医疗器械进货查验记录制度和销售记录制度","《医疗器械监督管理条例》第六十八条","吊销《医疗器械经营许可证》","两年（2015年11月 6日至2017年11月 5 日）","","","","/","广州市食品药品监督管理局"
"C8C84140326348D084FEC63808ACF718","深圳市美秀玑化妆品商贸有限公司","屈秀勤","深圳市罗湖区桂园街道宝安南路地王大厦4815","销售未取得特殊用途化妆品批准文号的化妆品米罗医生零负担隐性防晒露","《化妆品卫生监督条例实施细则》第四十六条第一款第（三）项","1、责令停止经营化妆品7天；2、没收违法所得人民币捌佰叁拾贰元（RMB832.00）；3、并处违法所得2倍的罚款人民币壹仟陆佰陆拾肆元（RMB1664.00）。","两年（2015年12月11日至2017年12月10日）","米罗医生零负担隐性防晒露","标示了SPF30 PA+++，防晒等宣传用语","生产许可证号XK16-1087074","/","深圳市市场和质量监督管理委员会"
"20DDE83C64374F6DB5AD31F604816F91","中山德尚伟业生物科技有限公司","尚治国","中山市火炬开发区九州大道8号","生产冒用厂名、厂址的医疗器械与化妆品","1、《广东省查处生产销售假冒伪劣商品违法行为条例》第十条第十项、第五十五条第三款；2、《医疗器械生产监督管理办法》（2014年版）第六十一条第一项；3、《医疗器械监督管理条例》（2014年版）第六十三条。","1、没收违法生产的透肌美白软膜粉、香橙美白柔皙膜粉和齿科藻酸盐印膜材料；2、没收违法所得：252.00元；3、处罚款：79700.00元。","两年（2015年10月21日至2017年10月20日）","透肌美白软膜粉、香橙美白柔皙膜粉、齿科藻酸盐印膜材料","/","/","/","中山市食品药品监督管理局"
"DA2E3994E28648489F096F0CDE1FF245","阙秋香","阙秋香","揭阳市榕城区","涉嫌生产销售假药秘制神经骨络丹","《中华人民共和国药品管理法》第四十八条、第七十四条","移送公安机关追究刑事责任","两年（2015年9月5日至2017年1月4日）","假药秘制神经骨络丹","/","/","/","揭阳市食品药品监督管理局"
"C5C3C980F1C649BEB9853CDBC9EC8B65","蔡湖彬","蔡湖彬 ","揭阳市榕城区","涉嫌销售假冒金龙鱼食用油、榕城牌味精","中华人民共和国食品安全法》第八十四、第九十八条","移送公安机关追究刑事责任","两年（2015年9月29日-2017年9月28日）","假冒金龙鱼食用油、榕城牌味精","/","/","/","揭阳市食品药品监督管理局"
"48DEA61360114B689579C060129B4D55","连州市星子俊高百合玉竹购销部","易俊高","连州市星子镇新发北路22号","在食品生产过程中违法添加非食用物质","《最高人民法院、最高人民检察院关于办理危害食品安全刑事案件适用法律若干问题的解释》第九条第一款、《刑法》第一百四十四条、《行政执法机关移送涉嫌犯罪案件的规定》第三条、《关于在行政执法中及时移送涉嫌犯罪案件的意见》第一条","2014年10月24日移交公安部门处理，公安部门于2014年10月28日立案侦查","两年（2015年3月19日至2017年3月19日","百合、玉竹","百合、玉竹","","/","连州市食品药品监督管理局"
"72D9F59E847B45C39B0905F4A3AD2396","郁南县白凤山矿泉水厂","黄益洪","郁南县建城镇罗旁冲口村","未取得食品生产许可生产矿泉水","《中华人民共和国食品安全法》第八十四条","没收违法生产的矿泉水和违法所得壹佰伍拾元整（￥150.00），没收用于违法生产矿泉水的设备，并处柒仟元整（￥7000.00）罚款。二项罚没款合计柒仟壹佰伍拾元整（￥7150.00）","两年（2015年5月15至2017年5月14日）","桶装矿泉水","/","/","/","郁南县食品药品监督管理局"
"F1124DD44381456AB2A63CF4F6EF09D3","重庆和平药房连锁有限责任公司深圳龙华连锁店","法人代表：卢水莲 ","深圳市宝安区大浪街道同胜社区三合村27号102","未在规定时间内通过《药品经营质量管理规范》认证仍进行药品经营","《中华人民共和国药品管理法 》第七十九条 ,《中华人民共和国药品管理法实施条例》第六十三条","1、责令停业整顿30日；2、罚款人民币伍仟元整（￥5000.00）","两年（2015年3月11日-2017年3月10日）","/","/","/","/","深圳市局"
"3B9D5A8567494CE9B0DBF75FF3C35C91","深圳市润泽堂药业连锁有限公司兴围分店","法人代表：林雪卿","深圳市宝安区福永街道兴围社区兴业一路41号101铺","未在规定时间内通过《药品经营质量管理规范》认证仍进行药品经营","《中华人民共和国药品管理法 》第七十九条 ,《中华人民共和国药品管理法实施条例》第六十三条","1、责令停业整顿30日；2、罚款人民币伍仟元整（￥5000.00）","两年（2015年3月11日-2017年3月10日）","/","/","/","/","深圳市局"
"5D7E73687E8F4D9882BB80677FAFE320","深圳市宝安区松岗真情平价药房","企业负责人： 吕永贤","深圳市宝安区松岗街道楼岗社区松岗大道大洋工业区(雅时厂)108号","未在规定时间内通过《药品经营质量管理规范》认证仍进行药品经营","《中华人民共和国药品管理法》第七十九条 ,《中华人民共和国药品管理法实施条例》第六十三条","1、责令停业整顿30日；2、罚款人民币伍仟元整（￥5000.00）","两年（2015年3月11日-2017年3月10日）","/","/","/","/","深圳市局"
"EBA3C9007FB14D069971D4D71E7988CE","广宁县古水镇明锋米粉制品加工厂","法定代表人：李世明","广宁县古水镇梨溪石洞小学内","在食品生产经营过程中存在“生产经营条件已经发生变化，不符合食品生产条件仍生产食品、使用检验不合格大米生产河粉、食品生产管理混乱”等现象，多次整改仍不符合食品安全生产的要求，出现了不能落实食品原料进货检验制度，不能按规定查验产品的合格证明文件，对无法提供有效合格证明文件的产品不能依照食品安全标准进行检验的行为。","《中华人民共和国食品安全法实施条例》第五十五条、《中华人民共和国食品安全法》第八十五条","吊销广宁县古水镇明锋米粉制品加工厂《全国工业产品生产许可证》","两年（2015年3月6日至2017年3月5日）","河粉","河粉","/","/","肇庆市局"
"0D6B97A8B29F488CB35FD0E8990283B1","/","潘登丰、潘芬友","阳江市江城区兴仁路61号","无《药品生产许可证》生产盐酸曲马多片等药品","《药品管理法》第七十四条、《刑法》第一百四十一条、《刑法修正案八》第二十三条","移送公安机关","两年（2015年1月10日至2017年1月10日）","盐酸曲马多片、新泰克等","/","/","/","阳江市局"
"8CD7620C7838433C85826F75042D00E6","陆丰市药品商行","郑永兴","陆丰市河西镇湖田社区坡仔村（广汕公路北侧）三楼","未按《药品经营质量管理规范》要求销售含特殊药品复方制剂","《药品管理法》第七十九条","吊销《药品经营许可证》","2014-12-18至2016-12-17","","","","","省局稽查局"
"6FF2FEB89815438F8A3DFE274D5D4350","清远市清城区田心食品厂","法人代表姓名：陈炳辉","清远市新城B47号区洲心工业园清远市新城联边线材厂厂房四（408）","当事人生产的田心黑玛仔（生产日期：2014.4.30）经广东产品质量监督检验研究院检验，“铝残留量”项目检验结果不符合GB2760-2011标准要求","《中华人民共和国食品安全法》第八十五条第二项、第九十二条","吊销《全国工业产品生产许可证》、陈炳辉、陈炳忠五年内不得从事食品生产经营管理工作。","两年（2015年3月31日至2017年3月30日）","田心黑玛仔","/","/","/","清远市食品药品监督管理局"
"9CDB9713316648DBAB1CC5945E691533","中山市大涌镇南文都市药房","黄理海","中山市大涌镇旗山路旧仓库第6、第7卡","未按照相关规定建立购进记录及销售记录，未按要求规定登记购买者身份信息，情节严重。","1、《药品管理法》第十五条第（一）项、第十六条、第七十九条；2、《药品经营质量管理规范》第一百五十五条、第一百七十一条、第一百七十三条；3、《国务院关于加强食品等产品安全监督管理的特别规定》第三条第三款。","吊销中山市大涌镇南文都市药房《药品经营许可证》（粤DB7602489）。","两年（2015年10月21日至2017年10月20日）","复方盐酸伪麻黄碱缓释胶囊及氯雷他定伪麻黄碱缓释片等含伪麻黄碱复方制剂","/","/","/","中山市食品药品监督管理局"
"FB35B033B21C4F849F203395F308776D","深圳市明和堂药业连锁有限公司建安分店","法人代表：黄叶珍","深圳市宝安区宝城82区和丰路裕和花园11巷1号1楼","未在规定时间内通过《药品经营质量管理规范》认证仍进行药品经营","《中华人民共和国药品管理法》第七十九条 ,《中华人民共和国药品管理法实施条例》第六十三条","1、责令停业整顿30日；2、罚款人民币伍仟元整（￥5000.00）","两年（2015年3月11日-2017年3月10日）","/","/","/","/","深圳市局"
"F03DEF587F6D4C998F1D52B0A481EDFA","乐昌市坪石镇济世大药房","黄元平","乐昌市坪石镇群众路128号","出租《药品经营许可证》","《中华人民共和国药品管理法》第八十二条","1、没收违法所得600元，并处违法所得两倍1200元的罚款；2、吊销《药品经营许可证》","两年（2015年3月26日至2017年3月25日）","/","/","/","/","韶关乐昌市食品药品监督管理局"
"7B75897BB6814FFE95BF5C8F4270DA00","中山市小榄镇惠仁药店","江帆","中山市小榄镇埓西一广丰北路","未按照相关规定建立购进记录及销售记录，未按要求规定登记购买者身份信息，情节严重。","1、《药品管理法》第十五条第（一）项、第十六条、第七十九条；2、《药品经营质量管理规范》第一百五十五条、第一百七十一条、第一百七十三条；3、《国务院关于加强食品等产品安全监督管理的特别规定》第三条第三款。","吊销中山市小榄镇惠仁药店《药品经营许可证》（粤DB7600681）。","两年（2015年10月21日至2017年10月20日）","复方盐酸伪麻黄碱缓释胶囊及氯雷他定伪麻黄碱缓释片等含伪麻黄碱复方制剂","/","/","/","中山市食品药品监督管理局"
"D9770EDF67E1402A97979D6F3D555860","江门市杜阮金溪医药商店","吴梅兰，涉案违法者：何喜基","江门市杜阮镇贯溪花园3号楼地下1-2卡","销售未取得药品批准文号的假药五夜神、帝皇肾宝等","《中华人民共和国药品管理法》第七十三条","吊销《药品经营许可证》","两年（2015年11月25日至2017年11月24日）","/","/","/","/","江门市食品药品监督管理局"
"5F8D990CC76F42EAAA9292D71629A4D0","江门市蓬江区益生堂药店","林亦好，涉案违法者：邓贤生","江门市蓬江区杜阮马食田东路第七座110、111室","销售未取得药品批准文号的假药金威哥、金功夫等","《中华人民共和国药品管理法》第七十三条","吊销《药品经营许可证》","两年（2015年11月25日至2017年11月24日）","/","/","/","/","江门市食品药品监督管理局"
"A246C308C22B4429A4B7AEA46C7B404F","江海区外海忠康堂药店","成北明，涉案违法者：陈艳燕","江门市江海区汇源街2号127室","销售未取得药品批准文号的假药双效伟哥、黄道益活络油等","《中华人民共和国药品管理法》第七十三条","吊销《药品经营许可证》","两年（2015年11月25日至2017年11月24日）","/","/","/","/","江门市食品药品监督管理局"
"3D3FF1725FFE4684AC6763CFECA96985","深圳市明和堂药业连锁有限公司仁良分店","法人代表：黄叶珍","深圳市宝安区西乡街道三围社区三围中路21号101","未在规定时间内通过《药品经营质量管理规范》认证仍进行药品经营","《中华人民共和国药品管理法 》第七十九条 ,《中华人民共和国药品管理法实施条例》第六十三条","1、责令停业整顿30日；2、罚款人民币伍仟元整（￥5000.00）","两年（2015年3月11日-2017年3月10日）","/","/","/","/","深圳市局"
"F445B65AEE0A4A4F91B14C9BC1862693","深圳市润泽堂药业连锁有限公司上星分店","法人代表：林雪卿","深圳市宝安区沙井街道上星油厂路98号商铺","未在规定时间内通过《药品经营质量管理规范》认证仍进行药品经营","《中华人民共和国药品管理法 》第七十九条 ,《中华人民共和国药品管理法实施条例》第六十三条","1、责令停业整顿15日；2、罚款人民币伍仟元整（￥5000.00）","两年（2015年3月11日-2017年3月10日）","/","/","/","/","深圳市局"
"A17BD9C7391F436498FA0744A986E3C7","深圳市润泽堂药业连锁有限公司三围分店","法人代表：林雪卿","深圳市宝安区西乡街道三围社区宝安机场505区楼房75号汇福阁102铺","未在规定时间内通过《药品经营质量管理规范》认证仍进行药品经营","《中华人民共和国药品管理法 》第七十九条 ,《中华人民共和国药品管理法实施条例》第六十三条","1、责令停业整顿30日；2、罚款人民币伍仟元整（￥5000.00）","两年（2015年3月11日-2017年3月10日）","/","/","/","/","深圳市局"
