F3070220000035_000005004,F3070220000035_000005005,F3070220000035_000005002,F3070220000035_000005003,F3070220000035_000005001,F3070220000035_000005006,F3070220000035_000005007
广东省农业厅,"2015-11-13 00:00:00",广州市江丰实业股份有限公司,"2020-11-12 00:00:00","粤饲添(2015)H01035",碘酸钙;氯化钴;亚硒酸钠;L-肉碱盐酸盐,-
广东省农业厅,"2015-01-04 00:00:00",广州市信农生物科技有限公司,"2018-10-09 00:00:00","饲添(2013)H00013","牛磺酸;L-肉碱盐酸盐;乳酸亚铁;糖精钠;卵磷脂;低聚木糖（木寡糖）;低聚壳聚糖;天然类固醇萨洒皂角苷（源自丝兰）;糖萜素(源自山茶籽饼);饲用香味物质",-
广东省农业厅,"2018-01-17 00:00:00",广东天牧生物科技有限公司,"2022-04-05 00:00:00","粤饲添(2017)H09004","壳寡糖（寡聚β-(1-4)-2-氨基-2-脱氧-D-葡萄糖）（n=2～10）;(壳寡糖（寡聚β-(1-4)-2-氨基-2-脱氧-D-葡萄糖）（n=2～10）+枯草芽孢杆菌)",-
广东省农业厅,"2017-10-16 00:00:00",珠海天香苑生物科技发展股份有限公司,"2022-10-15 00:00:00","粤饲添(2017)H03008",酿酒酵母;甘露寡糖,-
广东省农业厅,"2017-10-16 00:00:00",广东海纳川生物科技股份有限公司,"2019-05-16 00:00:00","粤饲添(2014)H05002","氧化锌;枯草芽孢杆菌；糖精钠；L-赖氨酸盐酸盐； DL-蛋氨酸； L-苏氨酸； L-色氨酸； 甜菜碱；富马酸亚铁；磷酸； 乳酸；L-抗坏血酸（维生素C)；丙酸钙；（富马酸+柠檬酸+苹果酸）；（富马酸+柠檬酸+磷酸）；（富马酸+柠檬酸+乳酸）；（枯草芽孢杆菌+酿酒酵母）；（枯草芽孢杆菌+粪肠球菌+嗜酸乳杆菌）；（枯草芽孢杆菌+植物乳杆菌）；（枯草芽孢杆菌+粪肠球菌+植物乳杆菌）；（枯草芽孢杆菌+酿酒酵母+ 粪肠球菌）；(β－甘露聚糖酶+木聚糖酶+β－葡聚糖酶+蛋白酶)；(β－甘露聚糖酶+木聚糖酶+β－葡聚糖酶)；(β－甘露聚糖酶+木聚糖酶+β－葡聚糖酶+蛋白酶+纤维素酶)；液态(β－甘露聚糖酶+木聚糖酶+β－葡聚糖酶)； 液态(木聚糖酶+β－葡聚糖酶+纤维素酶);酿酒酵母;丁酸钠;饲用香味物质;甘露寡糖",-
广东省农业厅,"2017-04-06 00:00:00",埃特亚（广州）饲料添加剂有限公司,"2020-08-12 00:00:00","粤饲添(2015)H01033","(β-葡聚糖酶+木聚糖酶);(α-半乳糖苷酶+木聚糖酶);(富马酸+柠檬酸+磷酸);(丙酸+丙酸铵);(糖精钠+新甲基橙皮苷二氢查耳酮)",-
广东省农业厅,"2017-02-07 00:00:00",东莞贸晖生物科技有限公司,"2022-02-06 00:00:00","粤饲添(2017)H11002",二氧化硅（沉淀并经干燥的硅酸）,-
广东省农业厅,"2016-12-28 00:00:00",佛山市顺德区博大生物科技有限公司,"2019-02-09 00:00:00","粤饲添(2014)H22001","葡萄糖氧化酶;壳寡糖（寡聚β-(1-4)-2-氨基-2-脱氧-D-葡萄糖）（n=2～10）;（乳酸+磷酸)；糖精钠；吡啶甲酸铬；（木聚糖酶+纤维素酶+β-葡聚糖酶）；枯草芽孢杆菌；木聚糖酶;(枯草芽孢杆菌+地衣芽孢杆菌);(枯草芽孢杆菌+地衣芽孢杆菌+粪肠球菌+屎肠球菌+);(枯草芽孢杆菌+地衣芽孢杆菌+酿酒酵母+凝结芽孢杆菌);(枯草芽孢杆菌+粪肠球菌+嗜酸乳杆菌+屎肠球菌);(枯草芽孢杆菌+植物乳杆菌);(枯草芽孢杆菌+);(枯草芽孢杆菌++屎肠球菌);(枯草芽孢杆菌+地衣芽孢杆菌+凝结芽孢杆菌);(凝结芽孢杆菌+地衣芽孢杆菌);(枯草芽孢杆菌+屎肠球菌+凝结芽孢杆菌);(枯草芽孢杆菌+屎肠球菌)",-
广东省农业厅,"2016-06-27 00:00:00",广州格雷特生物科技有限公司,"2021-06-26 00:00:00","粤饲添(2016)H01043","枯草芽孢杆菌;丁酸钠;L-赖氨酸盐酸盐;DL-蛋氨酸;氧化锌;(富马酸+柠檬酸+苹果酸);半胱胺盐酸盐",-
广东省农业厅,"2015-11-13 00:00:00",广州市天农生物科技有限公司,"2020-03-31 00:00:00","粤饲添(2015)H01028","粪肠球菌;(枯草芽孢杆菌+粪肠球菌+酿酒酵母);(木聚糖酶+纤维素酶+蛋白酶);(枯草芽孢杆菌+粪肠球菌+蛋白酶+纤维素酶);(酿酒酵母+蛋白酶+β-1，3-D-葡聚糖（源自酿酒酵母）);(嗜酸乳杆菌+酿酒酵母+酵母硒)",-
广东省农业厅,"2015-06-12 00:00:00",广东科润生物制药有限公司,"2020-06-11 00:00:00","粤饲添(2015)H01031","L-抗坏血酸-2-磷酸酯;甜菜碱盐酸盐;L-肉碱盐酸盐;L-半胱氨酸;(乳酸+富马酸+柠檬酸)",-
广东省农业厅,"2014-08-05 00:00:00",深圳市格兰姆生物科技有限公司,"2019-08-04 00:00:00","粤饲添(2014)H02003","枯草芽孢杆菌+植物乳杆菌",-
广东省农业厅,"2018-06-11 00:00:00",广东溢多利生物科技股份有限公司,"2019-03-19 00:00:00","粤饲添(2014)H03001","(丙酸钙+富马酸+山梨酸);(富马酸+山梨酸);脂肪酶；植酸酶；葡萄糖氧化酶；木聚糖酶；β-甘露聚糖酶；蛋白酶；纤维素酶；淀粉酶；β-葡聚糖酶；α-半乳糖苷酶；果胶酶；甘露寡糖；低聚木糖（木寡糖）；凝结芽孢杆菌；粪肠球菌；屎肠球菌；德氏乳杆菌保加利亚亚种；枯草芽孢杆菌；地衣芽孢杆菌；产朊假丝酵母；酿酒酵母；嗜酸乳杆菌；植物乳杆菌；乙氧基喹啉；磷酸；（柠檬酸+乳酸）；（木聚糖酶+蛋白酶+淀粉酶+β-甘露聚糖酶+纤维素酶+β-葡聚糖酶）；（木聚糖酶+β-甘露聚糖酶+纤维素酶+β-葡聚糖酶）；（木聚糖酶+淀粉酶+β-甘露聚糖酶+纤维素酶+β-葡聚糖酶+α-半乳糖苷酶）；(木聚糖酶+淀粉酶+纤维素酶+β-葡聚糖酶)；（木聚糖酶+蛋白酶+β-甘露聚糖酶+纤维素酶+β-葡聚糖酶）；（木聚糖酶+蛋白酶）；（木聚糖酶+蛋白酶+淀粉酶+β-甘露聚糖酶+纤维素酶+β-葡聚糖酶+脂肪酶）；（木聚糖酶+纤维素酶+脂肪酶+α-半乳糖苷酶+葡萄糖氧化酶）；（木聚糖酶+蛋白酶+淀粉酶）；（蛋白酶+淀粉酶+纤维素酶+β-葡聚糖酶）；（木聚糖酶+淀粉酶）；（淀粉酶+纤维素酶+β-葡聚糖酶）；（蛋白酶+纤维素酶+β-葡聚糖酶）；（粪肠球菌+酿酒酵母+枯草芽孢杆菌）；（粪肠球菌+枯草芽孢杆菌）；（酿酒酵母+枯草芽孢杆菌）；（脂肪酶+枯草芽孢杆菌）；（葡萄糖氧化酶+枯草芽孢杆菌）；（α-半乳糖苷酶+枯草芽孢杆菌）；（乙氧基喹啉+二丁基羟基甲苯（BHT））；（乙氧基喹啉+二丁基羟基甲苯（BHT）+丁基羟基茴香醚（BHA））；(乙基香兰素+乙基麦芽酚+丁二酮）；（香兰素+乙基香兰素+乳酸乙酯+丁酸乙酯+丁二酮）；（香兰素+乳酸乙酯+丁酸乙酯+丁二酮）；（香兰素+乙基香兰素+乙基麦芽酚+乳酸乙酯+丁酸乙酯+丁二酮）；液态脂肪酶；液态植酸酶；液态葡萄糖氧化酶；液态木聚糖酶；液态β-甘露聚糖酶；液态蛋白酶；液态纤维素酶；液态淀粉酶；液态β-葡聚糖酶；液态α-半乳糖苷酶；液态果胶酶；液态（木聚糖酶+纤维素酶+β-葡聚糖酶）；液态（木聚糖酶+纤维素酶+β-葡聚糖酶+甘露聚糖酶）；液态（木聚糖酶+纤维素酶+β-葡聚糖酶+β-甘露聚糖酶+植酸酶）;饲用香味物质;液态甘油脂肪酸酯",-
广东省农业厅,"2018-02-23 00:00:00",广州市胜维饲料有限公司,"2023-02-22 00:00:00","粤饲添(2018)H01054",大蒜素;甜菜碱盐酸盐;磷酸氢钙;DL-蛋氨酸,-
广东省农业厅,"2016-12-28 00:00:00",广东兴腾科生物科技有限公司,"2020-06-11 00:00:00","粤饲添(2015)H17002","硫酸亚铁;硫酸锰;硫酸铜;硫酸锌;硫酸镁;氧化锌;碱式氯化铜;碘酸钙;亚硒酸钠;硫酸钴;(亚硒酸钠+硫酸钴+碘酸钙);酵母硒;(甘氨酸铁络（螯）合物+蛋氨酸铁络（螯）合物+乳酸亚铁);甘氨酸锌;甘氨酸铁络（螯）合物;吡啶甲酸铬",-
广东省农业厅,"2016-09-07 00:00:00",广东温氏大华农生物科技有限公司,"2019-05-16 00:00:00","粤饲添(2014)H21001","液态淫羊藿提取物;液态(枯草芽孢杆菌+酿酒酵母);液态(枯草芽孢杆菌+嗜酸乳杆菌);液态(枯草芽孢杆菌+地衣芽孢杆菌);(枯草芽孢杆菌+粪肠球菌+嗜酸乳杆菌);(枯草芽孢杆菌+植物乳杆菌);(枯草芽孢杆菌+屎肠球菌);(枯草芽孢杆菌+地衣芽孢杆菌);(枯草芽孢杆菌+嗜酸乳杆菌+酿酒酵母);(嗜酸乳杆菌+枯草芽孢杆菌+地衣芽孢杆菌);(枯草芽孢杆菌+嗜酸乳杆菌+酿酒酵母+地衣芽孢杆菌);(植物乳杆菌+枯草芽孢杆菌+粪肠球菌);(枯草芽孢杆菌+酿酒酵母);(酿酒酵母+枯草芽孢杆菌+粪肠球菌);(枯草芽孢杆菌+嗜酸乳杆菌);牛磺酸;(牛磺酸+淫羊藿提取物（有效成分为淫羊藿苷）+L-抗坏血酸（维生素C））;(木聚糖酶+β-葡聚糖酶+β-甘露聚糖酶+蛋白酶);(木聚糖酶+纤维素酶+淀粉酶+蛋白酶+脂肪酶+α-半乳糖苷酶);(木聚糖酶+纤维素酶+β-葡聚糖酶+β-甘露聚糖酶);(木聚糖酶+纤维素酶+β-葡聚糖酶+β-甘露聚糖酶+淀粉酶);(木聚糖酶+纤维素酶+β-甘露聚糖酶+淀粉酶);(木聚糖酶+纤维素酶+β-葡聚糖酶+β-甘露聚糖酶+淀粉酶+蛋白酶);(木聚糖酶+纤维素酶+β-葡聚糖酶+淀粉酶+蛋白酶);(木聚糖酶+纤维素酶+β-甘露聚糖酶+淀粉酶+蛋白酶+脂肪酶);(木聚糖酶+纤维素酶+β-甘露聚糖酶);(木聚糖酶+纤维素酶+β-葡聚糖酶+β-甘露聚糖酶+淀粉酶+蛋白酶);(纤维素酶+β-葡聚糖酶+β-甘露聚糖酶);(木聚糖酶+纤维素酶+β-甘露聚糖酶+淀粉酶+蛋白酶);(木聚糖酶+纤维素酶+β-甘露聚糖酶+淀粉酶+蛋白酶);(木聚糖酶+纤维素酶+β-葡聚糖酶+β-甘露聚糖酶+蛋白酶);(木聚糖酶+β-葡聚糖酶+β-甘露聚糖酶);(木聚糖酶+蛋白酶+淀粉酶);(乳酸+柠檬酸);(柠檬酸+富马酸+苹果酸);(柠檬酸+富马酸);(氯化钾+碳酸氢钠);(柠檬酸+氯化钾);(乳酸+柠檬酸+富马酸+苹果酸);(乳酸+柠檬酸+富马酸+磷酸);(乳酸+柠檬酸+富马酸+山梨酸);(乳酸+柠檬酸+富马酸+磷酸+丙酸+甲酸);(柠檬酸+富马酸+丙酸钙+饲用香味物质);(乳酸+富马酸+磷酸);(乳酸+柠檬酸+富马酸);(乳酸+柠檬酸+双乙酸钠);(4，7-二羟基异黄酮（大豆黄酮）+dl-α-生育酚乙酸酯+酿酒酵母);(柠檬酸+富马酸+饲用香味物质);(氯化钠+硫酸镁+氯化钾);(氯化钾+氯化钠+DL-蛋氨酸+L-赖氨酸);液态天然维生素E;液态(乳酸+乙酸+丙酸);液态(柠檬酸+富马酸+磷酸);液态(柠檬酸+富马酸+苹果酸);液态(乳酸+柠檬酸+甲酸+乙酸+丙酸);液态(乙酸+柠檬酸);液态(富马酸+柠檬酸+乳酸);液态(乳酸+乙酸);DL-蛋氨酸；维生素A；盐酸硫胺（维生素B1）；核黄素（维生素B2）；L-抗坏血酸（维生素C）；L-抗坏血酸-2-磷酸酯；维生素E；亚硫酸氢钠甲萘醌（维生素K3）；氯化钠；蛋氨酸铜络（螯）合物；蛋氨酸锰络（螯）合物、蛋氨酸锌络（螯）合物；甘氨酸铁络（螯）合物；吡啶甲酸铬；β－甘露聚糖酶；植酸酶；纤维素酶；木聚糖酶；地衣芽孢杆菌；枯草芽孢杆菌；酿酒酵母；碳酸氢钠；双乙酸钠；苯甲酸；柠檬酸；果寡糖；低聚壳聚糖；β－胡萝卜素；β，β-胡萝卜素-4，4-二酮（斑蝥黄）；天然叶黄素（源自万寿菊）；虾青素；大蒜素；糖萜素；天然类固醇萨洒皂角苷；淀粉酶；α-半乳糖苷酶；β－葡聚糖酶；脂肪酶；果胶酶；蛋白酶；嗜酸乳杆菌；葡萄糖氧化酶；淫羊藿（有效成分为淫羊藿苷）； 液态牛磺酸；液态甲酸；液态丙酸；液态（乳酸+柠檬酸）",-
广东省农业厅,"2016-02-01 00:00:00",广东润华药业有限公司,"2021-01-28 00:00:00","粤饲添(2016)H20001",大蒜素,-
广东省农业厅,"2014-02-10 00:00:00",广州维特生化有限公司,"2019-02-09 00:00:00","粤饲添(2014)H01004",糖精钠,-
广东省农业厅,"2018-02-23 00:00:00",广东广牧动物保健品有限公司英德分公司,"2022-12-05 00:00:00","粤饲添(2017)H18004","(丙酸+山梨酸);(嗜酸乳杆菌+枯草芽孢杆菌)",-
广东省农业厅,"2017-08-02 00:00:00",广州正和生物科技有限公司,"2022-08-01 00:00:00","粤饲添(2017)H01050",吡啶甲酸铬;半胱胺盐酸盐,-
广东省农业厅,"2017-02-07 00:00:00",广州美瑞泰科生物工程技术有限公司,"2020-12-06 00:00:00","粤饲添(2015)H01038","植酸酶;(β-葡聚糖酶+木聚糖酶);(木聚糖酶+β-葡聚糖酶+β-甘露聚糖酶);(牛至香酚+乳酸+磷酸);蛋白酶;牛至香酚;糖精钠;磷酸;丙酸;(柠檬酸+磷酸);(磷酸+乳酸);(丙酸+丙酸铵);(甲酸+乳酸+富马酸);(丙酸铵+丙酸+苯甲酸);(三氧化二铝+二氧化硅（沉淀并经干燥的硅酸）);(乙氧基喹啉+没食子酸丙酯);(纤维素酶+木聚糖酶+β-葡聚糖酶);(木聚糖酶+β-葡聚糖酶+淀粉酶+蛋白酶);(纤维素酶+木聚糖酶+β-葡聚糖酶+淀粉酶+蛋白酶);液态牛至香酚;液态(甲酸+丙酸);液态(丙酸+乳酸)",-
广东省农业厅,"2016-12-28 00:00:00",珠海市国茂生物科技有限公司,"2021-05-11 00:00:00","粤饲添(2016)H03006","枯草芽孢杆菌;L-赖氨酸盐酸盐;L-抗坏血酸（维生素C）;(富马酸+柠檬酸+磷酸+乳酸);液态(山梨酸+柠檬酸+乙酸);(乙酸+乳酸+富马酸+柠檬酸+山梨酸+氯化钾);(淀粉酶+β-葡聚糖酶+蛋白酶+纤维素酶)",-
广东省农业厅,"2016-12-28 00:00:00",广州南沙龙沙有限公司,"2020-06-11 00:00:00","粤饲添(2015)H01030","L-肉碱;(L-肉碱+吡啶甲酸铬)",-
广东省农业厅,"2016-10-10 00:00:00",佛山市正典生物技术有限公司,"2019-09-09 00:00:00","粤饲添(2014)H05003","饲用香味物质;溶菌酶;(乳酸+磷酸+柠檬酸);液态(甲酸+丙酸钠+乙酸+柠檬酸);(地衣芽孢杆菌+枯草芽孢杆菌+丁酸梭菌);液态(地衣芽孢杆菌+枯草芽孢杆菌+丁酸梭菌);(丁酸钠+富马酸);(磷酸+乳酸+柠檬酸+富马酸);(屎肠球菌+);(丙酸+富马酸);脂肪酶",-
广东省农业厅,"2016-09-07 00:00:00",深圳市裕农科技股份有限公司,"2019-05-16 00:00:00","粤饲添(2014)H02002","壳寡糖（寡聚β-(1-4)-2-氨基-2-脱氧-D-葡萄糖）（n=2～10）;脂肪酶；(乳酸+乙酸+丙酸)；（氯化钾+碳酸氢钠）；（氯化钾+L-抗坏血酸（维生素C)+碳酸氢钠）;乳酸;磷脂",-
广东省农业厅,"2015-09-16 00:00:00",深圳市圣西马生物技术有限公司光明工厂,"2019-11-02 00:00:00","粤饲添(2014)H02004","枯草芽孢杆菌+酿酒酵母;轻质碳酸钙",-
广东省农业厅,"2014-08-05 00:00:00",广东腾骏动物药业股份有限公司,"2019-08-04 00:00:00","粤饲添(2014)H12002",丙酸钙,-
广东省农业厅,"2014-05-17 00:00:00",江门市金远洋生物科技有限公司,"2019-05-16 00:00:00","粤饲添(2014)H13001","枯草芽孢杆菌；植物乳杆菌；粪肠球菌；（枯草芽孢杆菌+植物乳杆菌）；（枯草芽孢杆菌+粪肠球菌+酿酒酵母）",-
广东省农业厅,"2014-02-10 00:00:00",广州理想实业有限公司,"2019-02-09 00:00:00","粤饲添(2014)H01002","糖精钠；乙氧基喹啉；丙酸；磷酸；(嗜酸乳杆菌+枯草芽孢杆菌)；甜菜碱盐酸盐；(5’-肌苷酸二钠+食品用香料：乙基麦芽酚+异戊酸）； 食品用香料：异戊酸；乳酸乙酯；（乙基香兰素+乙基麦芽酚）",-
广东省农业厅,"2018-04-28 00:00:00",广州英赛特生物技术有限公司南雄分公司,"2021-12-27 00:00:00","粤饲添(2016)H06001","氧化锌;硫酸铜;硫酸镁;丙酸铬;苯甲酸钠;L-肉碱盐酸盐;糖精钠;丁酸钠;甲酸钙;可食脂肪酸钙盐;乙酸钙;丙酸钙;二甲酸钾;甲酸;苯甲酸;4，7-二羟基异黄酮（大豆黄酮）;饲用香味物质",-
广东省农业厅,"2017-06-21 00:00:00",深圳市维德营养饲料有限公司,"2022-04-05 00:00:00","粤饲添(2017)H02011",溶菌酶;地衣芽孢杆菌;枯草芽孢杆菌,-
广东省农业厅,"2017-05-11 00:00:00",广东富农动物药业有限公司,"2022-05-10 00:00:00","粤饲添(2017)H17005",大蒜素,-
广东省农业厅,"2015-08-13 00:00:00",广州隆达饲料有限公司,"2019-03-19 00:00:00","粤饲添(2014)H01009","硫酸锌；硫酸锰；硫酸铜；氧化锌；硫酸亚铁;碘酸钙;吡啶甲酸铬;碘酸钾;富马酸亚铁;甲酸钙;硫酸钴;硫酸镁;氯化钾;氯化铵;亚硒酸钠;磷酸二氢钠;磷酸二氢钾;氯化钴;氧化镁;碱式氯化铜",-
广东省农业厅,"2015-02-13 00:00:00",深圳绿色环球生物科技有限公司,"2020-02-12 00:00:00","粤饲添(2015)H02005","枯草芽孢杆菌+酿酒酵母+乳酸片球菌",-
广东省农业厅,"2015-05-04 00:00:00",肇庆市宏达饲料生物科技有限公司,"2019-05-16 00:00:00","粤饲添(2014)H17001",甜味物质;糖精钠,-
广东省农业厅,"2015-05-04 00:00:00",深圳市永鲜宝实业有限公司,"2020-05-03 00:00:00","粤饲添(2015)H02006","丙酸+丙酸铵",-
广东省农业厅,"2014-02-10 00:00:00",广州市致善生物科技有限公司,"2019-02-09 00:00:00","粤饲添(2014)H01003","糖精钠；吡啶甲酸铬；丙酸；食品用香料：橙皮素；欧当归提取物（圆叶当归提取物）；罗勒提取物；苦木提取物；蒲公英根固体提取物",-
广东省农业厅,"2017-05-11 00:00:00",乐达（广州）香味剂有限公司,"2020-02-12 00:00:00","粤饲添(2015)H01026",";(饲用香味物质+);(饲用香味物质++糖精钠);(+糖精钠);(新甲基橙皮苷二氢查耳酮+山梨糖醇+糖精钠++饲用香味物质);(饲用香味物质++山梨糖醇+新甲基橙皮苷二氢查耳);液态(二丁基羟基甲苯（BHT）+丁基羟基茴香醚（BHA）);液态(乙氧基喹啉+二丁基羟基甲苯（BHT）);液态(饲用香味物质+糖精钠)(饲用香味物质+谷氨酸钠);(饲用香味物质+谷氨酸钠+糖精钠);(山梨糖醇+饲用香味物质+糖精钠);(柠檬酸+乳酸+磷酸+苹果酸);(磷酸+苹果酸+乳酸);(磷酸氢二钠+乙氧基喹啉+没食子酸丙酯);饲用香味物质;(糖精钠+饲用香味物质);(糖精钠+山梨糖醇);(谷氨酸钠+5’-肌苷酸二钠+5’-鸟苷酸二钠);糖精;钠;磷酸;(磷酸+乳酸+甲酸);(柠檬酸+磷酸+苹果酸+酒石酸);(柠檬酸+磷酸+乳酸+甲酸);(丁酸+磷酸+乳酸+甲酸+丙酸);(乳酸+苹果酸+酒石酸);(柠檬酸+磷酸);(磷酸+乳酸+苹果酸+酒石酸);(磷酸+乳酸);(丁酸+柠檬酸+磷酸+乳酸+甲酸);(柠檬酸+磷酸+乳酸);(乳酸+甲酸+丁酸+苹果酸+酒石酸+富马酸);(丙酸铵+丙酸);(丙酸铵+丙酸+丙酸钠);(甲酸+丙酸);丙酸;(苯甲酸钠+甲酸钙+丁酸钠);(乙酸+苯甲酸+甲酸铵+丙酸钠);(乙氧基喹啉+没食子酸丙酯);(没食子酸丙酯+丁基羟基茴香醚（BHA）);(没食子酸丙酯+二丁基羟基甲苯（BHT）);液态饲用香味物质;液态糖精钠;液态磷酸;液态乳酸;液态(甲酸+丙酸);液态丙酸;液态乙氧基喹啉;液态(二丁基羟基甲苯（BHT）维生素E);液态二丁基羟基甲苯（BHT）;液态(乙酸+丙酸+乳酸+磷酸+甲酸);(二丁基羟基甲苯（BHT）+丁基羟基茴香醚（BHA）);(没食子酸丙酯+二丁基羟基甲苯（BHT）+丁基羟基茴香醚（BHA）);(没食子酸丙酯+二丁基羟基甲苯（BHT）+特丁基对苯二酚（TBHQ）);维生素E;(维生素E+L-抗坏血酸-6-棕榈酸酯+迷迭香提取物);(维生素E+迷迭香提取物);(维生素E+L-抗坏血酸-6-棕榈酸酯);(饲用香味物质++糖精钠+山梨糖醇);(饲用香味物质++山梨糖醇)",-
广东省农业厅,"2016-12-28 00:00:00",广州智龙生物科技有限公司,"2021-12-27 00:00:00","粤饲添(2016)H01047","凝结芽孢杆菌;地衣芽孢杆菌;粪肠球菌;植物乳杆菌;(枯草芽孢杆菌+地衣芽孢杆菌);(枯草芽孢杆菌+凝结芽孢杆菌);(凝结芽孢杆菌+枯草芽孢杆菌+酿酒酵母);(凝结芽孢杆菌+粪肠球菌+植物乳杆菌)",-
广东省农业厅,"2016-04-14 00:00:00",广州市博仕奥生化技术研究有限公司,"2021-04-13 00:00:00","粤饲添(2016)H01042","酵母硒;(蛋白酶+木聚糖酶);(蛋白酶+木聚糖酶+β-葡聚糖酶);(蛋白酶+β-甘露聚糖酶+脂肪酶);(蛋白酶+木聚糖酶+β-甘露聚糖酶);(蛋白酶+木聚糖酶+淀粉酶);(脂肪酶+淀粉酶+蛋白酶)",-
广东省农业厅,"2016-03-10 00:00:00",广州市正百饲料科技有限公司,"2020-01-03 00:00:00","粤饲添(2015)H01020","甲酸;(乳酸+柠檬酸+富马酸+磷酸);(甲酸+甲酸钙+富马酸+磷酸+柠檬酸+乳酸);(甲酸+甲酸钙);(乳酸+富马酸+柠檬酸);(柠檬酸+乳酸);(乳酸+富马酸+苯甲酸);苯甲酸",-
广东省农业厅,"2015-07-13 00:00:00",湛江市丹谷生物科技有限公司,"2020-01-03 00:00:00","粤饲添(2015)H15001","枯草芽孢杆菌;(枯草芽孢杆菌+酿酒酵母)",-
广东省农业厅,"2014-08-05 00:00:00",广州市佰沃生物科技有限公司,"2019-08-04 00:00:00","粤饲添(2014)H01016","(乳酸+柠檬酸+富马酸);(乳酸+磷酸+柠檬酸富马酸)",-
广东省农业厅,"2014-05-17 00:00:00",惠州市三宝生物化学科技有限公司,"2019-05-16 00:00:00","粤饲添(2014)H09002",L-抗坏血酸-2-磷酸酯,-
广东省农业厅,"2017-12-06 00:00:00",东莞纽泰科生物技术有限公司,"2022-06-20 00:00:00","粤饲添(2017)H11003","(甲酸+苯甲酸+富马酸);液态(甲酸+丙酸+乳酸);液态(乳酸+丙酸+柠檬酸);(乙氧基喹啉+二丁基羟基甲苯（BHT）+特丁基对苯二酚（TBHQ）);(二丁基羟基甲苯（BHT）+丁基羟基茴香醚（BHA）+没食子酸丙酯);液态(乙氧基喹啉+二丁基羟基甲苯（BHT）+丁基羟基茴香醚（BHA）+特丁基对苯二酚（TBHQ）);(丙酸+乙酸+甲酸);(丙酸+丙酸铵);(二丁基羟基甲苯（BHT）+丁基羟基茴香醚（BHA）+特丁基对苯二酚（TBHQ）+柠檬酸)",-
广东省农业厅,"2017-05-11 00:00:00",广州品悦生物科技有限公司,"2020-02-12 00:00:00","粤饲添(2015)H01025","天然叶黄素（源自万寿菊）;丙酸;(丙酸+甲酸);乙氧基喹啉;苯甲酸;(乙氧基喹啉+没食子酸丙酯);(丙酸+丙酸铵)",-
广东省农业厅,"2016-06-27 00:00:00",广东绿百多生物开发有限公司,"2020-08-02 00:00:00","粤饲添(2015)H15003","(枯草芽孢杆菌+地衣芽孢杆菌+植物乳杆菌);(植物乳杆菌+产朊假丝酵母);枯草芽孢杆菌;地衣芽孢杆菌;(枯草芽孢杆菌+地衣芽孢杆菌);(枯草芽孢杆菌+植物乳杆菌);(枯草芽孢杆菌+地衣芽孢杆菌+酿酒酵母);(酿酒酵母+枯草芽孢杆菌+粪肠球菌);(地衣芽孢杆菌+枯草芽孢杆菌+酿酒酵母);(酿酒酵母+枯草芽孢杆菌+粪肠球菌)",-
广东省农业厅,"2014-09-10 00:00:00",广州市江丰生物科技有限公司,"2019-09-09 00:00:00","粤饲添(2014)H01017","乳酸+柠檬酸+苹果酸+酒石酸+磷酸",-
广东省农业厅,"2014-05-17 00:00:00",广州白云山宝神动物保健品有限公司,"2019-05-16 00:00:00","粤饲添(2014)H01013","柠檬酸；酿酒酵母；枯草芽孢杆菌；二氧化硅；（酿酒酵母+枯草芽孢杆菌）",-
广东省农业厅,"2018-04-28 00:00:00",广州同心源生物科技有限公司,"2023-04-27 00:00:00","粤饲添(2018)H01056","酿酒酵母;枯草芽孢杆菌;地衣芽孢杆菌;粪肠球菌;(枯草芽孢杆菌+地衣芽孢杆菌+粪肠球菌+酿酒酵母)",-
广东省农业厅,"2018-01-17 00:00:00",广东兴泰实业有限公司,"2023-01-16 00:00:00","粤饲添(2018)H05010","(富马酸+乳酸);(乳酸+丙酸);饲用香味物质;枯草芽孢杆菌;凝结芽孢杆菌;粪肠球菌;(乙氧基喹啉+二丁基羟基甲苯（BHT）+特丁基对苯二酚（TBHQ）);(二丁基羟基甲苯（BHT）+丁基羟基茴香醚（BHA）+没食子酸丙酯);(二丁基羟基甲苯（BHT）+特丁基对苯二酚（TBHQ）);磷脂;(木聚糖酶+淀粉酶+蛋白酶);(二丁基羟基甲苯（BHT）+乙氧基喹啉+丙酸);(二丁基羟基甲苯（BHT）+丙酸);蛋氨酸羟基类似物;液态(蛋氨酸羟基类似物+丙酸);液态(乳酸+丙酸);液态(二丁基羟基甲苯（BHT）+特丁基对苯二酚（TBHQ）+乙氧基喹啉);液态(丙酸+氯化胆碱);液态(二丁基羟基甲苯（BHT）+丁基羟基茴香醚（BHA）)",-
广东省农业厅,"2018-02-23 00:00:00",广州百仕肽生物科技有限公司,"2020-01-03 00:00:00","粤饲添(2015)H01021",枯草芽孢杆菌,-
广东省农业厅,"2017-04-06 00:00:00",佛山市南海区维德生物技术有限公司,"2019-02-09 00:00:00","粤饲添(2014)H05001","牛至香酚;饲用香味物质;糖精钠;(牛至香酚+饲用香味物质);(糖精钠+谷氨酸钠+柠檬酸+饲用香味物质);(丁基羟基茴香醚（BHA）+没食子酸丙酯);(二丁基羟基甲苯（BHT）+特丁基对苯二酚（TBHQ）+乙氧基喹啉);液态天然叶黄素（源自万寿菊）;液态(丙酸+丙酸铵);液态(乳酸+柠檬酸+丙酸+磷酸);液态(二丁基羟基甲苯（BHT）+乙氧基喹啉);液态(二丁基羟基甲苯（BHT）+特丁基对苯二酚（TBHQ）+乙氧基喹啉);天然叶黄素（源自万寿菊）；（β，β-胡萝卜素-4+4-二酮（斑蝥黄））；β-阿朴-8’-胡萝卜素酸乙酯；(乙氧基喹啉+丁基羟基茴香醚（BHA）+二丁基羟基甲苯（BHT）+没食子酸丙酯）；(乙氧基喹啉+二丁基羟基甲苯（BHT）)；(丙酸+丙酸铵+双乙酸钠+苯甲酸)；(丙酸+丙酸铵)；(乳酸+富马酸+柠檬酸+磷酸）；(乳酸+柠檬酸+丙酸+磷酸）；(糖精纳+谷氧酸钠+柠檬酸+食品用香料：香兰素+姜黄浸膏+松油醇)；（三氧化二铝+二氧化硅+大豆磷脂+甘露寡糖）；（木聚糖酶+β-葡聚糖酶+纤维素酶）；枯草芽孢杆菌；半胱胺盐酸盐",-
广东省农业厅,"2016-11-03 00:00:00",广州赛得乐生物科技有限公司,"2021-11-02 00:00:00","粤饲添(2016)H01045","缬氨酸;L-抗坏血酸（维生素C）;L-肉碱盐酸盐;富马酸亚铁",-
广东省农业厅,"2016-09-07 00:00:00",深圳市希科安实业有限公司,"2021-09-06 00:00:00","粤饲添(2016)H02010",稀土（铈和镧）壳糖胺螯合盐,-
广东省农业厅,"2016-03-10 00:00:00",广州南方动物保健药厂,"2020-11-12 00:00:00","粤饲添(2015)H01036","地衣芽孢杆菌;谷氨酸钠;(碳酸氢钠+氯化钾);双乙酸钠;碳酸氢钠;L-赖氨酸盐酸盐;碳酸钠;氯化钾;山梨酸钾;甜菜碱盐酸盐;丙酸钙;丙酸钠;DL-泛酸钙;β-胡萝卜素;亚硫酸氢钠甲萘醌（维生素K3）;烟酸",-
广东省农业厅,"2016-02-01 00:00:00",广州市科汇饲料有限公司,"2019-06-18 00:00:00","粤饲添(2014)H01015","5’-肌苷酸二钠+5’-鸟苷酸二钠+饲用香味物质;糖精钠+饲用香味物质;饲用香味物质;紫苏籽提取物（有效成分为α-亚油酸、亚麻酸、黄酮）",-
广东省农业厅,"2015-12-07 00:00:00",广州远图生物科技有限公司,"2020-12-06 00:00:00","粤饲添(2015)H01039 ","(柠檬酸钾+氯化钾+山梨酸钾+碳酸钠+碳酸氢钠);(糖精钠+饲用香味物质)",-
广东省农业厅,"2015-02-13 00:00:00",湛江大丰收生物科技有限公司,"2020-02-12 00:00:00","粤饲添(2015)H15002",枯草芽孢杆菌,-
广东省农业厅,"2014-05-17 00:00:00",广州燕唐生物科技有限公司,"2018-11-11 00:00:00","饲添(2013)H00031",维生素A乙酸酯,-
广东省农业厅,"2018-02-23 00:00:00",广东容大生物股份有限公司,"2021-01-31 00:00:00","粤饲添(2016)H18001","地顶孢霉培养物;凝结芽孢杆菌;粪肠球菌;乳酸片球菌;(碳酸氢钠+氯化钾);脂肪酶;糖萜素(源自山茶籽饼);地衣芽孢杆菌;枯草芽孢杆菌;(山梨酸钠+碳酸氢钠+碳酸钠+柠檬酸钾+山梨酸钾);(山梨酸钾+三氧化二铝+二氧化硅（沉淀并经干燥的硅酸）);饲用香味物质",-
广东省农业厅,"2017-12-06 00:00:00",广州飞禧特生物科技有限公司,"2019-03-19 00:00:00","粤饲添(2014)H01008","DL-蛋氨酸；L-赖氨酸盐酸盐;(乳酸+柠檬酸+磷酸);β-1，3-D-葡聚糖（源自酿酒酵母）;(枯草芽孢杆菌+产朊假丝酵母)",-
广东省农业厅,"2017-06-21 00:00:00",茂名市电白区亚伯兰生物科技有限公司,"2022-06-20 00:00:00","粤饲添(2017)H16001","(枯草芽孢杆菌+嗜酸乳杆菌+酿酒酵母)",-
广东省农业厅,"2017-05-11 00:00:00",佛山市南海东方澳龙制药有限公司,"2020-06-11 00:00:00","粤饲添(2015)H05004","L-抗坏血酸-2-磷酸酯;蛋白酶;(蛋白酶+淀粉酶);植物乳杆菌;(蛋白酶+枯草芽孢杆菌);(蛋白酶+纤维素酶+枯草芽孢杆菌);(蛋白酶+淀粉酶+纤维素酶);(枯草芽孢杆菌+粪肠球菌+嗜酸乳杆菌);(蛋白酶+纤维素酶+枯草芽孢杆菌+酿酒酵母+屎肠球菌);(枯草芽孢杆菌+粪肠球菌+紫苏籽提取物（有效成分为α-亚油酸、亚麻酸、黄酮）);(三氧化二铝+二氧化硅);液态植物乳杆菌;液态(乳酸+柠檬酸+磷酸);屎肠球菌;(屎肠球菌+枯草芽孢杆菌+酿酒酵母);(枯草芽孢杆菌+屎肠球菌+蛋白酶+淀粉酶+纤维素酶+木聚糖酶);(蛋白酶+淀粉酶+纤维素酶+木聚糖酶+枯草芽孢杆菌+酿酒酵母);液态葡萄糖酸钙",-
广东省农业厅,"2017-02-07 00:00:00",广州骊加生物科技有限公司,"2021-04-13 00:00:00","粤饲添(2016)H01040","4，7-二羟基异黄酮（大豆黄酮）;(4，7-二羟基异黄酮（大豆黄酮）+甘露寡糖);饲用香味物质;(4，7-二羟基异黄酮（大豆黄酮）+饲用香味物质)",-
广东省农业厅,"2016-10-10 00:00:00",广州市富泉生物科技有限公司,"2019-03-19 00:00:00","粤饲添(2014)H01010","糖精钠；富马酸亚铁；酿酒酵母；天然叶黄素（源自万寿菊）;饲用香味物质",-
广东省农业厅,"2016-10-10 00:00:00",惠州市金立泰生物科技有限公司,"2021-10-09 00:00:00","粤饲添(2016)H09003","液态(植物乳杆菌+干酪乳杆菌+酿酒酵母+枯草芽孢杆菌)",-
广东省农业厅,"2015-08-03 00:00:00",汕头市金园精细化工厂有限公司,"2020-08-02 00:00:00","粤饲添(2015)H04001",亚硒酸钠;硫酸钴;碘化钾,-
广东省农业厅,"2015-07-13 00:00:00",广州市安宁生物科技有限公司,"2018-10-09 00:00:00","饲添(2013)H00015","（柠檬酸+苹果酸+乳酸）;氧化锌;硫酸镁;氯化钴",-
广东省农业厅,"2018-02-23 00:00:00",广东蔚莱生物科技有限公司,"2023-02-22 00:00:00","粤饲添(2018)H01055","木聚糖酶;β-葡聚糖酶;枯草芽孢杆菌;地衣芽孢杆菌;茶多酚;虾青素;糖萜;卵磷脂;单硬脂酸甘油酯;二氧化硅（沉淀并经干燥的硅酸）;饲用香味物质;植物甾醇（源于大豆油/菜籽油，有效成分为β-谷甾醇、菜油甾醇、豆甾醇）;溶菌酶;天然类固醇萨洒皂角苷（源自丝兰）;二甲酸钾;(淀粉酶+β-葡聚糖酶+木聚糖酶+β-甘露聚糖酶);液态乳酸",-
广东省农业厅,"2017-10-16 00:00:00",广东绿生源饲料科技有限公司,"2022-05-10 00:00:00","粤饲添(2017)H01049","(乳酸+柠檬酸+磷酸);(柠檬酸+甲酸);(乳酸+富马酸+柠檬酸+磷酸);(柠檬酸+富马酸+乳酸);(甲酸钙+柠檬酸);(富马酸+丙酸);(乳酸+甲酸+柠檬酸);(甲酸+丙酸);(磷酸+乳酸+柠檬酸+苯甲酸);(丁酸钠+富马酸);(丙酸+苯甲酸)",-
广东省农业厅,"2016-05-12 00:00:00",佛山市川梭生物科技有限公司,"2021-05-11 00:00:00","粤饲添(2016)H22002",枯草芽孢杆菌,-
广东省农业厅,"2016-03-10 00:00:00",肇庆市华芬饲料酶有限公司,"2021-03-09 00:00:00","粤饲添(2016)H17004","(木聚糖酶+β-甘露聚糖酶+β-葡聚糖酶+纤维素酶+蛋白酶);植酸酶",-
广东省农业厅,"2015-08-13 00:00:00",佛山立达尔生物科技有限公司,"2020-08-12 00:00:00","粤饲添(2015)H05005","L-色氨酸;L-精氨酸;甘氨酸;L-丙氨酸;牛磺酸;维生素A;L-抗坏血酸（维生素C）;L-抗坏血酸-2-磷酸酯;dl-α-生育酚乙酸酯;L-肉碱盐酸盐;甜菜碱;氯化钠;乳酸钙;富马酸亚铁;氧化锌;氧化锰;烟酸铬;乳酸锌（α-羟基丙酸锌）;脂肪酶;β-甘露聚糖酶;植酸酶;地衣芽孢杆菌;枯草芽孢杆菌;嗜酸乳杆菌;乙氧基喹啉;二丁基羟基甲苯（BHT）;(乙氧基喹啉+二丁基羟基甲苯（BHT）);丙酸;丙酸钙;丁酸钠;乳酸;富马酸;碳酸氢钠;(乳酸+富马酸);β-阿朴-8’-胡萝卜素酸乙酯;红法夫酵母;诱惑红;糖精钠;5’-肌苷酸二钠;单硬脂酸甘油酯;淫羊藿提取物（有效成分为淫羊藿苷）;糖萜素(源自山茶籽饼);饲用香味物质",-
广东省农业厅,"2014-11-03 00:00:00",广州太普乐生物技术有限公司珠海分公司,"2019-11-02 00:00:00","粤饲添(2014)H03004",海藻酸钠,-
广东省农业厅,"2018-06-11 00:00:00",广东科润生物制药有限公司,"2022-10-15 00:00:00","粤饲添(2017)H18003","L-半胱氨酸;L-肉碱盐酸盐;L-抗坏血酸-2-磷酸酯;甜菜碱盐酸盐;(富马酸+柠檬酸+乳酸);饲用香味物质;(淫羊藿提取物（有效成分为淫羊藿苷）+饲用香味物质);(杜仲叶提取物（有效成分为绿原酸、杜仲多糖、杜仲黄酮）+饲用香味物质)",-
广东省农业厅,"2018-04-28 00:00:00",广州康瑞德饲料科技有限公司,"2021-08-08 00:00:00","粤饲添(2016)H01044","吡啶甲酸铬;碘酸钾;碘化钾;氯化钴;亚硒酸钠;硫酸钴;碘酸钙",-
广东省农业厅,"2018-04-28 00:00:00","建明工业(珠海)有限公司","2021-06-26 00:00:00","粤饲添(2016)H03007","饲用香味物质;淀粉酶;蛋白酶;(可食用脂肪酸单／双甘油酯+磷脂);(淀粉酶+β-甘露聚糖酶);(淀粉酶+蛋白酶);(淀粉酶+纤维素酶+木聚糖酶);(淀粉酶+纤维素酶+β-甘露聚糖酶);(淀粉酶+纤维素酶+蛋白酶+木聚糖酶);(木聚糖酶+纤维素酶);(果胶酶+木聚糖酶);(木聚糖酶+蛋白酶);(木聚糖酶+纤维素酶+β-甘露聚糖酶);(纤维素酶+蛋白酶+木聚糖酶);(木聚糖酶+果胶酶+β-葡聚糖酶);(木聚糖酶+纤维素酶+β-葡聚糖酶);(丙酸+乙酸);(丙酸+丙酸铵);(二丁基羟基甲苯（BHT）+丙酸钙);(乳酸+富马酸);(富马酸+柠檬酸+甲酸);(丙酸+山梨酸);丁基羟基茴香醚（BHA）;(丁基羟基茴香醚（BHA）+乙氧基喹啉);(丁基羟基茴香醚（BHA）+二丁基羟基甲苯（BHT）);磷脂;(磷脂+丙酸铬);丙酸铬;丙酸锌;硅铝酸钠;(硅铝酸钠+山梨酸+富马酸);枯草芽孢杆菌;天然叶黄素（源自万寿菊）;辣椒红;液态(丙酸+丙酸铵);液态(丙酸+乙酸);液态(丁基羟基茴香醚（BHA）+二丁基羟基甲苯（BHT）+乙氧基喹啉);液态(丁基羟基茴香醚（BHA）+二丁基羟基甲苯（BHT）);液态(丁基羟基茴香醚（BHA）+没食子酸丙酯);液态磷脂;液态饲用香味物质;(木聚糖酶+纤维素酶+果胶酶);(β-甘露聚糖酶+蛋白酶+淀粉酶);液态(丙酸+丙酸铵+乙酸);(饲用香味物质+富马酸+乳酸);(枯草芽孢杆菌+饲用香味物质);(饲用香味物质+蛋白酶);液态(甲酸+甲酸铵+丙酸+丙酸铵);(蛋白酶+β-甘露聚糖酶+木聚糖酶)",-
广东省农业厅,"2016-06-27 00:00:00",广州广佳生物科技有限公司,"2021-04-13 00:00:00","粤饲添(2016)H01041",大蒜素,-
广东省农业厅,"2016-06-27 00:00:00",深圳市绿微康酶制剂有限公司,"2021-01-31 00:00:00","粤饲添(2016)H02008","淀粉酶;葡萄糖氧化酶;植酸酶;脂肪酶;蛋白酶;(木聚糖酶+β-葡聚糖酶+纤维素酶)",-
广东省农业厅,"2016-04-14 00:00:00",广州市博仕奥水产饲料科技有限公司,"2020-11-12 00:00:00","粤饲添(2015)H01037","枯草芽孢杆菌;L-肉碱盐酸盐;茶多酚;乳酸;(纤维素酶+蛋白酶)",-
广东省农业厅,"2015-09-16 00:00:00",广州市科虎生物技术研究开发中心,"2018-12-25 00:00:00","饲添(2013)H00038","姜黄素;L-抗坏血酸-2-磷酸酯；L-肉碱盐酸盐；甜菜碱盐酸盐；糖精钠；吡啶甲酸铬；（碳酸氢钠+氯化钾+柠檬酸）；大豆磷酯；牛磺酸；乳酸亚铁；蛋氨酸锌络（螯）合物；食品用香料：姜黄油树脂;饲用香味物质",-
广东省农业厅,"2018-06-11 00:00:00",广州智特奇生物科技股份有限公司花都分公司,"2019-03-19 00:00:00","粤饲添(2014)H01011","饲用香味物质;（磷酸+柠檬酸）；（乳酸+甲酸+柠檬酸）；（乳酸+柠檬酸+富马酸）；（甲酸钙+乙酸+丙酸+丁酸+苯甲酸+山梨酸+苹果酸）;(乳酸+富马酸+柠檬酸+磷酸);甘油脂肪酸酯;(甘油脂肪酸酯+β-1，3-D-葡聚糖（源自酿酒酵母）+甘露寡糖);(饲用香味物质+甲酸+丁酸+山梨酸+苯甲酸+柠檬酸+乳酸);(饲用香味物质+丁酸);氧化锌",-
广东省农业厅,"2018-01-17 00:00:00","味氏(广东)生物科技股份有限公司","2019-03-19 00:00:00","粤饲添(2014)H12001","（5’-鸟苷酸二钠+5’-肌苷酸二钠）；(糖精钠+饲用香味物质）；（糖精钠+5’-鸟苷酸二钠+5’-肌苷酸二钠+饲用香味物);饲用香味物质;(乳酸+柠檬酸+磷酸);(柠檬酸+富马酸);(柠檬酸+磷酸);茶多酚",-
广东省农业厅,"2018-01-17 00:00:00",广东新南都饲料科技有限公司,"2019-03-19 00:00:00","粤饲添(2014)H01006","葡萄糖氧化酶；糖精钠；大蒜素；吡啶甲酸铬；烟酸铬；4，7-二羟基异黄酮（大豆黄酮）；（蛋白酶+淀粉酶+纤维素酶+木聚糖酶）；（蛋白酶+纤维素酶+木聚糖酶）；（蛋白酶+木聚糖酶）；（乳酸+柠檬酸+磷酸+富马酸）；（谷氨酸钠+5’-肌苷酸二钠+5’-鸟苷酸二钠) ；（糖精钠+食品用香料：苯甲酸乙酯）； (丁酸+食品用香料:香兰素）",-
广东省农业厅,"2017-06-21 00:00:00",广东康贝尔饲料科技有限公司,"2022-06-20 00:00:00","粤饲添(2017)H05009","硫酸镁;硫酸钴;碘化钾;氯化钴;碘酸钾;碘酸钙;氧化锌;亚硒酸钠;氯化钾;吡啶甲酸铬;甘氨酸锌;甘氨酸铁络（螯）合物;甘氨酸铜络（螯）合物;蛋氨酸锌络（螯）合物;蛋氨酸锰络（螯）合物",-
广东省农业厅,"2017-04-06 00:00:00",珠海市天贝生物科技有限公司,"2019-08-04 00:00:00","粤饲添(2014)H03003","糖精钠;丙酸钠;蛋氨酸锌络（螯）合物;蛋氨酸铁络（螯）合物;枯草芽孢杆菌;天然叶黄素（源自万寿菊）;(乳酸+富马酸);(蛋白酶+淀粉酶);蛋白铁;蛋白锌",-
广东省农业厅,"2017-02-07 00:00:00",广州三仪生物科技有限公司,"2022-02-06 00:00:00","粤饲添(2017)H01048","(枯草芽孢杆菌+地衣芽孢杆菌+粪肠球菌);(枯草芽孢杆菌+凝结芽孢杆菌);(凝结芽孢杆菌+粪肠球菌)",-
广东省农业厅,"2017-02-07 00:00:00",阳江市阳东区澳琦饲料添加剂有限公司,"2022-02-06 00:00:00","粤饲添(2017)H14002",饲用香味物质;甜菜碱盐酸盐,-
广东省农业厅,"2016-08-09 00:00:00",江门市英恒生物科技有限公司,"2021-08-08 00:00:00","粤饲添(2016)H13002","(淀粉酶+纤维素酶+木聚糖酶);(木聚糖酶+β-葡聚糖酶+纤维素酶);(淀粉酶+蛋白酶+木聚糖酶);(蛋白酶+木聚糖酶+纤维素酶);液态(木聚糖酶+β-甘露聚糖酶)",-
广东省农业厅,"2015-08-13 00:00:00",广州市恒博生物科技有限公司,"2020-08-12 00:00:00","粤饲添(2015)H01032","(地衣芽孢杆菌+枯草芽孢杆菌);(枯草芽孢杆菌+粪肠球菌);(柠檬酸+苹果酸+牛磺酸+乳酸+富马酸);(柠檬酸+苹果酸+富马酸+牛磺酸);糖萜素(源自山茶籽饼)",-
广东省农业厅,"2014-02-10 00:00:00",广州市威司特生物科技有限公司萝岗分公司,"2019-02-09 00:00:00","粤饲添(2014)H01001","纤维素酶；木聚糖酶；甘露聚糖酶；α-半乳糖苷酶；脂肪酶；酿酒酵母；嗜酸乳杆菌；枯草芽孢杆菌；（木聚糖酶+甘露聚糖酶+蛋白酶+淀粉酶）；（木聚糖酶+纤维素酶+蛋白酶）；（枯草芽孢杆菌+酿酒酵母)；（枯草芽孢杆菌+嗜酸乳杆菌+酿酒酵母）",-
广东省农业厅,"2013-11-12 00:00:00",广州市中添生物科技有限公司,"2018-11-11 00:00:00","饲添(2013)H00024","嗜酸乳杆菌;（枯草芽孢杆菌+嗜酸乳杆菌）",-
广东省农业厅,"2018-04-28 00:00:00","科金(珠海)生物科技有限公司","2021-01-31 00:00:00","粤饲添(2016)H03005","液态(dl-α-生育酚乙酸酯+磷脂);(丙酸钙+山梨酸);(苯甲酸+丙酸钙+双乙酸钠+山梨酸);(苯甲酸+富马酸+柠檬酸+甲酸钙);磷脂",-
广东省农业厅,"2018-04-28 00:00:00",广东方善能动物保健有限公司,"2021-08-08 00:00:00","粤饲添(2016)H13003","(枯草芽孢杆菌+短小芽孢杆菌);(短小芽孢杆菌+枯草芽孢杆菌+地衣芽孢杆菌);蛋氨酸铬",-
广东省农业厅,"2017-10-16 00:00:00",广州远旺饲料科技有限公司,"2019-05-16 00:00:00","粤饲添(2014)H01014","甘露寡糖;（淀粉酶+蛋白酶+木聚糖酶）；（富马酸亚铁+吡啶甲酸铬）；（食品用香料：香芹酚+百里香酚）",-
广东省农业厅,"2017-10-16 00:00:00",江门市天成生物科技有限公司,"2022-10-15 00:00:00","粤饲添(2017)H13004","(蛋白酶+β-葡聚糖酶+纤维素酶);(蛋白酶+β-葡聚糖酶)",-
广东省农业厅,"2017-10-16 00:00:00",广东瑞生科技有限公司,"2022-10-15 00:00:00","粤饲添(2017)H16002","饲用香味物质;液态饲用香味物质;(柠檬酸+乳酸+磷酸);(谷氨酸钠+糖精钠)",-
广东省农业厅,"2017-05-11 00:00:00",深圳嘉泽隆生物科技有限公司,"2022-05-10 00:00:00","粤饲添(2017)H02012",4，7-二羟基异黄酮（大豆黄酮）,-
广东省农业厅,"2015-06-12 00:00:00",广州饲料添加剂厂,"2020-06-11 00:00:00","粤饲添(2015)H01029","硫酸铜;硫酸亚铁;硫酸锌;硫酸锰;硫酸镁;氧化锌;硫酸钴;碘酸钙;亚硒酸钠;氯化钴;氯化钾;碘化钾",-
广东省农业厅,"2015-06-12 00:00:00",广东正大康地动物保健有限公司,"2019-03-19 00:00:00","粤饲添(2014)H01007","(柠檬酸钠+双乙酸钠);(丙酸+丙酸铵);(丙酸铵+卵磷脂)；（嗜酸乳杆菌+枯草芽孢杆菌)；（木聚糖酶+β-葡聚糖酶+蛋白酶+β-甘露聚糖酶+果胶酶+α-半乳糖苷酶)；（木聚糖酶+蛋白酶+β-葡聚糖酶+纤维素酶+β-甘露聚糖酶+果胶酶+α-半乳糖苷酶)",-
广东省农业厅,"2015-01-04 00:00:00",广州绿动饲料有限公司,"2020-01-03 00:00:00","粤饲添(2015)H01019","粪肠球菌+产朊假丝酵母",-
广东省农业厅,"2018-04-28 00:00:00","生物源生物技术(深圳)股份有限公司","2020-11-12 00:00:00","粤饲添(2015)H02007","磷酸;嗜酸乳杆菌;(甲酸+甲酸钙);(丙酸+丙酸钠);(枯草芽孢杆菌+嗜酸乳杆菌);(植物乳杆菌+酿酒酵母);(糖精钠+谷氨酸钠);(糖精钠+新甲基橙皮苷二氢查耳酮);(乳酸+柠檬酸+磷酸);(柠檬酸+乳酸+富马酸);液态(乳酸+柠檬酸+甲酸);(丙酸钠+丙酸+山梨酸钾);液态(丙酸钠+丙酸+氯化镁);液态(枯草芽孢杆菌+嗜酸乳杆菌+酿酒酵母);(酿酒酵母+植物乳杆菌+枯草芽孢杆菌);(糖精钠+谷氨酸钠+饲用香味物质);(乳酸+柠檬酸+富马酸+苯甲酸);(富马酸+柠檬酸+乳酸+磷酸);液态(丙酸钠+丙酸+山梨酸钾+氯化镁);(枯草芽孢杆菌+嗜酸乳杆菌+植物乳杆菌+酿酒酵母);液态(甲酸+乳酸+柠檬酸+嗜酸乳杆菌);(乳酸+富马酸+柠檬酸+磷酸+苯甲酸);(乳酸+柠檬酸+磷酸+丙酸+丙酸钠);(丙酸+丙酸钠+乳酸+富马酸+柠檬酸);液态嗜酸乳杆菌;液态(枯草芽孢杆菌+嗜酸乳杆菌);(枯草芽孢杆菌+嗜酸乳杆菌+酿酒酵母);枯草芽孢杆菌;(枯草芽孢杆菌+嗜酸乳杆菌+米曲霉);(嗜酸乳杆菌+饲用香味物质);(磷酸+乳酸+柠檬酸+富马酸+甲酸钙+山梨酸);(乳酸+柠檬酸+富马酸+饲用香味物质);(嗜酸乳杆菌+乳酸+柠檬酸+富马酸+饲用香味物质)",-
广东省农业厅,"2018-01-17 00:00:00",广东大泽农生物科技股份有限公司,"2023-01-16 00:00:00","粤饲添(2018)H03010",";(+枯草芽孢杆菌+地衣芽孢杆菌+嗜酸乳杆菌);(+枯草芽孢杆菌+地衣芽孢杆菌)",-
广东省农业厅,"2017-12-06 00:00:00",广州市优百特饲料科技有限公司,"2022-12-05 00:00:00","粤饲添(2017)H01052",磷脂,-
广东省农业厅,"2017-06-21 00:00:00",广东雅琪生物科技股份有限公司,"2020-02-12 00:00:00","粤饲添(2015)H01022","酿酒酵母;枯草芽孢杆菌;地衣芽孢杆菌;嗜酸乳杆菌;甘露寡糖;酵母硒;甲酸钙;(枯草芽孢杆菌+地衣芽孢杆菌+嗜酸乳杆菌+酿酒酵母);(枯草芽孢杆菌+地衣芽孢杆菌+酿酒酵母);(枯草芽孢杆菌+地衣芽孢杆菌)",-
广东省农业厅,"2017-04-06 00:00:00",广州金水动物保健品有限公司,"2019-11-02 00:00:00","粤饲添(2014)H01018","L-抗坏血酸（维生素C）;L-肉碱;甜菜碱;乳酸钙;枯草芽孢杆菌;粪肠球菌;甘露寡糖;(枯草芽孢杆菌+粪肠球菌+甘露寡糖)",-
广东省农业厅,"2016-06-27 00:00:00",深圳市恒德生物科技有限公司,"2021-06-26 00:00:00","粤饲添(2016)H02009","(枯草芽孢杆菌+地衣芽孢杆菌+嗜酸乳杆菌);(枯草芽孢杆菌+地衣芽孢杆菌);液态嗜酸乳杆菌;液态(枯草芽孢杆菌+地衣芽孢杆菌+嗜酸乳杆菌)",-
广东省农业厅,"2016-04-14 00:00:00",广州矿威饲料有限公司,"2018-11-11 00:00:00","饲添(2013)H00032","硫酸镁;硫酸亚铁;氧化锌;硫酸锌;硫酸锰;碘化钾;碘酸钾;碘酸钙;氯化钴;硫酸钴;亚硒酸钠;氧化镁;氯化钾;富马酸亚铁;磷酸二氢钠;磷酸二氢钾;碱式氯化铜;甲酸钙;吡啶甲酸铬",-
广东省农业厅,"2018-06-11 00:00:00",广东先导稀材股份有限公司,"2023-06-10 00:00:00","粤饲添(2018)H18006",亚硒酸钠,-
广东省农业厅,"2017-10-16 00:00:00",广州百农基生物技术有限公司白云分公司,"2022-10-15 00:00:00","粤饲添(2017)H01051","枯草芽孢杆菌;酿酒酵母;粪肠球菌;(枯草芽孢杆菌+凝结芽孢杆菌);(枯草芽孢杆菌+地衣芽孢杆菌+凝结芽孢杆菌);(酿酒酵母+粪肠球菌);(枯草芽孢杆菌+凝结芽孢杆菌+酿酒酵母+粪肠球菌);(凝结芽孢杆菌+酿酒酵母+粪肠球菌);(蛋白酶+淀粉酶);(蛋白酶+淀粉酶+木聚糖酶);(蛋白酶+淀粉酶);(蛋白酶+木聚糖酶+淀粉酶)",-
广东省农业厅,"2017-06-21 00:00:00",广东鑫肽生物科技股份有限公司南海分公司,"2022-06-20 00:00:00","粤饲添(2017)H05008","饲用香味物质;糖精钠;(乙氧基喹啉+二丁基羟基甲苯（BHT）);丙酸;(乳酸+柠檬酸+磷酸);(柠檬酸+乳酸+丁酸);(枯草芽孢杆菌+地衣芽孢杆菌+凝结芽孢杆菌+嗜酸乳杆菌);(饲用香味物质+5’-肌苷酸二钠)",-
广东省农业厅,"2016-12-28 00:00:00",广东景农生物科技有限公司,"2021-12-27 00:00:00","粤饲添(2016)H05007","(乳酸+柠檬酸+富马酸+磷酸);(磷酸+柠檬酸+乳酸)",-
广东省农业厅,"2016-04-14 00:00:00",肇庆巨元生化有限公司,"2020-07-12 00:00:00","粤饲添(2015)H17003","(天然叶黄素（源自万寿菊）+乙氧基喹啉);(β-阿朴-8’-胡萝卜素酸乙酯+天然叶黄素（源自万寿菊）+乙氧基喹啉);液态(虾青素+dl-α-生育酚乙酸酯)",-
广东省农业厅,"2018-06-11 00:00:00",阳江市合山永益香料厂,"2023-06-10 00:00:00","粤饲添(2018)H14003",饲用香味物质,-
广东省农业厅,"2018-04-28 00:00:00",珠海市康益达生物科技有限公司,"2023-04-27 00:00:00","粤饲添(2018)H03011","甘露寡糖;天然叶黄素（源自万寿菊）;蛋白酶;DL-蛋氨酸;(谷氨酸钠+大蒜素);(苯甲酸钠+双乙酸钠);(枯草芽孢杆菌+酿酒酵母+嗜酸乳杆菌);(枯草芽孢杆菌+酿酒酵母+嗜酸乳杆菌+粪肠球菌);(嗜酸乳杆菌+酿酒酵母+枯草芽孢杆菌+沼泽红假单胞菌);(枯草芽孢杆菌+酿酒酵母+嗜酸乳杆菌+地衣芽孢杆菌);液态(枯草芽孢杆菌+嗜酸乳杆菌+粪肠球菌+酿酒酵母)",-
广东省农业厅,"2018-02-23 00:00:00",广州纳多利生物科技有限公司,"2023-01-16 00:00:00","粤饲添(2018)H01053","(枯草芽孢杆菌+地衣芽孢杆菌+丁酸梭菌);(枯草芽孢杆菌+地衣芽孢杆菌+酿酒酵母);(枯草芽孢杆菌+地衣芽孢杆菌+嗜酸乳杆菌);(枯草芽孢杆菌+地衣芽孢杆菌+植物乳杆菌);(地衣芽孢杆菌+酿酒酵母+丁酸梭菌);(地衣芽孢杆菌+酿酒酵母+嗜酸乳杆菌);(地衣芽孢杆菌+酿酒酵母+植物乳杆菌);(枯草芽孢杆菌+地衣芽孢杆菌);(枯草芽孢杆菌+新饲料);(枯草芽孢杆菌+嗜酸乳杆菌);(枯草芽孢杆菌+植物乳杆菌);(新饲料+植物乳杆菌);(新饲料+嗜酸乳杆菌);(新饲料+植物乳杆菌+嗜酸乳杆菌);(地衣芽孢杆菌+酿酒酵母);(地衣芽孢杆菌+新饲料);(地衣芽孢杆菌+嗜酸乳杆菌);(地衣芽孢杆菌+植物乳杆菌)",-
广东省农业厅,"2018-01-17 00:00:00",珠海天凯生物科技有限公司,"2021-08-08 00:00:00","粤饲添(2016)H03002","植酸酶；（蛋白酶+木聚糖酶+纤维素酶+β-葡聚糖酶);(蛋白酶+木聚糖酶+纤维素酶+β-葡聚糖酶+β-甘露聚糖酶+淀粉酶+脂肪酶)",-
广东省农业厅,"2016-12-28 00:00:00",广州市联鲲生物科技有限公司,"2021-12-27 00:00:00","粤饲添(2016)H01046","(甲酸钙+柠檬酸+乳酸钙)",-
广东省农业厅,"2016-08-09 00:00:00",广东云花实业有限公司,"2021-08-08 00:00:00","粤饲添(2016)H14001","饲用香味物质;大蒜素;糖精钠;甜菜碱盐酸盐;富马酸亚铁;(乳酸+柠檬酸+磷酸);(纤维素酶+蛋白酶+木聚糖酶);(枯草芽孢杆菌+嗜酸乳杆菌);(嗜酸乳杆菌+酿酒酵母);(酿酒酵母+枯草芽孢杆菌);",-
广东省农业厅,"2016-09-07 00:00:00",清远至圣饲料科技有限公司,"2021-09-06 00:00:00","粤饲添(2016)H18002",缬氨酸,-
广东省农业厅,"2015-04-01 00:00:00",广州科盛生物科技有限公司,"2020-03-31 00:00:00","粤饲添(2015)H01027",枯草芽孢杆菌;嗜酸乳杆菌,-
广东省农业厅,"2014-11-03 00:00:00",广东海富药业有限公司,"2019-11-02 00:00:00","粤饲添(2014)H19001",L-抗坏血酸（维生素C）,-
广东省农业厅,"2014-05-17 00:00:00",广州庞顺饲料有限公司,"2019-05-16 00:00:00","粤饲添(2014)H01012","亚硒酸钠；碘酸钙；碘化钾；硫酸钴；氯化钴；氯化钾；硫酸镁；氧化锌；硫酸亚铁；硫酸锰；硫酸锌；硫酸铜",-
广东省农业厅,"2013-12-26 00:00:00",深圳苏卡斯饲料添加剂技术有限公司光明分公司,"2018-12-25 00:00:00","饲添(2013)H00035",糖精钠,-
广东省农业厅,"2018-06-11 00:00:00",广州嘉德乐营养科技有限公司,"2023-06-10 00:00:00","粤饲添(2018)H01057",可食用脂肪酸单／双甘油酯,-
广东省农业厅,"2018-06-11 00:00:00",东莞泛亚太生物科技有限公司,"2019-08-04 00:00:00","粤饲添(2014)H11001","果胶酶;脂肪酶;葡萄糖氧化酶;(木聚糖酶+蛋白酶+β-葡聚糖酶);(木聚糖酶+蛋白酶+β-葡聚糖酶+纤维素酶);(木聚糖酶+蛋白酶+β-葡聚糖酶+纤维素酶+淀粉酶);(木聚糖酶+蛋白酶+β-甘露聚糖酶+淀粉酶+果胶酶);(木聚糖酶+果胶酶+β-甘露聚糖酶+β-葡聚糖酶+淀粉酶+果胶酶);(木聚糖酶+蛋白酶+β-甘露聚糖酶+β-葡聚糖酶+纤维素酶+果胶酶);(木聚糖酶+蛋白酶+β-甘露聚糖酶+β-葡聚糖酶+纤维素酶+淀粉酶+果胶酶);(木聚糖酶+蛋白酶+β-甘露聚糖酶+β-葡聚糖酶+纤维素酶+淀粉酶+果胶酶);(木聚糖酶+蛋白酶+β-甘露聚糖酶+β-葡聚糖酶+纤维素酶+果胶酶);(木聚糖酶+蛋白酶+β-甘露聚糖酶+β-葡聚糖酶+淀粉酶+果胶酶);(木聚糖酶+蛋白酶+β-甘露聚糖酶+淀粉酶+果胶酶);(木聚糖酶+蛋白酶+β-葡聚糖酶+纤维素酶+淀粉酶);(木聚糖酶+蛋白酶+β-葡聚糖酶+纤维素酶);(木聚糖酶+蛋白酶+β-葡聚糖酶);葡萄糖氧化酶;脂肪酶;果胶酶;植酸酶;木聚糖酶;β-甘露聚糖酶;β-葡聚糖酶;(木聚糖酶+蛋白酶);(木聚糖酶+β-葡聚糖酶);(木聚糖酶+β-甘露聚糖酶+β-葡聚糖酶);(木聚糖酶+β-葡聚糖酶+淀粉酶+纤维素酶);(木聚糖酶+β-甘露聚糖酶+β-葡聚糖酶+淀粉酶);(木聚糖酶+蛋白酶+β-甘露聚糖酶+淀粉酶);(木聚糖酶+蛋白酶+β-甘露聚糖酶+β-葡聚糖酶+纤维素酶);(木聚糖酶+蛋白酶+β-甘露聚糖酶+β-葡聚糖酶+淀粉酶);(木聚糖酶+蛋白酶+β-甘露聚糖酶+β-葡聚糖酶+淀粉酶+纤维素酶);(木聚糖酶+蛋白酶+β-甘露聚糖酶+β-葡聚糖酶+纤维素酶+植酸酶);(木聚糖酶+蛋白酶+β-甘露聚糖酶+β-葡聚糖酶+纤维素酶+淀粉酶+植酸酶);液态植酸酶;蛋白酶;纤维素酶;α-半乳糖苷酶;(蛋白酶+果胶酶);(β-葡聚糖酶+果胶酶);(蛋白酶+β-葡聚糖酶+果胶酶);(α-半乳糖苷酶+蛋白酶);(α-半乳糖苷酶+果胶酶);(α-半乳糖苷酶+β-甘露聚糖酶);(β-甘露聚糖酶+β-葡聚糖酶);(β-甘露聚糖酶+β-葡聚糖酶+果胶酶);(蛋白酶+β-甘露聚糖酶+β-葡聚糖酶+果胶酶);(木聚糖酶+蛋白酶+β-甘露聚糖酶+淀粉酶+脂肪酶);(木聚糖酶+蛋白酶+β-甘露聚糖酶+β-葡聚糖酶+淀粉酶+脂肪酶);(木聚糖酶+蛋白酶+β-甘露聚糖酶+β-葡聚糖酶+纤维素酶+脂肪酶);(木聚糖酶+蛋白酶+β-甘露聚糖酶+β-葡聚糖酶+纤维素酶+淀粉酶+脂肪酶);(木聚糖酶+蛋白酶+β-甘露聚糖酶+β-葡聚糖酶+纤维素酶+淀粉酶+果胶酶+脂肪酶)",-
广东省农业厅,"2017-08-02 00:00:00",广州天科生物科技有限公司,"2020-02-12 00:00:00","粤饲添(2015)H01023","天然维生素E;甘氨酸铜络（螯）合物;氨基酸锰络合物（氨基酸来源于水解植物蛋白）;蛋氨酸铬;(二丁基羟基甲苯（BHT）+乙氧基喹啉);(双乙酸钠+富马酸+甲酸钙);(甲酸钙+富马酸+柠檬酸);糖精钠;饲用香味物质;酵母硒;(柠檬酸+富马酸+磷酸+乳酸);(茶多酚+二丁基羟基甲苯（BHT）+乙氧基喹啉)",-
广东省农业厅,"2017-06-21 00:00:00",湛江科大生物技术开发有限公司,"2022-06-20 00:00:00","粤饲添(2017)H15004","L-抗坏血酸（维生素C）;甜菜碱盐酸盐;枯草芽孢杆菌;",-
广东省农业厅,"2016-12-28 00:00:00",广州市海威水产科技有限公司,"2019-02-09 00:00:00","粤饲添(2014)H01005",枯草芽孢杆菌,-
广东省农业厅,"2015-11-13 00:00:00",广州广牧丰生物技术有限公司,"2020-11-12 00:00:00","粤饲添(2015)H01034","富马酸亚铁;枯草芽孢杆菌;(枯草芽孢杆菌+嗜酸乳杆菌);(乳酸+富马酸);(富马酸+乳酸+枯草芽孢杆菌);液态(乳酸+柠檬酸)",-
广东省农业厅,"2015-11-13 00:00:00",广东比克生物科技有限公司,"2018-10-09 00:00:00","饲添(2013)H00014","液态(果寡糖+维生素A+维生素D3+维生素E);(果寡糖+甘露寡糖);乳酸;",-
广东省农业厅,"2013-12-26 00:00:00",惠州市昕昊实业有限公司,"2018-12-25 00:00:00","饲添(2013)H00043","（丙酸+丙酸铵）；（富马酸+苯甲酸）；液态（丙酸+丙酸铵）",-
