F3070220000035_000035001,F3070220000035_000035002,F3070220000035_000035003,F3070220000035_000035004,F3070220000035_000035005,F3070220000035_000035006,F3070220000035_000035007,F3070220000035_000035008,F3070220000035_000035009
广东省农业厅,"粤饲添(2015)T03001",广东溢多利生物科技股份有限公司,广东省珠海市南屏高科技工业区屏北一路8号,"植酸酶(产自黑曲霉);木聚糖酶(产自长柄木霉);β-甘露聚糖酶(产自长柄木霉);蛋白酶(产自黑曲霉);纤维素酶(产自长柄木霉);淀粉酶(产自枯草芽孢杆菌);脂肪酶(产自米曲霉);β-葡聚糖酶(产自黑曲霉);α-半乳糖苷酶(产自黑曲霉);果胶酶(产自黑曲霉);葡萄糖氧化酶(产自特异青霉);角蛋白酶(产自地衣芽孢杆菌);液态植酸酶(产自黑曲霉);液态木聚糖酶(产自长柄木霉);液态β-甘露聚糖酶(产自长柄木霉);液态蛋白酶(产自黑曲霉);液态纤维素酶(产自长柄木霉);液态淀粉酶(产自枯草芽孢杆菌);液态脂肪酶(产自米曲霉);液态β-葡聚糖酶(产自黑曲霉);液态果胶酶(产自黑曲霉);凝结芽孢杆菌;粪肠球菌;屎肠球菌;德氏乳杆菌保加利亚亚种;枯草芽孢杆菌;地衣芽孢杆菌;产朊假丝酵母;酿酒酵母;嗜酸乳杆菌;植物乳杆菌",2015/9/16,"2020-09-15 00:00:00",-,"2015-09-16 00:00:00"
广东省农业厅,"粤饲添(2014)T09001",惠州市东江环保技术有限公司,广东省惠州市潼侨镇联发大道北面,硫酸铜,2016/12/28,"2019-02-09 00:00:00",-,"2016-12-28 00:00:00"
广东省农业厅,"粤饲添(2014)T01003",广州南沙龙沙有限公司,广东省广州市南沙区黄阁大道北68号,L-肉碱;烟酰胺,2016/12/28,"2019-03-19 00:00:00",-,"2016-12-28 00:00:00"
广东省农业厅,"粤饲添(2015)T05003",佛山立达尔生物科技有限公司,广东省佛山市三水工业区大塘园59-2号地,"天然叶黄素（源自万寿菊）;辣椒红;β，β-胡萝卜素-4，4-二酮（斑蝥黄）;虾青素;β-胡萝卜素",2015/8/13,"2020-08-12 00:00:00",-,"2015-08-13 00:00:00"
广东省农业厅,"粤饲添(2016)T09005",惠州市金立泰生物科技有限公司,广东省惠州市博罗县罗阳镇义和博义路南28号,"液态植物乳杆菌;液态干酪乳杆菌;液态枯草芽孢杆菌;液态酿酒酵母",2016/10/10,"2021-10-09 00:00:00",-,"2016-10-10 00:00:00"
广东省农业厅,"粤饲添(2016)T05004",佛山市国农淀粉有限公司,广东省佛山市南海区小塘莲塘村北三村,α-淀粉,2016/8/9,"2021-08-08 00:00:00",-,"2016-08-09 00:00:00"
广东省农业厅,"粤饲添(2016)T01001",广州科仁生物工程有限公司,"广东省广州市从化经济开发区高技术产业园广从南路550号7幢","饲用黄曲霉毒素B1分解酶(产自发光假蜜环菌)",2016/8/9,"2021-08-08 00:00:00",-,"2016-08-09 00:00:00"
广东省农业厅,"粤饲添(2016)T02008",深圳市绿微康生物工程有限公司,"广东省深圳市南山区高新区中区高新中一道生物孵化器大楼2-112、113室","脂肪酶(产自黑曲霉);蛋白酶(产自枯草芽孢杆菌);木聚糖酶(产自枯草芽孢杆菌);植酸酶(产自黑曲霉)",2016/8/9,"2021-03-09 00:00:00",-,"2016-08-09 00:00:00"
广东省农业厅,"粤饲添(2016)T02005",深圳格林沃环保科技开发有限公司,"广东省深圳市光明新区公明办事处将石社区新围第三工业区H8号A栋一楼102号",液态枯草芽孢杆菌,2016/6/27,"2021-06-26 00:00:00",-,"2016-06-27 00:00:00"
广东省农业厅,"粤饲添(2015)T01011",广州博善生物科技股份有限公司,"广东省广州市经济技术开发区金碧路金华一街9号C座首层","酵母硒;酵母铬;蛋白铜;蛋白铁;蛋白锌;蛋白锰;氨基酸铜络合物（氨基酸来源于水解植物蛋白）;氨基酸锰络合物（氨基酸来源于水解植物蛋白）;氨基酸锌络合物（氨基酸来源于水解植物蛋白）;氨基酸铁络合物（氨基酸来源于水解植物蛋白）",2016/5/12,"2020-02-12 00:00:00",-,"2016-05-12 00:00:00"
广东省农业厅,"粤饲添(2015)T17002",肇庆巨元生化有限公司,广东省肇庆市高新技术开发区文德六街3号,"维生素A乙酸酯;β-胡萝卜素;D-生物素;β-阿朴-8’-胡萝卜素酸乙酯;β，β-胡萝卜素-4，4-二酮（斑蝥黄）;虾青素",2016/4/14,"2020-07-12 00:00:00",-,"2016-04-14 00:00:00"
广东省农业厅,"粤饲添(2014)T01006",广东碧德生物科技有限公司,广东省广州市萝岗区神舟路790号,枯草芽孢杆菌；粪肠球菌；酿酒酵母,2016/2/1,"2019-03-19 00:00:00",-,"2016-02-01 00:00:00"
广东省农业厅,"粤饲添(2016)T13002",鹤山市新的生物制品有限公司,广东省江门市鹤山市雅瑶镇陈山工业路3号,"酿酒酵母;枯草芽孢杆菌;液态酿酒酵母;液态枯草芽孢杆菌;液态嗜酸乳杆菌",2016/3/10,"2021-03-09 00:00:00",-,"2016-03-10 00:00:00"
广东省农业厅,"粤饲添(2016)T01016",广州海莎生物科技有限公司,广东省广州市高新技术产业开发区科学城瑞泰路一号,磷脂,2016/2/1,"2021-01-31 00:00:00",-,"2016-02-01 00:00:00"
广东省农业厅,"粤饲添(2016)T18002",清远市中宇环保实业股份有限公司,广东省清远市高新技术产业开发区6号小区内,硫酸铜;碱式氯化铜,2016/2/1,"2021-01-31 00:00:00",-,"2016-02-01 00:00:00"
广东省农业厅,"粤饲添(2015)T01015",广州广牧丰生物技术有限公司,广东省广州市黄埔区长岭路18号,天然叶黄素（源自万寿菊）,2015/11/13,"2020-11-12 00:00:00",-,"2015-11-13 00:00:00"
广东省农业厅,"粤饲添(2015)T02003",深圳市希科安实业有限公司,"广东省深圳市龙岗区布吉街道下水径三街一号湖北宝丰工业区三栋一楼东",稀土（铈和镧）壳糖胺螯合盐,2015/11/13,"2020-11-12 00:00:00",-,"2015-11-13 00:00:00"
广东省农业厅,"粤饲添(2015)T15003",湛江五洲生物工程有限公司,广东省湛江市遂溪县民营科技工业园工业南路1号,酵母硒,2015/11/13,"2020-09-15 00:00:00",-,"2015-11-13 00:00:00"
广东省农业厅,"粤饲添(2014)T13001",量子高科（中国）生物股份有限公司,广东省江门市高新区高新西路133号,果寡糖；液态果寡糖,2015/11/13,"2019-03-19 00:00:00",-,"2015-11-13 00:00:00"
广东省农业厅,"粤饲添(2015)T17003",肇庆长龙生物科技有限公司,广东省肇庆市高新技术产业开发区文德五街3号,"壳寡糖（寡聚β-(1-4)-2-氨基-2-脱氧-D-葡萄糖）（n=2～10）",2015/9/16,"2020-09-15 00:00:00",-,"2015-09-16 00:00:00"
广东省农业厅,"饲添(2013)T00057",广州矿威饲料有限公司,"广东省广州市白云区白云湖街大朗十二、三社工业区C五栋首层",硫酸铜,2015/9/16,"2018-11-11 00:00:00",-,"2015-09-16 00:00:00"
广东省农业厅,"粤饲添(2015)T04001",汕头市金园精细化工厂有限公司,广东省汕头市金平区浮东乡码头路中段,"硫酸铜;硫酸亚铁;硫酸锌;硫酸锰;氧化锌;磷酸二氢钾;硫酸钴;硫酸镁",2015/8/3,"2020-08-02 00:00:00",-,"2015-08-03 00:00:00"
广东省农业厅,"粤饲添(2015)T08001",梅州金柚康健康科技有限公司,"广东省梅州市梅县区畲江镇梅州高新技术产业园A区3栋1层",新甲基橙皮苷二氢查耳酮,2015/8/3,"2020-08-02 00:00:00",-,"2015-08-03 00:00:00"
广东省农业厅,"粤饲添(2015)T15002",湛江大丰收生物科技有限公司,广东省湛江市霞山区椹川大道中23号,枯草芽孢杆菌,2015/8/3,"2020-08-02 00:00:00",-,"2015-08-03 00:00:00"
广东省农业厅,"粤饲添(2015)T12001",中山市科佳力饲料发展有限公司,广东省中山市三角镇金烨路6号B幢,"富马酸亚铁;蛋氨酸铜络（螯）合物;蛋氨酸铁络（螯）合物;蛋氨酸锰络（螯）合物;蛋氨酸锌络（螯）合物;甘氨酸铜络（螯）合物;甘氨酸铁络（螯）合物;蛋氨酸铬;甘氨酸锌",2015/7/13,"2020-07-12 00:00:00",-,"2015-07-13 00:00:00"
广东省农业厅,"粤饲添(2015)T01013",广州中琦硅业有限公司,"广东省广州市增城区永宁街荔新12路26号3栋(厂房A-2)",二氧化硅,2015/6/12,"2020-06-11 00:00:00",-,"2015-06-12 00:00:00"
广东省农业厅,"粤饲添(2015)T09004",广东省博罗县湘澧精细化工有限公司,广东省惠州市博罗县罗阳镇小金村,硫酸铜,2015/5/4,"2020-05-03 00:00:00",-,"2015-05-04 00:00:00"
广东省农业厅,"粤饲添(2015)T02001",深圳市绿泽生物科技有限公司,"广东省深圳市宝安区观澜街道牛湖社区俄地吓村南兴工业园","(枯草芽孢杆菌+植物乳杆菌+产朊假丝酵母);液态(植物乳杆菌+产朊假丝酵母)",2015/1/4,"2020-01-03 00:00:00",-,"2015-01-04 00:00:00"
广东省农业厅,"粤饲添(2015)T01010",广州市欣海利生生物科技有限公司,广东省广州市花都区花东镇花都大道东213号,枯草芽孢杆菌,2015/2/13,"2020-02-12 00:00:00",-,"2015-02-13 00:00:00"
广东省农业厅,"粤饲添(2015)T01012",广州市微生物研究所,广东省广州市萝岗区尖塔山路1号,"枯草芽孢杆菌;产朊假丝酵母;嗜酸乳杆菌;(嗜热链球菌+德氏乳杆菌保加利亚亚种)",2015/2/13,"2020-02-12 00:00:00",-,"2015-02-13 00:00:00"
广东省农业厅,"粤饲添(2015)T16001",电白县亚伯兰生物科技有限公司,广东省茂名市电白区霞洞镇高田门口坡村3号,"液态(酿酒酵母+嗜酸乳杆菌);液态(枯草芽孢杆菌+嗜酸乳杆菌)",2015/1/4,"2020-01-03 00:00:00",-,"2015-01-04 00:00:00"
广东省农业厅,"粤饲添(2014)T01009",广州天科生物科技有限公司,广东省广州市花都区花东镇湾弓塘居委会老虎头1号,"赖氨酸铜络（螯）合物;甘氨酸锌;柠檬酸钙;蛋氨酸铜络（螯）合物;蛋氨酸铁络（螯）合物;蛋氨酸锰络（螯）合物;蛋氨酸锌络（螯）合物;;赖氨酸锌络（螯）合物;甘氨酸铜络（螯）合物;甘氨酸铁络（螯）合物",2014/11/3,"2019-11-02 00:00:00",-,"2014-11-03 00:00:00"
广东省农业厅,"粤饲添(2014)T01002",广州智特奇生物科技股份有限公司花都分公司,"广东省广州市花都区花东镇湾弓塘居委会老虎头3号101房","丁酸钠;天然叶黄素（源自万寿菊）；辣椒红；β，β-胡萝卜素-4，4-二酮（斑蝥黄）；β-阿朴-8’-胡萝卜素酸乙酯；虾青素；维生素A乙酸酯；维生素D3；β－胡萝卜素；L-肉碱；L-肉碱盐酸盐；L-抗坏血酸-2-磷酸酯；氯化胆碱；25-羟基胆钙化醇（25-羟基维生素D3）；甜菜碱；乳酸；磷酸；氧化锌；富马酸亚铁；吡啶甲酸铬；植酸酶（产自黑曲霉）；木聚糖酶（产自米曲霉）；磷脂；液态天然叶黄素（源自万寿菊）;",2014/11/3,"2019-03-19 00:00:00",-,"2014-11-03 00:00:00"
广东省农业厅,"粤饲添(2014)T17001",广东肇庆星湖生物科技股份有限公司生物工程基地,"广东省肇庆市鼎湖区坑口莲花路(鼎湖区新城36区、37区、38区)",L-苏氨酸;L-精氨酸;液态L-精氨酸;缬氨酸,2014/9/10,"2019-09-09 00:00:00",-,"2014-09-10 00:00:00"
广东省农业厅,"粤饲添(2014)T01005",广州和仕康生物技术有限公司,"广东省广东省广州市萝岗区夏港街道办事处锦绣路明华三街5号",产朊假丝酵母,2014/8/5,"2019-03-19 00:00:00",-,"2014-08-05 00:00:00"
广东省农业厅,"粤饲添(2014)T05002",佛山市南海华昊华丰淀粉有限公司,广东省佛山市南海区西樵科技工业园新纺大道侧,α-淀粉,2014/8/5,"2019-08-04 00:00:00",-,"2014-08-05 00:00:00"
广东省农业厅,"粤饲添(2014)T09003",惠州市惠山水生生物制品有限公司,广东省惠州市惠城区三栋镇第三工业区,枯草芽孢杆菌,2014/8/5,"2019-08-04 00:00:00",-,"2014-08-05 00:00:00"
广东省农业厅,"粤饲添(2014)T11002",东莞泛亚太生物科技有限公司,广东省东莞市松山湖科技产业园区工业北路3号,"液态β-葡聚糖酶(产自黑曲霉);液态β-甘露聚糖酶(产自迟缓芽孢杆菌);液态植酸酶(产自米曲霉);液态木聚糖酶(产自枯草芽孢杆菌);液态纤维素酶(产自长柄木霉)",2014/8/5,"2019-08-04 00:00:00",-,"2014-08-05 00:00:00"
广东省农业厅,"粤饲添(2014)T15001",广东绿百多生物科技有限公司,广东省湛江市霞山区机场路14号,"枯草芽孢杆菌;酿酒酵母;产朊假丝酵母;液态沼泽红假单胞菌",2014/6/19,"2019-06-18 00:00:00",-,"2014-06-19 00:00:00"
广东省农业厅,"粤饲添(2014)T18001",清远市新绿环境技术有限公司,广东省清远市清新县太平镇龙湾工业园,硫酸铜；碱式氯化铜,2014/5/17,"2019-05-16 00:00:00",-,"2014-05-17 00:00:00"
广东省农业厅,"粤饲添(2014)T01007",广州生产力促进中心增城科研中试生产基地,广东省广州市增城市中新镇福和三迳村知青场,"甘氨酸铁络（螯）合物；蛋氨酸铁络（螯）合物；蛋氨酸锌络（螯）合物；蛋氨酸铜络（螯）合物；甘氨酸铜络（螯）合物；蛋氨酸锰络（螯）合物；甘氨酸锌；吡啶甲酸铬",2014/3/20,"2019-03-19 00:00:00",-,"2014-03-20 00:00:00"
广东省农业厅,"粤饲添(2014)T11001",东莞市辉阳生物科技有限公司,广东省东莞市大岭山镇龙山村大龙路102号,"（干酪乳杆菌+酿酒酵母）; （干酪乳杆菌+酿酒酵母+嗜酸乳杆菌+枯草芽孢杆菌）;液态（干酪乳杆菌+酿酒酵母）;液态（干酪乳杆菌+酿酒酵母+嗜酸乳杆菌+枯草芽孢杆菌）",2014/2/10,"2019-02-09 00:00:00",-,"2014-02-10 00:00:00"
广东省农业厅,"粤饲添(2014)T09002",惠州市三宝生物化学科技有限公司,广东省惠州市三栋镇第三工业区,L-抗坏血酸-2-磷酸酯,2014/2/10,"2019-02-09 00:00:00",-,"2014-02-10 00:00:00"
广东省农业厅,"粤饲添(2018)T01021",广州嘉德乐营养科技有限公司,广东省广州市黄埔区华峰路6号自编4幢,可食用脂肪酸单／双甘油酯,2018/6/11,"2023-06-10 00:00:00",-,"2018-06-11 00:00:00"
广东省农业厅,"粤饲添(2018)T18004",广东容大生物股份有限公司,广东省清远市高新技术产业开发区建设二路31号,地衣芽孢杆菌;地顶孢霉培养物,2018/6/11,"2023-02-22 00:00:00",-,"2018-06-11 00:00:00"
广东省农业厅,"粤饲添(2018)T02007",深圳嘉泽隆生物科技有限公司,"广东省深圳市龙岗区龙城街道龙西社区学园路100号2楼",4，7-二羟基异黄酮（大豆黄酮）,2018/6/11,"2023-06-10 00:00:00",-,"2018-06-11 00:00:00"
广东省农业厅,"饲添(2013)T00056",翁源县新南都饲料科技有限公司,"广东省韶关市翁源县官渡经济开发试验区利龙工业园区内","富马酸亚铁;蛋氨酸铜络（螯）合物;蛋氨酸铁络（螯）合物;蛋氨酸锰络（螯）合物;蛋氨酸锌络（螯）合物;赖氨酸铜络（螯）合物;赖氨酸锌络（螯）合物;甘氨酸铜络（螯）合物;甘氨酸铁络（螯）合物；4，7-二羟基异黄酮（大豆黄酮）；杜仲叶提取物（有效成分为绿原酸、杜仲多糖、杜仲黄酮）",2018/4/28,"2018-11-11 00:00:00",-,"2018-04-28 00:00:00"
广东省农业厅,"粤饲添(2016)T01004",广州康瑞德饲料科技有限公司,广东省广州市黄埔区横沙白新街172号102房,"硫酸亚铁;硫酸镁;硫酸铜;氧化锌;硫酸锌;硫酸锰;氯化钾",2018/4/28,"2021-08-08 00:00:00",-,"2018-04-28 00:00:00"
广东省农业厅,"粤饲添(2015)T02004","生物源生物技术(深圳)股份有限公司",广东省深圳市坪山新区坪山街道坪葵路200号,氯化钙,2018/4/28,"2020-11-12 00:00:00",-,"2018-04-28 00:00:00"
广东省农业厅,"粤饲添(2018)T11003",东莞市恒建环保科技有限公司,广东省东莞市麻涌镇麻三村豪峰工业园,硫酸铜,2018/4/28,"2023-04-27 00:00:00",-,"2018-04-28 00:00:00"
广东省农业厅,"粤饲添(2018)T01020",广州纳多利生物科技有限公司,广东省广州市白云区太和镇龙归夏良二队三号之一,"枯草芽孢杆菌;地衣芽孢杆菌;丁酸梭菌;嗜酸乳杆菌;植物乳杆菌;酿酒酵母;液态枯草芽孢杆菌;液态地衣芽孢杆菌;液态新饲料;液态嗜酸乳杆菌;液态植物乳杆菌;液态酿酒酵母",2018/2/23,"2023-02-22 00:00:00",-,"2018-02-23 00:00:00"
广东省农业厅,"粤饲添(2018)T06002",南雄英赛特精细化工科技有限公司,广东省韶关市南雄市珠玑工业园平安三路西8号厂房,"可食脂肪酸钙盐;苯甲酸钠;富马酸亚铁;饲用香味物质",2018/2/23,"2023-02-22 00:00:00",-,"2018-02-23 00:00:00"
广东省农业厅,"粤饲添(2017)T21001",新兴县国研科技有限公司,广东省云浮市新兴县东成镇十里村深塘山,枯草芽孢杆菌,2017/12/6,"2022-12-05 00:00:00",-,"2017-12-06 00:00:00"
广东省农业厅,"粤饲添(2016)T03002","建明工业(珠海)有限公司",广东省珠海市金湾区三灶镇琴石路25号,"天然叶黄素（源自万寿菊）;蛋白酶(黑曲霉、米曲霉、枯草芽孢杆菌);淀粉酶(黑曲霉、解淀粉芽孢杆菌、地衣芽孢杆菌、枯草芽孢杆菌);液态丙酸铬;液态丙酸铵;液态甲酸铵",2018/2/23,"2021-06-26 00:00:00",-,"2018-02-23 00:00:00"
广东省农业厅,"粤饲添(2014)H01006",广东新南都饲料科技有限公司,"广东省广州市天河区五山镇大丰一街1号广东省农业科学院畜牧研究所A区1号","葡萄糖氧化酶；糖精钠；大蒜素；吡啶甲酸铬；烟酸铬；4，7-二羟基异黄酮（大豆黄酮）；（蛋白酶+淀粉酶+纤维素酶+木聚糖酶）；（蛋白酶+纤维素酶+木聚糖酶）；（蛋白酶+木聚糖酶）；（乳酸+柠檬酸+磷酸+富马酸）；（谷氨酸钠+5’-肌苷酸二钠+5’-鸟苷酸二钠) ；（糖精钠+食品用香料：苯甲酸乙酯）； (丁酸+食品用香料:香兰素）",2018/1/17,"2019-03-19 00:00:00",-,"2018-01-17 00:00:00"
广东省农业厅,"粤饲添(2016)T13003",广东方善能动物保健有限公司,广东省江门市开平市沙塘镇表海工业区环新路5号1幢,"枯草芽孢杆菌;地衣芽孢杆菌;短小芽孢杆菌;(纤维素酶+β-甘露聚糖酶+木聚糖酶);蛋氨酸铬;β-甘露聚糖酶",2018/1/17,"2021-08-08 00:00:00",-,"2018-01-17 00:00:00"
广东省农业厅,"粤饲添(2017)T06001",翁源广业清怡食品科技有限公司,广东省韶关市翁源县翁城镇翁城工业园,特丁基对苯二酚（TBHQ）,2017/12/6,"2022-12-05 00:00:00",-,"2017-12-06 00:00:00"
广东省农业厅,"粤饲添(2017)T01019",广州金水动物保健品有限公司,广东省广州市白云区钟落潭镇竹料兴业路自编38号,"枯草芽孢杆菌;地衣芽孢杆菌;产朊假丝酵母;粪肠球菌;嗜酸乳杆菌;植物乳杆菌",2017/12/6,"2022-12-05 00:00:00",-,"2017-12-06 00:00:00"
广东省农业厅,"饲添(2013)T00044",深圳市宝安东江环保技术有限公司,广东省深圳市宝安区沙井街道共和村第五工业区,硫酸铜;碱式氯化铜,2017/12/6,"2018-11-11 00:00:00",-,"2017-12-06 00:00:00"
广东省农业厅,"粤饲添(2015)T02002",深圳市深投环保科技有限公司,广东省深圳市福田区下梅林龙尾路181号,硫酸铜;碱式氯化铜,2017/10/16,"2020-05-03 00:00:00",-,"2017-10-16 00:00:00"
广东省农业厅,"粤饲添(2017)T09006",惠州长龙生物技术有限公司,"广东省惠州市惠城区水口街道办事处荔城工业区A5号(厂房)","壳寡糖（寡聚β-(1-4)-2-氨基-2-脱氧-D-葡萄糖）（n=2～10）",2017/10/16,"2022-04-05 00:00:00",-,"2017-10-16 00:00:00"
广东省农业厅,"粤饲添(2017)T01018",广州市萝岗联丰饲料材料有限公司,广东省广州市经济技术开发区萝岗街长岭路段18号,硫酸铜;硫酸钴;硫酸锰;硫酸锌;硫酸亚铁,2017/8/2,"2022-08-01 00:00:00",-,"2017-08-02 00:00:00"
广东省农业厅,"粤饲添(2014)T05001",广东海纳川生物科技股份有限公司,广东省佛山市高明区沧江工业园杨和园区沙水河西路,"酵母硒;β－葡聚糖酶（产自枯草芽孢杆菌）；果胶酶（产自黑曲霉）；纤维素酶（产自黑曲霉）；脂肪酶（产自黑曲霉）；蛋白酶（产自枯草芽孢杆菌）；植酸酶（产自黑曲霉）；木聚糖酶（产自米曲霉  ）； a-半乳糖苷酶（产自黑曲霉）；β－甘露聚糖酶（产自迟缓芽孢杆菌）；枯草芽孢杆菌；酿酒酵母；嗜酸乳杆菌；产朊假丝酵母；粪肠球菌；屎肠球菌；干酪乳杆菌；植物乳杆菌；德氏乳杆菌保加利亚亚种；凝结芽孢杆菌；液态β－葡聚糖酶(产自枯草芽孢杆菌)；液态果胶酶(产自黑曲霉)；液态纤维素酶(产自黑曲霉)；液态脂肪酶(产自黑曲霉)；液态蛋白酶(产自枯草芽孢杆菌)；液态植酸酶(产自黑曲霉)；液态木聚糖酶（产自米曲霉)；液态 a-半乳糖苷酶(产自黑曲霉)；液态β－甘露聚糖酶（产自迟缓芽孢杆菌)；液态枯草芽孢杆菌；液态嗜酸乳杆菌；液态粪肠球菌；液态屎肠球菌；液态干酪乳杆菌；液态植物乳杆菌；液态德氏乳杆菌保加利亚亚种；液态凝结芽孢杆菌",2017/8/2,"2019-03-19 00:00:00",-,"2017-08-02 00:00:00"
广东省农业厅,"粤饲添(2017)T05004",广东康贝尔饲料科技有限公司,"广东省佛山市南海区里水镇和顺石塘和桂工业园二期顺利南路自编3号","硫酸铜;硫酸锌;硫酸锰;硫酸亚铁;氧化镁;富马酸亚铁;磷酸二氢钠;磷酸氢二钾;碱式氯化铜;氯化钾;甲酸钙",2017/8/2,"2022-08-01 00:00:00",-,"2017-08-02 00:00:00"
广东省农业厅,"饲添(2013)T00071",广州市科虎生物技术研究开发中心,"广东省广州市增城市中新镇安良村西丫岭 1 号","(2-羧乙基)二甲基溴化锍;姜黄素;蛋氨酸锌络（螯）合物;",2017/6/21,"2018-12-25 00:00:00",-,"2017-06-21 00:00:00"
广东省农业厅,"粤饲添(2017)T02006",深圳东江华瑞科技有限公司,"广东省深圳市宝安区沙井街道共和第五工业区东江环保厂房7栋一、二层",碱式氯化铜,2017/5/11,"2022-05-10 00:00:00",-,"2017-05-11 00:00:00"
广东省农业厅,"粤饲添(2017)T15004",广东五洲药业有限公司,"广东省湛江市遂溪县民营科技工业园工业南路1号酵母车间",酵母硒,2017/5/11,"2022-05-10 00:00:00",-,"2017-05-11 00:00:00"
广东省农业厅,"粤饲添(2016)T01017",广州科城环保科技有限公司,广东省广州市高新技术产业开发区光谱东路3号,碱式氯化铜;硫酸铜;氧化锌;碱式氯化锌,2017/5/11,"2021-04-13 00:00:00",-,"2017-05-11 00:00:00"
广东省农业厅,"粤饲添(2016)T18003",广东先导稀材股份有限公司,"广东省清远市清新区禾云镇工业区(鱼坝公路旁)",亚硒酸钠;碘化钾;碘酸钾;氯化钴;硫酸钴;碘酸钙,2017/5/11,"2021-06-26 00:00:00",-,"2017-05-11 00:00:00"
广东省农业厅,"粤饲添(2014)T01008",广州白云山汉方现代药业有限公司,广东省广州市从化区温泉大道8号,新甲基橙皮苷二氢查耳酮,2017/4/6,"2019-08-04 00:00:00",-,"2017-04-06 00:00:00"
