F3070220000099_000044005,F3070220000099_000044006,F3070220000099_000044003,F3070220000099_000044004,F3070220000099_000044007,F3070220000099_000044008,F3070220000099_000044001,F3070220000099_000044002
"2018-10-18 00:00:00","2018-10-18 00:00:00","严阵以待防“山竹” 地灾抢险战尤酣——广东省地质局地勘单位抗击特别台风“山竹”综述",广东省地质局,"2018-10-18 00:00:00","9月16日，广东省人民政府发布防御特强台风“山竹”动员令，从16日下午起，珠江三角洲及东南沿海地区启动防风Ⅰ级应急响应，各地实行停课、停市、停工、停运、停业紧急措施。遵照省政府、省地质局和有关市政府的防御、抢险措施，地处江门市的广东地质六队、珠海市的地质一队、中山市的地质十队、湛江市的地质四队、广州的水文大队和环境地质院、肇庆市的地质五队、深圳市地质局等单位认真做好内部及工地各项防御台风工作，并严密组织应急救灾专业队伍，严阵以待，随时奔赴地质灾害抢险救灾第一线……",2018-00515,"其他 "
"2018-07-25 00:00:00","2018-07-25 00:00:00","局党委理论学习中心组专题学习研讨习近平总书记在全国组织工作会议上的重要讲话精神",广东省地质局,"2018-07-25 00:00:00","7月24日上午，局党委理论学习中心组在广东地质大厦18楼小会议室举行学习会议，专题学习研讨习近平总书记在全国组织工作会议上的重要讲话精神。局长、党委书记黄德发主持学习会议并作讲话，局党委委员、局机关各部室负责人参加了学习会。",2018-00522,"其他 "
"2018-08-21 00:00:00","2018-08-21 00:00:00","省局党委班子召开巡视整改暨全面彻底肃清李嘉、万庆良恶劣影响及黄伟闻违纪违法问题剖析专题民主生活会",广东省地质局,"2018-08-21 00:00:00","8月20日上午，按照省纪委、省委组织部的工作部署，省局党委班子在广州广东地质大厦，召开巡视整改暨全面彻底肃清李嘉、万庆良恶劣影响及黄伟闻违纪违法问题剖析专题民主生活会。局党委书记、局长黄德发主持会议，局党委全体委员参会。省纪委监委驻省国土资源厅纪检监察组组长韩建清、省纪委监委第六纪检监察室副处级纪检监察员韩鑫铎、省委组织部干部四处副处长王贤品到会督导，局办公室、人事部、监察室、党办负责人列席会议。",2018-00525,"其他 "
"2018-09-12 00:00:00","2018-09-12 00:00:00",省局党委召开模范机关创建活动动员大会,广东省地质局,"2018-09-12 00:00:00","9月7日上午，省局党委在广东地质大厦召开模范机关创建活动动员大会，认真学习贯彻习近平总书记关于加强党的政治建设的重要论述和对推进中央和国家机关党的政治建设重要指示精神，认真贯彻落实省直机关党的政治建设推进会精神特别是省委书记李希同志讲话精神，对全局开展模范机关创建活动进行动员部署。局长、党委书记黄德发主持会议并作专题党课报告，副局长、党委委员陈周平作动员讲话，局总工程师、党委委员何俊美出席会议。局属各单位党委书记和局机关各党支部书记，以及局机关其他党员干部参加了会议。",2018-00517,"其他 "
"2018-07-23 00:00:00","2018-07-23 00:00:00","7月18日，省直机关工委副巡视员、宣传部部长谢显扬率省直单位落实党建工作考核组一行11人，到我局开展2017年党建工作现场考核，听取我局2017年党建工作情况汇报，召开党建工作党员群众满意度测评大会，查阅党建工作原始资料和工作台账。局领导黄德发、林伟民、陈兴龙、陈周平、何俊美等出席测评大会。",广东省地质局,"2018-07-23 00:00:00","7月20日，省局纪律教育学习月活动动员会在广东地质大厦召开。省局领导班子成员，局属各单位党政主要负责人、纪委负责人，局机关各部室主要负责人，有色局、深圳局监察室负责人,以及局机关其他党员干部共150多人参加了会议。省纪委省监委驻省国土资源厅纪检监察组组长韩建清出席了会议，并进行了工作指导。动员会由局长、党委书记黄德发主持。",2018-00521,"其他 "
"2018-09-18 00:00:00","2018-09-18 00:00:00",省局举办2018年纪检干部综合业务培训班,广东省地质局,"2018-09-18 00:00:00","为深入推进全面从严治党工作，进一步提升纪检干部业务素质能力，按照局党委党风廉政建设工作部署，9月3日至6日，局纪委举办了2018年广东省地质局纪检干部综合业务培训班。",2018-00516,"其他 "
"2018-07-28 00:00:00","2018-07-28 00:00:00",省局党委专题研究推进巡视整改工作,广东省地质局,"2018-07-28 00:00:00","7月24日，省局党委召开专题会议研究推进巡视整改工作。局长、党委书记黄德发传达学习习近平总书记关于巡视工作的重要讲话精神，传达学习中央第十二巡视组巡视我省情况反馈会议和全省推进巡视整改工作动员会议精神，部署推进我局巡视整改落实工作。",2018-00523,"其他 "
"2018-08-10 00:00:00","2018-08-10 00:00:00","局党委理论学习中心组专题学习习近平总书记关于加强意识形态工作重要论述",广东省地质局,"2018-08-10 00:00:00","8月8日上午，局党委理论学习中心组在广东地质大厦举行学习会议，专题学习研讨习近平总书记关于加强意识形态工作重要论述。局长、党委书记黄德发主持学习会议并作讲话，局党委委员、局机关各部室负责人参加了学习会。",2018-00513,"其他 "
"2018-07-05 00:00:00","2018-07-05 00:00:00",局党委理论学习中心组举行2018年第二次专题学习,广东省地质局,"2018-07-05 00:00:00","7月3日，局党委理论学习中心组在佛山举行2018年第二次专题学习，深入学习了中共中央办公厅《关于进一步激励广大干部新时代新担当新作为的意见》和《中华人民共和国宪法》及中央、省委关于学习宣传和贯彻实施宪法的部署要求。局长、党委书记黄德发主持学习会议并作讲话，局党委委员、局机关各部室负责人和佛山局班子成员参加了学习会。",2018-00518,"其他 "
"2018-09-11 00:00:00","2018-09-11 00:00:00","首届全国地质勘查行业物探技能竞赛广东省选拔赛圆满结束",广东省地质局,"2018-09-11 00:00:00","9月4日-7日，首届全国地质勘查行业物探技能竞赛广东省选拔赛在广州举行，来自全省各地勘单位14个代表队72名选手参加了本次选拔赛。各参赛选手在四天时间里，完成了磁法野外操作、物性测量、岩石分类、磁法室内资料整理及理论考试共五项考核内容。最终，来自广东省地球物理探矿大队的卢进延获得了理论与实操总分兼综合成绩第一名。按照此次竞赛规则，获得竞赛第一名的选手将按程序申报“广东省五一劳动奖章”；获得竞赛前5名的选手，将可获得“广东省技术能手”荣誉称号；取得前20名的获奖选手获得“广东省物探优秀人才”称号。广东省地球物理探矿大队获得此次比赛的“优秀组织奖”。据悉，前4名选手将代表广东省参加2018年中国技能大赛“劳雷杯”首届全国地质勘查行业物探职业技能竞赛总决赛。",2018-00526,"其他 "
"2018-08-10 00:00:00","2018-08-10 00:00:00","7月24日，省局党委召开专题会议研究推进巡视整改工作。局长、党委书记黄德发传达学习习近平总书记关于巡视工作的重要讲话精神，传达学习中央第十二巡视组巡视我省情况反馈会议和全省推进巡视整改工作动员会议精神，部署推进我局巡视整改落实工作。",广东省地质局,"2018-08-10 00:00:00","会议听取了局党办、局监察室关于上半年全局党建和党风廉政建设工作的汇报，审议并通过了《广东省地质局贯彻落实<广东省加强党的基层组织建设三年行动计划（2018—2020）>工作方案》、《中共广东省地质局委员会工作规则》、《中共广东省地质局纪律检查委员会信访举报工作规程》等9个党建及党风廉政建设制度文件，决定成立局党的建设领导小组。",2018-00524,"其他 "
"2018-07-16 00:00:00","2018-07-16 00:00:00",局纪委对新提任领导干部进行集体廉政谈话,广东省地质局,"2018-07-16 00:00:00","7月13日，局纪委召开新提任领导干部集体廉政谈话座谈会，对2017年8月以来新提任的5名处级干部进行廉政谈话提醒。会议由局党委副书记、纪委书记林伟民主持，局人事部、监察室负责人参加了会议。",2018-00519,"其他 "
"2018-07-19 00:00:00","2018-07-19 00:00:00",省直单位落实党建工作考核组到我局开展现场考核,广东省地质局,"2018-07-19 00:00:00","7月18日，省直机关工委副巡视员、宣传部部长谢显扬率省直单位落实党建工作考核组一行11人，到我局开展2017年党建工作现场考核，听取我局2017年党建工作情况汇报，召开党建工作党员群众满意度测评大会，查阅党建工作原始资料和工作台账。局领导黄德发、林伟民、陈兴龙、陈周平、何俊美等出席测评大会。",2018-00520,"其他 "
