"业户名称","经营许可证字","经营许可证号","地址","联系人","联系电话","状态","发证机关","辖区市"
"江门市南安小汽车出租有限公司鹤山分公司","","440700017735","鹤山市沙坪镇文明路80号之一","陈国盛","350926","营业","江门市交通局","江门"
"台山市交通开发有限公司","江","440700003088","","","","营业","台山市交通局","江门"
"惠州汽车运输集团有限公司博罗分公司","","441300000001","博罗县博惠路87号","","","营业","博罗县交通局","惠州"
"雷州市丽达出租车有限责任公司","湛","440800009095","广东省湛江市雷州市207国道商业城街B4幢[西五路至工业大道]","徐碧珍","0759-8808885","营业","雷州市交通局","湛江"
"佛山市高明区明运出租车有限公司","佛","440600233255","佛山市高明区荷城街道高明大道东123号二座高101室","王德锦","88289831","营业","高明区环境运输和城市管理局","佛山"
"珠海公交柏宁出租车有限公司","粤交运管许可珠字","440400010399","广东省珠海市南屏科技工业园屏东五路6号C栋五楼","何慧雯","","营业","","珠海"
"佛山市汽车运输集团有限公司出租车分公司","","440600000001","佛山市禅城区祖庙街道郊边村郊边松田工业区四排23号之2、24号","倪菲","82299260","营业","佛山市交通运输局","佛山"
"珠海公交柏顺绿动出租车有限公司","粤交运管许可珠字","4404010005","","","","营业","珠海市交通运输局","珠海"
"珠海市拱岐出租车有限公司","珠","440400023236","珠海市斗门区白蕉科技工业园白蕉南路37号2号楼后座202室","巫国强","13702318031","营业","珠海市交通运输局","珠海"
"惠州市绿动出租车有限公司","惠","441300250982","惠州市江北西部7号小区 C6号","","","营业","惠州市交通局","惠州"
"广州启程出租车有限公司","穗","44010009494","广州市花都区新华街九塘路八号","","","营业","广州市交通委员会","广州"
"韶关市绿动出租车有限公司","韶","440200080989","韶关市浈江区工业园比亚迪大道1号内","刘宁","13510888982","营业","韶关市交通局","韶关"
"深圳市龙运发汽车服务有限公司","","440300001338","","","","营业","","深圳"
"深圳市鹏程电动汽车出租有限公司","","440301160377","","","","营业","","深圳"
"湛江市翠园出租汽车有限公司","湛","440800060308","湛江市霞山区民治路124号翠园饭店附楼2楼","梁伟雄","0759-2222409","营业","湛江市交通运输局","湛江"
"湛江市瑞腾出租车有限责任公司","湛","440800060307","湛江市霞山区民治路82号","叶国威","0759-3383526","营业","湛江市交通运输局","湛江"
"惠东县俊鹏公共汽车有限公司","","441300215369","惠东县平山镇南湖红岭开发区","","","营业","","惠州"
"广东粤运朗日股份有限公司阳西小汽车出租分公司","","441700000001","阳西县新城八区兴华东路2号","","","营业","","阳江"
"广东省拱北汽车运输有限责任公司","粤交运管许可珠字","4404010003","广东省珠海市香洲区拱北水湾路1号","","","营业","","珠海"
"韶关市粤运汽车运输有限公司南雄出租小汽车分公司","","440200000037","南雄市雄州镇雄东路（站前路）16号","","","营业","","韶关"
"台山市交通运输有限公司","","440700000014","广东省台山市台城镇环市西路190号","","","营业","","江门"
"梅州市龙洲运输有限公司","","441400021205","梅州市梅县区扶大铁炉潭金福花园3、4号","","","营业","","梅州"
"深圳市中旅东部旅游运输有限公司","","440306160784","深圳市龙岗区龙岗同乐村利源路","","","营业","","深圳"
"惠州市汽车运输集团有限公司龙门分公司","","441300000001","惠州市龙门县龙城镇西林路29号","","","营业","","惠州"
"梅县顺风小汽车出租有限公司","","441400009130","梅县新城办事处锭子桥圆盘侧","","","营业","","梅州"
"恩平市恒顺小汽车出租有限公司","","440700069554","广东省恩平市新平中路69号二楼","","","营业","","江门"
"珠海英伦交通运输有限公司","粤交运管许可珠字","4404010004","珠海市国家高新区金环东路39号4#装配车间1层","","","营业","","珠海"
"深圳市平湖汽车运输有限公司","","440306160391","深圳市龙岗区平湖街道辅城坳社区凤塘工业区5号3楼第1间","","","营业","","深圳"
"东莞市鸿运出租车有限公司","莞","441900091829","东莞市中堂镇107国道蕉利段17号","陈自娣","88512822","营业","东莞市道路运输管理局","东莞"
"广州市广骏旅游汽车企业集团有限公司","","440100000070","广州市白云区飞鹅路2号","","","营业","","广州"
"深圳市安达绿色出租车客运有限公司","","440300900602","深圳市宝安区115区宝安客运中心二楼215室","","","营业","","深圳"
"广州远洋宾馆有限公司","","440100900040","广州环市东路412号","","","营业","","广州"
"东莞市石排启运公共的士有限公司","莞","441900091520","东莞市石排镇石排大道483号","","86525551","营业","东莞市道路运输管理局","东莞"
"东莞市谢岗银通公共的士有限公司","莞","441900092268","东莞市谢岗银通公共的士有限公司","叶柱棠","87639268","营业","东莞市道路运输管理局","东莞"
"东莞市石龙东江公共的士有限公司","莞","441900091362","东莞市石龙镇西湖区温泉路1号","黄锦松","","营业","东莞市道路运输管理局","东莞"
"广东省东莞市银城客运出租有限公司","","","广东省东莞市金牛路65号","","","营业","","东莞"
"广州市丽新出租汽车有限公司","","440100900034","广州市海珠区五凤村凤岗脚24号","","","营业","","广州"
"广州市广发出租汽车有限公司","","440100900012","广州市荔湾区新隆沙西1号13幢102房","","","营业","","广州"
"广州市恒锦运输有限公司","","440100900052","广州市共和二路1号之一203房","","","营业","","广州"
"广州市龙的出租汽车股份有限公司","","440100900005","广州市黄埔区丰乐北路1648号新展检测站院内（原碧山村挞桥路3号）","","","营业","","广州"
"广州庆星汽车出租有限公司","","440100900029","广州市白云区金钟横路46号304房","","","营业","","广州"
"潮安县吉通运输有限公司出租车分公司","","445100007461","广东省潮州市潮安县县城区安南路","","","营业","","潮州"
"东莞市企石公共的士有限公司","莞","441900042231","东莞市企石镇企石村富愉酒店地下铺位7-8号","黄旭根","86660303","营业","东莞市道路运输管理局","东莞"
"东莞市东坑公共的士有限公司","莞","441900042501","广东省东莞市东坑镇沿河西路29号","谢杨顺","83880978","营业","东莞市道路运输管理局","东莞"
"深圳市鹏运小汽车出租有限公司","","440300001282","深圳市福田区上梅林梅村路4号运发汽修大楼二楼","","","营业","","深圳"
"深圳市国贸汽车实业有限公司","","440300001320","福田区福田南路7号皇城广场写字楼27层","","","营业","","深圳"
"深圳市旅游汽车出租有限公司","","440300001288","福田区新闻路中电信息大厦东座905","","","营业","","深圳"
"广州市东方汽车有限公司","","440100001040","广州市越秀区流花路120号","","","营业","","广州"
"深圳巴士集团龙岗公共汽车有限公司","","440300001351","深圳市龙岗区龙城街道黄阁坑华美中路99号黄阁坑股份合作公司大楼四楼（办公住所）","","","营业","","深圳"
"深圳市国贸小汽车出租有限公司","","440300001303","福田区福田南路7号皇城广场写字楼27层","","","营业","","深圳"
"揭阳市明骏汽车出租有限公司","","445200000048","揭阳市榕城区商贸大街西一幢七号","","","营业","","揭阳"
"揭阳市南翔汽车出租有限公司","","445200000047","揭阳市榕城区环市北路以南莲花大道以东交汇处","","","营业","","揭阳"
"揭阳市公交出租汽车有限公司","","445200000053","揭阳市东山区火车站西侧东座3栋","","","营业","","揭阳"
"深圳市信洲小汽车服务有限公司","","440300001306","罗湖区新秀村秀南街97号","","","营业","","深圳"
"汕头市兴达公路运输有限公司","","440500001405","汕头市龙湖区乐山路东侧","","","营业","","汕头"
"汕头市威达运输有限公司","","440500000717","广东省汕头市乐山路东侧厂房104房","","","营业","","汕头"
"云浮市云龙的士有限公司","","445300002202","云浮市云城区荷香路船塘四巷1号","","","营业","","云浮"
"湛江市东海岛工交发展总公司龙海天旅游汽车出租中心","湛","440800007954","湛江市东海岛试验区管委会大楼七楼","林湛伟","0759-2330699","营业","湛江市交通运输局","湛江"
"揭阳市源通汽车出租有限公司","","445200000049","揭阳市榕城区东山村商贸大街西幢8-9号","","","营业","","揭阳"
"揭阳市龙之泉小汽车出租有限公司","","445200000052","揭阳市榕城区东阳办事处山东围村大泉片六巷2幢2号","","","营业","","揭阳"
"佛山市顺安达运输有限公司","","440600033050","广东省佛山市禅城区昌荣路11号","","","营业","","佛山"
"韶关市粤运汽车运输有限公司出租小汽车分公司","韶","440200000037","广东省韶关市浈江区陵南路九号","","","营业","","韶关"
"韶关市汽车运输有限公司出租客运分公司","","440200000050","广东省韶关市五里亭前进路10号","","","营业","","韶关"
"惠阳志通集装箱运输实业有限公司","","441300000021","广东省惠州市惠阳区人民五路88号","","","营业","","惠州"
"和平县苏川小汽车出租有限公司","","441600000846","和平县阳明镇福和大道怡和花园三栋A座102","","","营业","","河源"
"茂名市出租汽车有限公司","茂","440900000349","茂名市建设路23号","罗新强","","营业","茂名市交通局","茂名"
"广州交通集团出租汽车有限公司花都分公司","","440100900001","广州市花都区新华街三华村中华社迎宾路1号","","","营业","","广州"
"大埔大川出租汽车有限公司","","441400003289","大埔县湖寮镇大兴路西湖公园北门对面","","","营业","","梅州"
"罗定市云龙的士有限公司","","445300001407","罗定市迎宾路实验中学侧","","","营业","","云浮"
"云浮市裕丰小汽车出租有限公司","","445300002639","云浮市云城区岩前路80号","","","营业","","云浮"
"汕头市裕丰汽车出租有限公司","","440500000716","汕头市乐山路嘉顿小镇28幢对面临建二楼","","","营业","","汕头"
"广州市强龙出租汽车有限公司","","440100900030","广州市天河区广州大道北613号521","","","营业","","广州"
"广州广物汽贸出租汽车服务有限公司","","440100900035","广州市机场路888号","","","营业","","广州"
"揭西县京明温泉度假村有限公司","","445200007306","揭西县京溪园镇新洪村","","","营业","","揭阳"
"清远市港发汽车出租有限公司","","441800007708","清远市新城区连江路","","","营业","","清远"
"佛山市新协力的士有限公司","","440600043088","佛山市顺德区伦教广珠公路新松路段汽车城内","","","营业","","佛山"
"惠州市康帝出租汽车服务有限公司","","441300219655","广东省惠州市惠城区环城西一路18号","","","营业","","惠州"
"湛江市东锐小汽车出租有限公司","湛","440800022427","湛江市麻章区瑞云南路东侧","江前平","0759-3301100","营业","湛江市交通运输局","湛江"
"惠州市新明晖运输有限公司","","441300203610","惠州市惠州大道东平段32号东豪苑3层01号。","","","营业","","惠州"
"汕头市汕兴出租汽车公司","","440500000313","汕头市杏花西路2号27幢","","","营业","","汕头"
"惠州市汽车运输集团有限公司鹅岭小汽车出租分公司","","441300000001","惠州市鹅岭北路15号","","","营业","","惠州"
"南雄市珠玑出租汽车有限责任公司","","440200067316","广东省南雄市环城东路鸿基村2栋首层","","","营业","","韶关"
"广州市荣泰出租汽车有限公司","","440100900041","广州市天河区员村四横路8号石东商务中心5楼508","","","营业","","广州"
"惠州市金通出租汽车运输有限公司","","441300239033","广东省惠州市惠城区鹅岭南路110号","","","营业","","惠州"
"惠州市联捷小汽车出租有限公司","","441300202615","惠州市桥东林岗头村7号小区东豪苑首层2号商铺","","","营业","","惠州"
"东源县万绿小汽车出租有限公司","","441600004187","广东省河源市东源县城建设一路东源县交通运输局大楼","","","营业","","河源"
"普宁宝成的士出租有限公司","","445200007461","普宁市流沙镇环城北路边","","","营业","","揭阳"
"韶关市曲江区路路通汽车客运有限公司","","440200000659","韶关市曲江区马坝镇南堤二路源河新苑一幢201房","","","营业","","韶关"
"广州市黄企运输有限公司","","4401009000045","广州市黄埔区大沙西53号","","","营业","","广州"
"仁化县富利捷运输有限公司","","440200000738","仁化县丹霞镇黄屋新村359号","","","营业","","韶关"
"广东省江门市汽运集团有限公司鹤山汽车总站","","440700000001","广东省鹤山市沙坪镇鹤山大道1098号","","","营业","","江门"
"广州广交天源出租汽车有限公司","","44010009485","广州市荔湾区鹤洞路12号大院自编号3栋","","","营业","","广州"
"广州明通汽车出租服务有限公司","","44010009490","广州市海珠区赤港西路335号自编A16","","","营业","","广州"
"东莞市翔运集团有限公司","莞","441900086864","东莞市莞城区八达路126号","胡涧仙","","营业","东莞市道路运输管理局","东莞"
"徐闻县金源出租车有限公司","","440800036637","徐闻县广海北段西侧","","","营业","","湛江"
"广州交通集团出租汽车有限公司南沙分公司","","440100900001","广州市南沙区进港大道450号第五层","","","营业","","广州"
"清远市金宇小客车出租有限公司清新分公司","","441800007690","清新区太和镇清和大道162号","","","营业","","清远"
"佛山市顺德区鸿运出租车有限公司","","440600174475","广东省佛山市顺德区大良凤翔路41号A栋","","","营业","","佛山"
"江门市蓬江区捷康汽车配件总汇","","440700021787","广东省江门市花园新村中32号地下","","","营业","","江门"
"江门市新联汽车贸易发展有限公司","","440700022384","江门市良化里29号","","","营业","","江门"
"台山市祥安汽车运输有限公司","","440700021139","台山市台城沙岗湖路锦绣花园37号113、115号商铺","","","营业","","江门"
"广州天成企业集团有限公司","","440100001039","白云区新市镇鹤边村广花路以东","","","营业","","广州"
"广州市天湖旅游出租汽车有限公司","","440100900002","广州市白云区嘉禾街黄边北路199号","","","营业","","广州"
"广州市海运汽车出租有限公司","","440100900026","广州市洪德路2-6号904","","","营业","","广州"
"广州交通集团出租汽车有限公司","","440100900001","广东省广州市海珠区泰沙路13号7楼","","","营业","广州市交通委员会","广州"
"梅州市盛龙出租汽车服务有限公司","","441400003242","广东省梅州市华南大道140号","","","营业","","梅州"
"阳春市泰达汽车出租有限公司","","441700000909","阳春市春城街道河西站前三路63号","","","营业","","阳江"
"深圳中旅大华运输企业有限公司","","440300001313","车公庙泰然6路苍松大厦南座3A13","","","营业","","深圳"
"广州市花都大洋小汽车出租有限公司","","440100900075","广州市花都区新华街河滨新村二层","罗丽琼","020-86873098","营业","广州市交通委员会","广州"
"深圳市恒誉光明交通服务有限公司","","440308160582","深圳市光明新区光明街道碧园路63号","","","营业","","深圳"
"深圳市宝安区沙井镇运输有限公司","","440305156185","深圳市宝安区沙井街道创新路企业大厦B栋第五层","","","营业","","深圳"
"汕头市达濠兴旺达公路客运站有限公司","","440500025024","汕头市濠江区经济贸易局办公楼一楼","","","营业","","汕头"
"深圳市西湖运输有限公司","","440303160668","深圳市龙岗区布吉罗岗路26号","","","营业","","深圳"
"惠来县城盛小汽车出租有限公司","","445200013165","惠来县惠城镇金园区一幢4号","","","营业","","揭阳"
"深圳市新澜汽车运输有限公司","","440305155319","深圳市龙华新区观澜街道环观中路148号新澜公司大厦二楼","","","营业","","深圳"
"广东粤运朗日股份有限公司阳江小汽车出租分公司","","441700000001","阳江市江城区西平北路888号","","","营业","","阳江"
"深圳市龙顺达运输有限公司","","440306160476","深圳市福田区上梅林梅村路4号运发汽修大楼二楼","","","营业","","深圳"
"韶关市粤运汽车运输有限公司乳源出租小汽车分公司","","440200000037","乳源县乳城镇鲜明南环路城南1号","","","营业","","韶关"
"佛山市顺德区广交出租汽车有限公司","","440606174726","佛山市顺德区勒流镇勒流街道富安工业区连安路3号","","","营业","","佛山"
"茂名石化交运实业有限公司","","440900053060","茂名市红旗北路90号大院","","","营业","","茂名"
"茂名市神马物流有限公司出租汽车分公司","","440900053210","茂名市计星路88号大院2号楼","","","营业","","茂名"
"广东江门新会区个体运营[出租]","","","江门市新会区会城三和大道南13号交通大厦","","","营业","","江门"
"兴宁汽车运输有限公司","","441400003038","兴宁市兴城镇宁江路212号","","","营业","","梅州"
"高州市三联小车运输有限公司","","440900015966","广东省茂名市高州市红荔路2号","","","营业","","茂名"
"深圳市宝路华宝城的士有限公司","","440300001340","深圳市宝安宝城十二区运输大楼C座四楼","","","营业","","深圳"
"深圳市宝路华新辉出租小汽车有限公司","","440300001352","深圳市宝安区宝城十二区","","","营业","","深圳"
"深圳市安恒运输有限公司","","440306153320","深圳市宝安区115区宝运达物流中心综合楼（一楼001室）","","","营业","","深圳"
"廉江市鸿运汽车出租运输有限公司","","440800045534","廉江市城南汽车客运站二楼","","","营业","","湛江"
"深圳市福骏通汽车运输有限公司","","440306153544","深圳市宝安区福永汽车站三楼","","","营业","","深圳"
"深圳天诚运输实业有限公司","","440300001337","深圳车公庙天安开发区天吉大厦A座3楼","","","营业","","深圳"
"珠海市珠澳旅游出租汽车有限公司","","440400010402","兴华路210号4楼","","","营业","","珠海"
"珠海海天汽车运输有限公司","","440400010400","珠海市香洲区吉大白莲路9号2楼234号铺位","","","营业","","珠海"
"惠阳惠深运输实业发展公司","","惠字441300000006","惠阳区淡水镇承修路91号","","","营业","","惠州"
"增城市百花出租汽车有限公司","","440100900074","增城市荔城街百花路88号","","","营业","","广州"
"紫金县润安小汽车出租有限公司","","441600012937","紫金县紫城镇西郊B-11区","","","营业","","河源"
"东莞市松山湖汽车运输有限公司公共的士分公司","莞","441900048900","广东省东莞市松山湖管委会办公楼A3栋一楼","罗晓波","22890111","营业","东莞市道路运输管理局","东莞"
"佛山市三水区国鸿出租车有限公司","","440600206483","佛山市三水区西南街道锦河三路6号六座11室","","","营业","","佛山"
"新兴县振兴运输有限公司","","445300007938","新兴县新城镇新成工业园内B1-03号地块（枫洞居委会第五居民小组房屋之四）","","","营业","","云浮"
"广州市乐途汽车服务有限公司","","440100900016","广州市应元路大华园3号103","","","营业","","广州"
"广州市侨林汽车服务有限公司","","440100900091","广州市白云区新广从公路明珠路二号","","","营业","","广州"
"广州市番运出租车股份有限公司","","44010009434","广州市番禺区石基海傍农场兴业西路2-4号","","","营业","","广州"
"佛山市新协力的士有限公司南海分公司","","440600043088","桂城叠南村民委员会“基围”（桂城G3街区）地段","","","营业","","佛山"
"佛山市顺安达运输有限公司南海分公司","","440600033050","广东省佛山市南海区狮山镇小塘洞边村展业路20号","","","营业","","佛山"
"佛山市汽车运输集团有限公司南海分公司","","440600000001","佛山市南海区桂城海五路与一环路交界处","","","营业","","佛山"
"佛山市南海佛广出租汽车有限公司","","440600087890","佛山市南海区桂城佛平公路汽车站内","","","营业","","佛山"
"深圳市综安运输有限公司","","440300000036","深圳市福田区八卦四路中浩大厦24楼2407房（仅限办公）","","","营业","","深圳"
"深圳骏强汽车运输有限公司","","440300001305","梅林路10号岭南工业大厦6楼","","","营业","","深圳"
"广州市白云区云通汽车出租有限公司","","440100900015","广州市白云区机场西侧远景67号B栋208号","","","营业","","广州"
"深圳市深房小汽车出租有限公司","","440300001311","人民南路深房广场A-4501","","","营业","","深圳"
"台山市交通运输有限公司的士出租第二分公司","","440700017373","广东省台山市台城镇尤鱼朗","","","营业","","江门"
"广州从化凯旋宫出租汽车有限公司","","440100900076","广州从化市江埔街环市东路202号","","","营业","","广州"
"广东农垦燕岭大厦有限公司","","440100900022","广州市天河区29号燕岭大厦","","","营业","","广州"
"广州市东运达实业有限公司","","440100900068","广州市工业大道南889号2楼","","","营业","","广州"
"广州市华之源运输发展有限公司","","440100900056","广州市荔湾紫荆道81号之六1017室","","","营业","","广州"
"广宁县天隆汽车出租有限公司","","441200022219","广宁县南街镇南东一路26号","","","营业","","肇庆"
"连平苏川小汽车出租有限公司","","441600000574","连平县阳光花园A栋1单元302室","","","营业","","河源"
"广州市天河广和汽车服务有限公司","","440100900023","广州市天河区广和路15号","","","营业","","广州"
"东莞市大朗公共的士有限公司","莞","441900042420","东莞市大朗镇美景中路1号","谢庆忠","82220777","营业","东莞市道路运输管理局","东莞"
"深圳市华荣小汽车出租有限公司","","440300001321","深圳市罗湖区上步北路银湖大厦4楼414-415室","","","营业","","深圳"
"广东新开达汽车维修有限公司","","440100000227","广州市增槎路松洲村珠江加油站旁","","","营业","","广州"
"广州市淏达运输服务有限责任公司","","440100900063","广东省广州市荔湾区步月巷4号101房","","","营业","","广州"
"始兴县正利出租小汽车有限公司","","440200073143","始兴县太平镇永安大道东路13号（右侧第五间）","","","营业","","韶关"
"东莞市寮步公共的士有限公司","莞","441900042176","东莞市寮步镇人民政府六楼","李景坤","83260333","营业","东莞市道路运输管理局","东莞"
"东莞市塘厦公共的士有限公司","莞","441900042229","广东省东莞市塘厦镇诸佛岭大道110号","欧阳盛","21409008","营业","东莞市道路运输管理局","东莞"
"陆丰市东海源辉小车出租有限公司","","441500000988","陆丰市东海镇六社新村西一巷二号","","","营业","","汕尾"
"深圳市天健运输工程实业有限公司","","440300001299","深圳市福田区景田路景田综合市场大楼三楼","","","营业","","深圳"
"东莞市沙田公共的士有限公司","莞","441900042166","东莞市沙田镇育才路8号","","88660518","营业","东莞市道路运输管理局","东莞"
"东莞市高埗公共的士有限公司","莞","441900042429","东莞市高埗镇下江城捷达工业村","梁德柱","","营业","东莞市道路运输管理局","东莞"
"东莞市东城公共的士有限公司","莞","441900042279","东莞市东城区综合办公楼6楼","彭小川","83282777","营业","东莞市道路运输管理局","东莞"
"东莞市虎门公共的士有限公司","莞","441900042181","东莞市虎门镇人民北路虎门客运总站三楼","陈伟东","81517442","营业","东莞市道路运输管理局","东莞"
"东莞市莞城公共的士有限公司","莞","441900042150","广东省东莞市莞城沙地塘76号之一","庾洛林","22404056","营业","东莞市道路运输管理局","东莞"
"珠海公交柏安出租车有限公司","粤交运管许可珠字","4404010001","珠海市南屏科技园屏东五路6号C栋三楼","","","营业","","珠海"
"龙川县中陵小汽车出租有限公司","","441600000628","龙川县老隆镇两渡河老隆大道198号二楼","","","营业","","河源"
"东莞市长安公共的士有限公司","莞","441900042427","东莞市长安镇金钟大厦三楼","吴佳林","85689693","营业","东莞市道路运输管理局","东莞"
"东莞市清溪公共的士有限公司","莞","441900042397","东莞市清溪镇鹿湖商业横街1号","尹东明","87335111","营业","东莞市道路运输管理局","东莞"
"东莞市厚街公共的士有限公司","莞","441900042168","东莞市厚街镇厚街大道1号","陈柱棋","","营业","东莞市道路运输管理局","东莞"
"龙川县安顺通运输实业有限公司","","441600000703","龙川县老隆镇新城开发区3号小区A85-2大楼","","","营业","","河源"
"韶关市安泰汽车运输有限公司","","440200066216","韶关市陵南路货运站办公楼040","","","营业","","韶关"
"韶关市龙之泉出租汽车有限公司","","440200066064","韶关市浈江区东河陵南路5号","","","营业","","韶关"
"韶关市公汽小汽车出租有限公司","","440200074903","韶关市启明路1号","","","营业","","韶关"
"深圳市汉都出租小汽车有限责任公司","","440300001346","福田区车公庙天安数码城创新科技广场二期东座805号","","","营业","","深圳"
"佛山市新协力的士有限公司三水分公司","","440600043088","佛山市三水区西南科技工业园南丰大道南8号之一","","","营业","","佛山"
"广州南油汽车出租有限公司","","440100900025","广州市白云区黄石东路488-496号底层","","","营业","","广州"
"广州市白云出租汽车集团番禺汽车运输有限公司","","440100900078","广州市番禺区市桥东环街甘棠村科域路旁","","","营业","","广州"
"四会市奔驰客货运输有限公司大旺旺利分公司","","441200005822","肇庆市大旺一区作业区旧区部","","","营业","","肇庆"
"汕尾市通达小汽车出租有限公司","","441500000500","汕尾市汕尾大道中段建安综合楼后面101号","","","营业","","汕尾"
"东莞市大岭山公共的士有限公司","莞","441900042327","东莞市大岭山镇圩镇（大岭山实业发展总公司）","林国忠","85625588","营业","东莞市道路运输管理局","东莞"
"深圳市兴华汽车运输有限公司","","440300001319","八卦岭工业区八卦七街四幢二楼","","","营业","","深圳"
"广东协成汽车出租有限公司","","440100900054","广州市白云区白云大道学岗路自编8号","","","营业","","广州"
"东莞市凤岗公共的士有限公司","莞","441900042158","东莞市凤岗镇政通路13号凤威商务大楼第六层601","刘锦堂","87510818","营业","东莞市道路运输管理局","东莞"
"佛山市高明恒立运输有限公司","","440600027873","佛山市高明区荷城街道高明大道471号（启扬花园）1座首层商铺4及二层商铺","","","营业","","佛山"
"佛山市新协力的士有限公司禅城分公司","","440600043088","佛山市禅城区佛山大道东侧番村路段","","","营业","","佛山"
"佛山市高明区汽车运输有限公司出租车分公司","","440600000005","佛山市高明区荷城街道高明大道东123号","","","营业","","佛山"
"广东省江门市汽运集团有限公司开平汽车总站","","440700000001","广东省开平市长沙西郊路28号","","","营业","","江门"
"中山市公共交通运输集团有限公司","","442000039223","中山市南区城南三路38号","","","营业","","中山"
"潮州市合众汽车出租有限公司","","445100000083","潮州市潮州大道泰安路口","","","营业","","潮州"
"恩平市京湖运输有限公司","","44070026554","恩平市新平北京湖大酒店","","","营业","","江门"
"阳山县万通出租汽车有限公司","","441800003292","阳山县阳城镇韩愈西一巷2号201","","","营业","","清远"
"广东省韶关市汽运集团有限公司韶关汽车客运南站","","440200000037","广东省韶关市曲江区马坝镇六祖路832号","","","营业","","韶关"
"广州市建兴小汽车出租有限责任公司","","440100900021","广州市白云区江夏村铁岗岭3号","","","营业","","广州"
"广州市海珠区八达集装箱运输公司","","440100900060","广州市海珠区大干围38号第五工业区12号楼二至八楼南边368室","","","营业","","广州"
"广州蚬富出租汽车有限公司","","440100900003","广州市白云区岗贝路266号210房","","","营业","","广州"
"惠州市运兴小客车有限公司","","441300204410","惠州市桥东上板塘第九栋","","","营业","","惠州"
"广州珠江汽车服务公司","","440100900011","广州市海珠区江海路160号","","","营业","","广州"
"台山市海宁出租车有限公司","","440700030777","台山市台城环市西路149号之六","","","营业","","江门"
"台山市交通运输有限公司的士出租第一分公司","","440700017366","广东省台山市台城镇尤鱼朗","","","营业","","江门"
"惠东县粤惠运输有限公司","","441300000010","惠东县平山镇旱坑仔50米路边","","","营业","","惠州"
"湛江市长虹汽车出租有限公司","湛","440800009272","湛江市椹川大道36号","黄燕","0759-3210478","营业","湛江市交通运输局","湛江"
"广州南沙经济技术开发区穗港运输有限公司","","440100900081","广州市南沙区黄阁镇市南公路黄阁段15号以西50米4号楼407号铺","","","营业","","广州"
"湛江市通富汽车出租公司","湛","440800006127","广东省湛江市赤坎区跃进路8号","邱珠江","0759-3336214","营业","湛江市交通运输局","湛江"
"罗定市裕丰小汽车出租有限公司","","445300002795","罗定市兴华一路（中国人民财产保险股份有限公司罗定支公司办公楼附属楼第三、四层）","","","营业","","云浮"
"东莞市茶山公共的士有限公司","莞","441900042196","东莞市茶山镇人民政府三楼","蔡尧威","81865999","营业","东莞市道路运输管理局","东莞"
"深圳市华旅汽车运输公司","","440300001331","罗湖区罗芳村一冶花园三栋102室","","","营业","","深圳"
"深圳市深华华兴汽车运输公司","","440300001327","上步北路银湖大厦4楼436-437号","","","营业","","深圳"
"深圳市深华荣华运输有限公司","","440300001322","罗湖区上步北路银湖大厦四楼412房","","","营业","","深圳"
"深圳市运发出租小汽车有限公司","","440300001284","深圳市福田区上梅林梅村路4号运发汽修大楼二楼","","","营业","","深圳"
"中山市中山港小汽车运输有限公司","","442000023929","广东省中山市东区城桂公路16号","","","营业","","中山"
"深圳市安腾运输有限公司","","440300001350","宝安区龙华镇龙华汽车站四楼","","","营业","","深圳"
"海丰县润达汽车运输有限公司","","441500001427","海丰县城南门湖东南侧","","","营业","","汕尾"
"吴川市联通汽车运输有限公司","","440800000007","广东省吴川市创业路海滨汽车客运站内","","","营业","","湛江"
"深圳市安达运输有限公司","","440300001302","深圳市南山区蛇口荔园路7号","","","营业","","深圳"
"广州市荔通公共汽车有限公司","","440100094847","广东省广州增城市荔城镇新桥北路3号","","","营业","","广州"
"广州市新富广汽车出租有限公司","","440100900057","广州市白云区白云大道北298-300号四楼","","","营业","","广州"
"深圳市路网通运输实业有限公司","","440300001333","下梅林通业大厦21楼2111室","","","营业","","深圳"
"广东国旅出租汽车有限公司","","440100900034","广东省广州市白云区岗贝路266号","","","营业","","广州"
"潮州市津汽出租汽车有限公司","","445100000068","潮州市潮州大道北站后路","","","营业","","潮州"
"东莞市南城公共的士有限公司","莞","441900042415","东莞市南城区莞太路51号","庾洛林","22404056","营业","东莞市道路运输管理局","东莞"
"东莞市万江公共的士有限公司","莞","441900042271","东莞市万江区万福路83号","钟火连","22282662","营业","东莞市道路运输管理局","东莞"
"英德市华泰出租车有限责任公司","","44180006183","英德市滨江路滨江尚品2号楼B座101","","","营业","","清远"
"深圳市港龙运输实业有限公司","","440307152757","深圳市龙岗区布吉街道布龙路31号银龙俊都办公楼501-511","","","营业","","深圳"
"阳江市银骏出租车有限公司","","441700004066","阳江市江城区漠江中路西段北侧","","","营业","","阳江"
"深圳南油汽车运输服务公司","","440300001371","罗湖区罗芳路赤龙坑","","","营业","","深圳"
"深圳市小汽车出租有限公司","","440300001280","深圳市宝安南路西湖大厦五楼","","","营业","","深圳"
"深圳市西湖股份有限公司","","440300001356","深圳市罗湖区宝安3070号西湖大厦4-5楼","","","营业","","深圳"
"鹤山市成功小汽车出租有限公司","","44078400175","广东省江门市鹤山市沙坪镇鹤山大道1098号","","","营业","","江门"
"新兴县恒发小汽车出租有限公司","","445300000639","新兴县新城镇北大洞邮电商铺","","","营业","","云浮"
"惠州市公共汽车总公司","","441300203514","惠州市麦地路6号","","","营业","","惠州"
"梅州市旅游总公司","","441400002652","梅州市彬芳大道28号","","","营业","","梅州"
"梅州市沙龙汽车出租有限公司","","441400003273","梅州市梅江区三角镇寮背岭农科所E栋南起第二间店","","","营业","","梅州"
"广州联星汽车出租有限公司","","440100900028","广州市海珠区江南西路青柳大街60号二层","","","营业","","广州"
"珠海智宏交通运输有限公司","粤交运管许可珠字","4404010006","珠海市拱北白合街6号2层之一","","","营业","珠海市交通运输局","珠海"
"广州市柏祥汽车出租有限公司","","440100900013","海珠区广州大道南1542号","","","营业","","广州"
"东莞市石碣公共的士有限公司","莞","441900042315","东莞市石碣镇水南脉洲工业区","覃双雁","86368883","营业","东莞市道路运输管理局","东莞"
"陆丰市悦洋运输有限公司","","441500001253","陆丰市东海镇桥西路","","","营业","","汕尾"
"连南瑶族自治县亿通汽车出租有限公司","","441800002311","连南瑶族自治县三江镇团结大道","","","营业","","清远"
"广东东泰出租汽车有限公司","","440100900049","中山大道西140号华港商务大厦1001室","","","营业","","广州"
"广州市广达出租汽车有限公司","","440100900024","广州市荔湾区东沙街环翠北路25号(仅限办公用途)","","","营业","","广州"
"广东颖丰汽车服务有限公司","","440100900071","广州市白云区广花公路乐鸣一街聚龙阁19号3铺","","","营业","","广州"
"广州振中活通汽车出租有限公司","","440100900090","广州市海珠区南洲路南洲花园A5首层商铺","","","营业","","广州"
"广州江南汽车出租公司","","440100900050","广州市海珠区昌岗中路昌岗大街1号","","","营业","","广州"
"化州市汽车旅游出租有限公司","","440900017787","广东省化州市鉴江开发区江山商贸城","","","营业","","茂名"
"吴川市大富商业广场有限公司","湛","440800011298","吴川市梅录镇解放路原运动场","","","营业","吴川市交通局","湛江"
"深圳市鹏飞汽车出租有限公司","","440300001281","深圳市罗湖区上步北路银湖大厦三楼","","","营业","","深圳"
"陆河华粤顺小汽车出租有限公司","","441500002238","陆河县朝阳路河东桥头竹围埔","","","营业","","汕尾"
"乐昌市新通宝运输有限公司","","440200072794","广东省乐昌市东环南路（市区粮所旁）","","","营业","","韶关"
"深圳市新乐小汽车出租公司","","440300001291","深圳市莲塘罗沙路4018号","","","营业","","深圳"
"广州市利士风汽车有限公司","","440100900004","广州市白云区嘉和望岗村金煌汽配城8幢","","","营业","","广州"
"广州市金士利汽车出租有限公司","","440100900048","广州市天河区员村三横路10号405房","","","营业","","广州"
"揭阳市汕阳汽车出租运输有限公司","","445200000031","揭阳市东山区建阳路五福园9-11号","","","营业","","揭阳"
"湛江市联运出租车有限公司","湛","440800022508","湛江市霞山区东堤路东堤码头内","傅卫","0759-2330113","营业","湛江市交通运输局","湛江"
"湛江南疆汽车服务有限公司","湛","440800006274","湛江市人民大道中28号飞越大厦二楼216室","龙一飞","0759-3397618","营业","湛江市交通运输局","湛江"
"珠海公交柏宁出租有限公司香洲分公司","","440400010399","广东省珠海市南屏科技工业园屏东五路6号C栋二楼","","","营业","","珠海"
"汕头市宏捷交通服务有限公司","","440500000719","汕头市金新北路300号","","","营业","","汕头"
"深圳市深发汽车实业有限公司","","440300001304","罗湖区翠竹路2131号三楼","","","营业","","深圳"
"广州市白云出租汽车集团有限公司","","440100000120","广州市海珠区泰沙路129-137号","","","营业","","广州"
"深圳市金鹰出租汽车有限公司","","440300001330","深圳福田区下梅林通业大厦16楼","","","营业","","深圳"
"深圳市富通达实业有限公司","","440300001349","深圳市福田区福田南路福滨大厦406室","","","营业","","深圳"
"深圳市东方明珠运输有限公司","","440301155841","深圳市福田区福华路商贸大厦三楼","","","营业","","深圳"
"深圳市坪山汽车运输有限公司","","440300001361","深圳市龙岗区坪山镇经济发展大厦五楼","","","营业","","深圳"
"深圳市骏达运输发展有限公司","","440300001348","深圳市福田区车公庙泰然四路劲松大厦6楼C座","","","营业","","深圳"
"深圳市先达泰运输有限公司","","440300001300","深圳市福田区中心区福中三路诺德金融中心主楼14C","","","营业","","深圳"
"惠州市汽车运输集团有限公司惠东分公司","","441300000001","惠东县新汽车客运总站(国际新城对面)","","","营业","","惠州"
"佛冈县顺万通小汽车出租有限公司","","441800004304","佛冈县石角镇凤城村委会二楼","","","营业","","清远"
"深圳市深新出租汽车有限公司","","440300001290","深圳市福田区梅观路5号深新大厦","","","营业","","深圳"
"深圳市上超汽车出租有限公司","","440300001360","深圳市车公庙工业区303栋五楼A座","","","营业","","深圳"
"深圳市鹏程出租汽车有限公司","","440300001357","福田区上梅林林园东路52号2楼西侧","","","营业","","深圳"
"珠海机场汽车运输有限公司","","440400000161","珠海市珠海机场","","","营业","","珠海"
"珠海市海洋出租车有限公司","","440400010735","珠海市粤海西路17号1栋504房","","","营业","","珠海"
"珠海市全兴汽车出租运输有限公司","","440400010398","珠海市吉大石花东路华景花园（东苑）商场二层之一","","","营业","","珠海"
"江门市新会区东安汽车运输有限公司","","440700002479","江门市新会区会城明翠新村A7座102","","","营业","","江门"
"江门市新会区三侨出租小汽车有限公司","","440700002483","江门市新会区会城中心南路37号3座104","","","营业","","江门"
"广东省河源市源城区中国旅行社","粤交运管许可河字","441600000611","河源市源城区公园东路城市中心花苑A栋第七卡店","赖阳荣","3316330","营业","河源市源城区交通运输局","河源"
"河源市源安客运小汽车出租公司","粤交运管许可河字","441600001921","河源市新市区文明路5号","汤勇军","3390009","营业","河源市源城区交通运输局","河源"
"河源市源城区鸿图小汽车出租有限公司","粤交运管许可河字","441600001916","河源市源城区龙尾坝10栋8号","李新添","3333118","营业","河源市源城区交通运输局","河源"
"饶平县中顺汽车有限公司","","445100002098","饶平县钱东镇李厝村陇头","","","营业","","潮州"
"肇庆市金晖富康出租汽车有限公司封开分公司","","441200011707","封开县江口镇","","","营业","","肇庆"
"广州市德善汽车出租有限公司","","44010009466","广州市海珠区上冲南约24号","","","营业","","广州"
"广东省珠江航运有限公司汽车出租分公司","","440100900038","广东省广州市海珠区同福西路洲咀大街9号","","","营业","","广州"
"广州金路小汽车出租有限公司","","440100001041","广州市沙河路华源街9号102号","","","营业","","广州"
"湛江市鑫豪出租汽车有限公司","湛","440800006144","湛江市麻章区长龙路","柯伟明","0759-3320918","营业","湛江市交通运输局","湛江"
"开平市大众汽车出租有限公司","","440700006411","广东省开平市长沙义祠良园路30号","","","营业","","江门"
"广东省三埠港客货运输联合公司","","440700018795","广东省开平市三埠区长沙东郊港口路7号","","","营业","","江门"
"佛山市高明奔达小汽车出租有限公司","","440600027051","佛山市高明区荷城街道高明大道东203号","","","营业","","佛山"
"开平市捷安汽车出租有限公司","","440700014563","开平市长沙杜澄大道冲澄工业区9号第四幢2、3层","","","营业","","江门"
"肇庆市新阳光汽车运输有限公司","","441200000027","广东省肇庆市端州区站前西路北、肇庆火车站西南","","","营业","","肇庆"
"肇庆市龙安浩旅游运输发展有限公司","","441200000045","广东省肇庆市端州区站西路北火车站广场西长途客运站大楼二梯三楼","","","营业","","肇庆"
"肇庆市白云汽车运输有限公司","","441200011672","肇庆市工农北路34号龙景花园第四商铺","","","营业","","肇庆"
"湛江市湛汽小汽车出租有限公司","湛","440800022633","湛江市赤坎区椹川大道北93号二楼","吴武","0759-3336330","营业","湛江市交通运输局","湛江"
"东莞市樟木头公共的士有限公司","莞","441900041042","樟木头百果洞百达工业区3期9-13号铺","石伟彬","82127787","营业","东莞市道路运输管理局","东莞"
"东莞市横沥公共的士有限公司","莞","441900042248","东莞市横沥镇振兴路村尾路段A188号之一","吴柱康","82208288","营业","东莞市道路运输管理局","东莞"
"化州市星河小汽车出租有限公司","","440900031607","化州市河西区北岸北京路顺安综合楼01幢北岸区四段之一号","","","营业","","茂名"
"深圳市天诚交通发展有限公司","","440300001297","深圳市盐田区深沙路178号稳盛大厦A座二楼","","","营业","","深圳"
"深圳市驭先实业有限公司","","440300001362","深圳市八卦一路鹏益花园1幢9楼","","","营业","","深圳"
"深圳市广通实业有限公司","","440300001296","福田区梅林路3号蓝天绿都家园附楼4楼","","","营业","","深圳"
"深圳市银通实业有限公司","","440300001301","罗湖区新秀村秀南街97号","","","营业","","深圳"
"中山市黄圃出租汽车有限公司","","442000055135","中山市黄圃镇兴圃大道中141号","","","营业","","中山"
"从化市金晖出租汽车有限公司","","440100900077","从化市江埔街环市东路161号","","","营业","","广州"
"深圳市庆安汽车运输发展有限公司","","440300001310","深圳市福田区益田路3013号南方国际广场B栋2903","","","营业","","深圳"
"广州市海发运输有限公司","","440100900055","广州市海珠区沙园八街41号101-102房","","","营业","","广州"
"海丰县安达小汽车出租运输有限公司","","441500001385","海丰县海城镇富丽华庭小区F栋-7号","","","营业","","汕尾"
"海丰县骏通实业发展有限公司小汽车出租运输分公司","","441500000289","海丰县海城镇南门湖东南侧（南湖客运站二楼）","","","营业","","汕尾"
"肇庆市金晖富康出租汽车有限公司怀集分公司","","441200011707","怀集县怀城镇解放北路交通大楼内","","","营业","","肇庆"
"东莞市桥头公共的士有限公司","莞","441900042197","东莞市桥头镇李朗路交通分局内","赖柱峰","81029918","营业","东莞市道路运输管理局","东莞"
"深圳市大鹏海滨汽车运输有限公司","","440307153972","深圳市龙岗区大鹏镇王母村","","","营业","","深圳"
"深圳市深华华达运输有限公司","","440300001324","深圳市罗湖区上步北路银湖大厦4楼410-413房","","","营业","","深圳"
"肇庆市金晖富康出租汽车有限公司德庆分公司","","441200011707707","肇庆市德庆县德城镇德庆大道东北侧特产美食城首层","","","营业","","肇庆"
"广东省江门市汽运集团有限公司出租车分公司","","440700000001","广东省江门市建设路42号","","","营业","","江门"
"江门市南安小汽车出租有限公司","","440700017735","江门市白沙工业区永盛路122号之一","","","营业","","江门"
"深圳市旭通运输实业有限公司","","440300001312","深圳市福田区上梅林梅村路4号运发汽修大楼二楼","","","营业","","深圳"
"惠州市宝通运输有限公司","","441300223506","大亚湾澳头北澳大道南65号大亚湾汽车站二楼","","","营业","","惠州"
"中山市小榄出租汽车有限公司","","44200010024","广东省中山市小榄镇聚源路2-30号","","","营业","","中山"
"龙门县龙城小汽车出租服务有限公司","","441300220738","龙门县龙城镇西林路29号","","","营业","","惠州"
"丰顺县益丰交通汽车有限公司","","441400002060","广东省丰顺县环城路气象路口（汤坑镇城北新堂村）","","","营业","","梅州"
"湛江市麻章南方运输有限公司","湛","440800005998","广东省湛江市麻章区金康东路市第二检测站宿舍楼203房","张马养","0759-2192969","营业","湛江市交通运输局","湛江"
"茂名市交通建设投资集团有限公司小车出租分公司","","440900000001","茂名市茂南区计星路88号大院5号楼","","","营业","","茂名"
"阳江市通利汽车出租有限公司","","441700003687","阳江市区马南垌桔子西路二街四巷4号","","","营业","","阳江"
"广州交通集团出租汽车有限公司番禺分公司","","440100900001","番禺汽车客运站营运中心6楼603","","","营业","","广州"
"清远市宇海企业发展总公司小汽车出租队","","441800007677","广东省清远市新城连江路十六号区","","","营业","","清远"
"清远晨光出租汽车有限公司","","441800007670","清远市新城东三号区二栋五号楼","","","营业","","清远"
"清远市快通小汽车出租有限公司","","441800007791","清远市清城区下廓一街140号","","","营业","","清远"
"清远市金宇小客车出租有限公司","","441800007690","清远市下廓街洪社路1号幼儿园宿舍首层","","","营业","","清远"
"清远市粤运公共交通有限公司小客车出租分公司","","441800000001","清远市清城洪社路一号","","","营业","","清远"
"新丰县合丰小汽车出租有限公司","","440200000361","新丰县丰城镇沿江路24号","","","营业","","韶关"
"东莞市莞通集团有限公司","莞","441900042399","东莞市寮步镇小坑村松山湖大道旁","钟汉河","83282777","营业","东莞市道路运输管理局","东莞"
"潮州市鸿伟汽车出租有限公司","","445100000096","广东省潮州市火车站区南片B1-2号","","","营业","","潮州"
"深圳市物资运输工贸有限公司","","440300001341","深圳市罗湖区挑园路7号","","","营业","","深圳"
"深圳市西湖安顺客运有限公司","","440300001355","深圳市龙岗区布吉镇大芬村汇福花园裙楼三楼","","","营业","","深圳"
"深圳市中南小汽车有限公司","","440300001274","福田区北环大道7008号通业大厦19楼","","","营业","","深圳"
"深圳市康达尔(集团)运输有限公司","","440300001308","深圳市龙岗区布吉街道布龙公路布吉汽车客运站三楼","","","营业","深圳市交通运输委","深圳"
"深圳市康达尔交通运输有限公司","","440300900399","深圳市龙岗区布吉镇布龙路边布吉汽车站一楼","","","营业","","深圳"
"深圳市中南绿色运输有限公司","","440300001354","深圳市龙岗区布吉镇坂田南坑村麒麟路1号","","","营业","","深圳"
"深圳市金田小汽车出租有限公司","","440300001328","深圳市福田区下梅林通业大厦10楼","","","营业","","深圳"
"阳江市运通小汽车出租有限公司","","441700005308","阳江市石湾北路666号","","","营业","","阳江"
"阳江市锦程小汽车出租有限公司","","441700004064","阳江市江城区刀具城A104","","","营业","","阳江"
"深圳市鸿运汽车出租有限公司","","440300001292","福田区沙河侨香路警校北侧","","","营业","","深圳"
"深圳市世纪星源运输实业有限公司","","440300001326","深圳市福田区彩田南路福建大厦B座2401室","","","营业","","深圳"
"东莞市京都小汽车出租有限公司","莞","441900003531","东莞市寮步镇莞樟公路寮步横坑路段","钟汉河","83282777","营业","东莞市道路运输管理局","东莞"
"连州市松利小汽车出租有限公司","","441800000310","广东省清远市连州市连州镇元潭村旁边（连州市城西客运站三楼）","","","营业","","清远"
"惠州大亚湾深港三维交通实业有限公司","","441300208249","惠州大亚湾西区上杨景福小区自来水营业所楼上","","","营业","","惠州"
"梅州江南汽车运输有限公司","","441400002580","梅州市彬芳大道38号","","","营业","","梅州"
"东莞市黄江公共的士有限公司","莞","441900042287","东莞市黄江镇江海城文康中路38号","陈永泉","83536022","营业","东莞市道路运输管理局","东莞"
"东莞市常平公共的士有限公司","莞","441900042313","东莞市常平镇振兴三街48号三楼","周德厚","81899873","营业","东莞市道路运输管理局","东莞"
"廉江江城小汽车服务有限公司","","440800003855","廉江市新兴二街六横巷九号","","","营业","","湛江"
"广州市哥德客运有限公司","","440100000126","广州市番禺区大龙街亚运大道653号（营运中心大楼）8楼","","","营业","","广州"
"肇庆市金晖富康出租汽车有限公司","","441200011707","肇庆市端州二路四号","","","营业","","肇庆"
"汕头市南翔汽车出租公司","","440500000690","汕头市潮汕路19号","","","营业","","汕头"
"中山市运通运输服务有限公司","","442000000324","中山市西区富华道36号柏景苑19卡商铺","","","营业","","中山"
"中山市骏宇出租小汽车运输有限公司","","442000025203","广东省中山市西区蓝波湾商业步行街A-33卡之一","","","营业","","中山"
"中山市盛达出租车有限公司","","442000000329","中山市西区富华道1号","","","营业","","中山"
"广州天龙汽车服务有限公司","","440100900020","白云区西槎路同德街粤溪村岭南北街自编2号","","","营业","","广州"
"广州大新汽车出租有限公司","","440100900088","广州市大新路278号6楼","","","营业","","广州"
"广州市新东方出租汽车有限公司","","440100900018","广州市白云区白云西路陈田村北侧厂内自编7号","","","营业","","广州"
"深业深港（集团）有限公司","","440300002279","深圳市福田区福强路1045号深荣大厦4楼","","","营业","","深圳"
"深圳市深港汽车出租有限公司","","440300000742","仙湖路莲塘工业区709栋三楼西","","","营业","","深圳"
"兴宁市益盛公交汽车有限公司","","441400001559","兴宁市兴城商业城9号楼52-53号","","","营业","","梅州"
"深圳市华程小汽车运输有限公司","","440300001294","深圳市罗湖区田贝三路98号","","","营业","","深圳"
"翁源县安达出租汽车有限公司","","440200066532","翁源县龙仙镇建设一路54号","","","营业","","韶关"
"河源市华达汽车出租有限公司","粤交运管许可河字","441600001889","河源市新市区建设大道北边中山大道东边广晟·四季花园综合楼2001房","郭德标","3396398","营业","河源市源城区交通运输局","河源"
"河源市宇和小汽车出租有限公司","粤交运管许可河字","441600000850","河源市新市区建设大道北边中山大道东边广晟·四季花园综合楼901房01室","刘伟象","3885082","营业","河源市源城区交通局","河源"
"河源市奥利小汽车出租有限公司","粤交运管许可河字","441600001432","广东省河源市源城区下角青云路东巷37号201室","罗寿荣","333851","营业","河源市源城区交通运输局","河源"
"汕尾市金顺运输贸易有限公司","","441500000975","汕尾市香港大道霞洋客运站内","","","营业","","汕尾"
"汕尾市深联小汽车有限公司","","441500000707","汕尾市区公园路园林局三楼","","","营业","","汕尾"
"广州市合兴汽车出租有限公司","","440100900065","广州市荔湾区东沙路紫荆道81号之六西","","","营业","","广州"
"汕尾市亚飞汽车运输服务有限公司","","441500000303","汕尾市区汕海公路荷包岭路段汕尾市技工学校综合楼第三层北端第一间","","","营业","","汕尾"
"广州市天东运输有限公司","","440100900085","广州市天河区员村程界西子富五街18号一、二楼","","","营业","","广州"
"郁南县新天龙小汽车出租有限公司","","445300005863","广东省云浮市郁南县都城镇二环路湖景轩小区B幢05卡商铺","","","营业","","云浮"
"深圳市金通汽车出租有限公司","","440300001287","深圳市福田区中心区福中三路诺德金融中心主楼14C","","","营业","","深圳"
"深圳市友联运输实业有限公司","","440300001286","深圳市福田区中心区福中三路诺德金融中心主楼14C","","","营业","","深圳"
"深圳市康达泰运输有限公司","","440300001325","福田区福华路三号第三层","","","营业","","深圳"
"汕尾市福利运输有限公司","","441500000305","汕尾市汕尾大道西测书城小区A座3楼","","","营业","","汕尾"
"深圳市金华南巴士股份有限公司","","440300001293","深圳市福田区天安工业区天祥大厦5A","","","营业","","深圳"
"深圳市金瑞实业有限公司","","440300001347","福田区深南西路天安创新科技广场A座1005---B","","","营业","","深圳"
"深圳市南山交通运输有限公司","","440300001315","南山区常兴综合楼副楼三楼","","","营业","","深圳"
"连平县顺达交通运输服务有限公司","","441600000054","河源市连平县","","","营业","","河源"
"四会市贞山宾馆客货运输有限公司","","441200001266","四会市贞山旅游区贞山宾馆内","","","营业","","肇庆"
"平远渝平出租汽车有限公司","","441400001590","广东省平远县大柘镇平兴路富港酒店首层C区","","","营业","","梅州"
"深圳市雅驰小汽车运输有限公司","","440300001307","深圳市福田区北环大道7008号通业大厦北塔401","","","营业","","深圳"
"蕉岭顺达小汽车出租有限公司","","","蕉岭县蕉城镇桂岭大道中东山商业城C栋","","","营业","","梅州"
"五华县万通小汽车出租有限公司","","441400002329","梅州市五华县水寨大道","","","营业","","梅州"
"珠海市巨鹰汽车运输服务有限公司","","440400010396","珠海市香洲银桦路888商业街五巷1号","","","营业","","珠海"
"珠海市金拓客货运输有限公司","","440400010734","珠海市香洲区南屏科技工业园屏北二路1号办公楼第二层","","","营业","","珠海"
"东源县南翔交通运输服务有限公司","","441600000492","河源市东源县交通综合大楼","","","营业","","河源"
"深圳市华程交通有限公司","","440300001339","深圳市龙岗区中心城汽车总站4-5楼","","","营业","","深圳"
"东莞市翔运小汽车出租有限公司","","441900000022","广东省东莞市虎门镇海珠大厦A3-1号","","","营业","","东莞"
"东莞市华悦客运集团有限公司","莞","441900042401","东莞市莞城东城西路银利商厦五楼","阮国强","27231596","营业","东莞市道路运输管理局","东莞"
