"地区","企业名称","类型","年份","批次"
"蓬江区","广东安捷供应链管理股份有限公司","生产服务类","2018年","第一批"
"江海区","广东大冶摩托车技术有限公司","服务型制造类","2018年","第一批"
"江海区","金羚电器有限公司","服务型制造类","2018年","第一批"
"新会区","李锦记（新会）食品有限公司","服务型制造类","2018年","第一批"
"台山市","广东迪力生汽配股份有限公司","服务型制造类","2018年","第一批"
"开平市","广东嘉士利食品集团有限公司","服务型制造类","2018年","第一批"
"鹤山市","广明源光科技股份有限公司","服务型制造类","2018年","第一批"
"江海区","广东生和堂健康食品股份有限公司","工业类","2018年","第二批"
"新会区","无限极（中国）有限公司","工业类","2018年","第二批"
"开平市","广东科仕特精密机械有限公司","工业类","2018年","第二批"
"鹤山市","江门市东江环保技术有限公司","生产服务业类","2018年","第二批"
"蓬江区","广东安捷供应链管理股份有限公司","生产服务类","2018年","第三批"
