F3070225300027_000015010,F3070225300027_000015002,F3070225300027_000015013,F3070225300027_000015003,F3070225300027_000015014,F3070225300027_000015011,F3070225300027_000015001,F3070225300027_000015012,F3070225300027_000015006,F3070225300027_000015007,F3070225300027_000015004,F3070225300027_000015005,F3070225300027_000015008,F3070225300027_000015009
否,专职,无,温洁,法医毒物司法鉴定（限乙醇检测）,否,法医毒物司法鉴定（限乙醇检测）,否,无,中专,女,检验师,"2018-01-15 00:00:00",否
否,专职,无,何雯,"法医临床司法鉴定（视觉功能鉴定、听觉功能鉴定、性功能鉴定、活体年龄鉴定除外）",否,"法医临床司法鉴定（视觉功能鉴定、听觉功能鉴定、性功能鉴定、活体年龄鉴定除外）",否,无,本科,女,无,"2017-11-24 00:00:00",否
否,专职,"时间：2017-04-05。变更类型：换证。变更前：至。变更后：2017-04-05至2017-08-30。",黎仲鉴,"法医临床司法鉴定（视觉功能鉴定、听觉功能鉴定、性功能鉴定、活体年龄鉴定除外）",否,"法医临床司法鉴定（视觉功能鉴定、听觉功能鉴定、性功能鉴定、活体年龄鉴定除外）",否,无,大专,男,外科副主任医师,"2017-08-11 00:00:00",否
否,专职,"时间：2017-04-05。变更类型：换证。变更前：至。变更后：2017-04-05至2021-08-09。",李昌平,痕迹司法鉴定（限交通事故痕迹鉴定）,否,痕迹司法鉴定（限交通事故痕迹鉴定）,否,无,大专,男,痕检工程师,"2017-04-05 00:00:00",否
否,兼职,"时间：2017-04-05。变更类型：换证。变更前：至。变更后：2017-04-05至2017-08-30。",邹仲兵,"法医临床司法鉴定（视觉功能鉴定、听觉功能鉴定、性功能鉴定、活体年龄鉴定除外）",否,"法医临床司法鉴定（视觉功能鉴定、听觉功能鉴定、性功能鉴定、活体年龄鉴定除外）",否,无,本科,男,骨外科副主任医师,"2017-08-11 00:00:00",否
否,专职,"时间：2017-04-05。变更类型：换证。变更前：至。变更后：2017-04-05至2017-08-30。",黄桂莲,法医毒物司法鉴定（限乙醇检测）,否,法医毒物司法鉴定（限乙醇检测）,否,无,中专,女,临床检验副主任技师,"2017-08-11 00:00:00",否
否,专职,"时间：2017-04-05。变更类型：换证。变更前：至。变更后：2017-04-05至2021-08-09。",昌洁,痕迹司法鉴定（限交通事故痕迹鉴定）,否,痕迹司法鉴定（限交通事故痕迹鉴定）,否,无,大专,女,检验工程师,"2017-04-05 00:00:00",否
否,专职,"时间：2017-09-18。变更类型：执业机构。变更前：广东清正法医临床司法鉴定所。变更后：广东中天司法鉴定所。时间：2017-04-05。变更类型：换证。变更前：至。变更后：2017-04-05至2021-07-19。",朱绍荣,"法医临床司法鉴定（视觉功能鉴定、听觉功能鉴定、性功能鉴定、活体年龄鉴定除外）",否,"法医临床司法鉴定（视觉功能鉴定、听觉功能鉴定、性功能鉴定、活体年龄鉴定除外）",否,无,大专,男,主检法医师,"2017-09-18 00:00:00",否
否,专职,"时间：2017-04-05。变更类型：换证。变更前：至。变更后：2017-04-05至2021-04-21。",陆宗超,"法医临床司法鉴定（视觉功能鉴定、听觉功能鉴定、性功能鉴定、活体年龄鉴定除外）",否,"法医临床司法鉴定（视觉功能鉴定、听觉功能鉴定、性功能鉴定、活体年龄鉴定除外）",否,无,中专,男,主检法医师,"2017-04-05 00:00:00",否
否,专职,无,游伟民,法医毒物司法鉴定（限乙醇检测）,否,法医毒物司法鉴定（限乙醇检测）,否,无,专科,女,检验师,"2018-01-15 00:00:00",否
否,专职,"时间：2017-04-05。变更类型：换证。变更前：至。变更后：2017-04-05至2021-04-21。",吴朝坤,"法医临床司法鉴定（视觉功能鉴定、听觉功能鉴定、性功能鉴定、活体年龄鉴定除外）",否,"法医临床司法鉴定（视觉功能鉴定、听觉功能鉴定、性功能鉴定、活体年龄鉴定除外）",否,无,本科,男,副主任法医师,"2017-04-05 00:00:00",否
否,专职,"时间：2017-04-05。变更类型：换证。变更前：至。变更后：2017-04-05至2021-08-09。",唐博芝,痕迹司法鉴定（限交通事故痕迹鉴定）,否,痕迹司法鉴定（限交通事故痕迹鉴定）,否,无,中专,男,高级工程师,"2017-04-05 00:00:00",否
否,兼职,"时间：2017-12-22。变更类型：执业机构。变更前：广东中天司法鉴定所。变更后：广东恒安法医临床司法鉴定所。",张凯韵,"法医临床司法鉴定（视觉功能鉴定、听觉功能鉴定、性功能鉴定、活体年龄鉴定除外）",否,"法医临床司法鉴定（视觉功能鉴定、听觉功能鉴定、性功能鉴定、活体年龄鉴定除外）",否,无,本科,女,无,"2017-12-22 00:00:00",否
否,专职,"时间：2017-04-05。变更类型：换证。变更前：至。变更后：2017-04-05至2017-08-30。",梅超明,法医毒物司法鉴定（限乙醇检测）,否,法医毒物司法鉴定（限乙醇检测）,否,无,本科,男,临床检验主管技师,"2017-08-11 00:00:00",否
否,专职,无,郑小玲,法医毒物司法鉴定（限乙醇检测）,否,法医毒物司法鉴定（限乙醇检测）,否,无,大学,女,主任技师,"2018-01-15 00:00:00",否
否,专职,"时间：2017-04-05。变更类型：换证。变更前：2016-11-21至2021-11-20。变更后：2017-04-05至2021-11-20。",侯刚,"法医临床司法鉴定（视觉功能鉴定、听觉功能鉴定、性功能鉴定、活体年龄鉴定除外）",否,"法医临床司法鉴定（视觉功能鉴定、听觉功能鉴定、性功能鉴定、活体年龄鉴定除外）",否,无,本科,男,主检法医师,"2017-04-05 00:00:00",否
否,专职,"时间：2017-04-05。变更类型：换证。变更前：至。变更后：2017-04-05至2017-08-30。",陈石伙,法医毒物司法鉴定（限乙醇检测）,否,法医毒物司法鉴定（限乙醇检测）,否,无,大专,男,副主任医师,"2017-08-11 00:00:00",否
否,专职,"时间：2017-04-05。变更类型：换证。变更前：至。变更后：2017-04-05至2020-09-09。",徐伟,"法医临床司法鉴定（视觉功能鉴定、听觉功能鉴定、性功能鉴定、活体年龄鉴定除外）",否,"法医临床司法鉴定（视觉功能鉴定、听觉功能鉴定、性功能鉴定、活体年龄鉴定除外）",否,无,大专,男,副主任医师,"2017-08-24 00:00:00",否
