SPECAUSE,SPECAUSE_CN,REMEXCPRES,LEREP,UNISCID,PRIPID,REMDATE,REMEXCPRES_CN,REDECORG_CN,REGNO,REDECORG,DECORG,ENTNAME,BUSEXCLIST,DECORG_CN,ISMOVE,ABNTIME
1,"未依照《企业信息公示暂行条例》第八条规定的期限公示年度报告的",-,-,-,440126126012012042800546,-,-,广州市工商行政管理局番禺分局,440126NB000046X,-,440126,沙洋县江湖源有机蔬菜种植专业合作社番禺分社,"36AB1084-3F3E-49C8-8C13-406B9A3E8839440100",广州市工商行政管理局番禺分局,2,"2015-07-20 00:00:00"
1,"未依照《企业信息公示暂行条例》第八条规定的期限公示年度报告的",-,王维生,-,"dbe1a3d2-012e-1000-e003-65460a060115",-,-,佛山市高明区市场监督管理局,440684NB000001X,-,440684,佛山市高明区更合泽河蔬菜专业合作社荷城经营部,"35e96ace-014f-1000-e001-80b30a060115440600",佛山市高明区市场监督管理局,2,"2015-08-18 00:00:00"
1,"未依照《企业信息公示暂行条例》第八条规定的期限公示年度报告的",-,梁达明,-,"13240f47-0140-1000-e001-61b40a060115",-,-,佛山市高明区市场监督管理局,440684NB000002X,-,440684,佛山市高明区杨梅丽堂蔬菜专业合作社午阳市场店,"35e96ace-014f-1000-e001-80b20a060115440600",佛山市高明区市场监督管理局,2,"2015-08-18 00:00:00"
1,"未依照《企业信息公示暂行条例》第八条规定的期限公示年度报告的",-,黄远滔,-,"0fde72e9-013a-1000-e000-673c0a0a0115",-,-,广东省惠州市惠城区工商行政管理局,441302NB000001X,-,441302,惠州市远滔蔬菜基地专业合作社蔬菜配送中心,"3950eb9f-015d-1000-e001-95df0a0a0115441300",广东省惠州市惠城区工商行政管理局,2,"2017-07-13 00:00:00"
1,"未依照《企业信息公示暂行条例》第八条规定的期限公示年度报告的",-,温伟波,-,"c44180f9-0124-1000-e000-485f0a080114",-,-,-,441602NB000003X,-,441602,河源市源茂畜牧水产养殖专业合作社温屋分社,"6a052092-0164-1000-e001-95f30a080114441600",广东省河源市源城区工商行政管理局,2,"2018-07-06 00:00:00"
1,"未依照《企业信息公示暂行条例》第八条规定的期限公示年度报告的",-,宋意坤,-,"d4a7f6bd-0142-1000-e000-1ba20a100115",-,-,-,440823NB000003X,-,440823,遂溪县勇士蔬菜种植专业合作社龙眼分社,"5ae8e9b3-0164-1000-e002-6074c0a8de0b440800",广东省湛江市遂溪县工商行政管理局,2,"2018-07-03 00:00:00"
1,"未依照《企业信息公示暂行条例》第八条规定的期限公示年度报告的",-,宋秋,-,"d4a7f6bd-0142-1000-e000-1a390a100115",-,-,-,440823NB000002X,-,440823,遂溪县勇士蔬菜种植专业合作社老陆分社,"5ae8e9b3-0164-1000-e002-6073c0a8de0b440800",广东省湛江市遂溪县工商行政管理局,2,"2018-07-03 00:00:00"
1,"未依照《企业信息公示暂行条例》第八条规定的期限公示年度报告的",-,谭庚华,-,"05c42f66-0156-1000-e006-9b490a0f0115",-,-,-,441723NB000001X,-,441723,阳江市阳东区明垦新农业专业合作社东平分社,"6a8f8cf0-0164-1000-e001-5b200a0f0115441700",广东省阳江市阳东县工商行政管理局,2,"2018-07-06 00:00:00"
1,"未依照《企业信息公示暂行条例》第八条规定的期限公示年度报告的",-,胡向红,-,"04fa8599-0158-1000-e000-1f1b0a120115",-,-,-,441284NB000002X,-,441284,五家渠昌红畜牧养殖专业合作社四会市大沙镇分社,"6f4c6ce7-0164-1000-e004-a4bb0a120115441200",广东省肇庆市四会市工商行政管理局,2,"2018-07-09 00:00:00"
1,"未依照《企业信息公示暂行条例》第八条规定的期限公示年度报告的",-,黄良嗣,-,"0d6bf1ac-014a-1000-e000-0b890a100115",-,-,-,440883NB000003X,-,440883,吴川市恒昌绿色专业合作社吴阳分社,"7ea977d2-0164-1000-e001-cddcc0a8de0b440800",广东省湛江市吴川市工商行政管理局,2,"2018-07-10 00:00:00"
1,"未依照《企业信息公示暂行条例》第八条规定的期限公示年度报告的",-,黄良嗣,-,"ac99f211-0135-1000-e000-977c0a100115",-,-,-,440883NB000002X,-,440883,吴川市恒昌绿色专业合作社黄坡分部,"7ea977d2-0164-1000-e001-cde2c0a8de0b440800",广东省湛江市吴川市工商行政管理局,2,"2018-07-10 00:00:00"
1,"未依照《企业信息公示暂行条例》第八条规定的期限公示年度报告的",-,甘荣优,-,"6362cc18-0144-1000-e00b-5a2b0a0e0115",-,-,-,440785NB000001X,-,440785,江门市齐发蔬菜流通专业合作社顶冲分社,"87a14cf5-0164-1000-e003-d46c0a0e0115440700",广东省江门市恩平市市场监督管理局,2,"2018-07-12 00:00:00"
1,"未依照《企业信息公示暂行条例》第八条规定的期限公示年度报告的",5,杨凌亦,-,"55d03f2c-0134-1000-e004-a2ec0a160115","2017-05-04 00:00:00",农民专业合作社注销，自动移出,新兴县工商行政管理局太平工商所,445321NB000001X,445321,445321,新兴县水台镇双吉利农产品专业合作社太平分社,"c2a81436-0155-1000-e001-ef360a160115445300",新兴县工商行政管理局太平工商所,1,"2016-07-14 00:00:00"
1,"未依照《企业信息公示暂行条例》第八条规定的期限公示年度报告的",-,陈俐湘,-,"a9091b0b-013e-1000-e002-01530a070114",-,-,韶关市曲江区工商行政管理局,440221NB000001X,-,440221,韶关市曲江区马坝粮食产销专业合作社专卖店,"c4c35816-0155-1000-e000-439a0a070114440200",韶关市曲江区工商行政管理局,2,"2016-07-08 00:00:00"
1,"未依照《企业信息公示暂行条例》第八条规定的期限公示年度报告的",-,邱传峰,-,"d92f2786-012a-1000-e004-13f50a070114",-,-,广东省韶关市南雄市工商行政管理局,440282NB000004X,-,440282,南雄市江头鱼仙食用菌专业合作社经销部,"d246c3f8-0155-1000-e000-ab8b0a070114440200",广东省韶关市南雄市工商行政管理局,2,"2016-07-11 00:00:00"
1,"未依照《企业信息公示暂行条例》第八条规定的期限公示年度报告的",-,王维生,-,"dbe1a3d2-012e-1000-e003-65460a060115",-,-,-,440684NB000001X,-,440684,佛山市高明区更合泽河蔬菜专业合作社荷城经营部,"cf33318e-015d-1000-e00a-409f0a060115440600",佛山市高明区市场监督管理局,2,"2017-08-14 00:00:00"
1,"未依照《企业信息公示暂行条例》第八条规定的期限公示年度报告的",-,张西莲,-,"d5495d4e-0125-1000-e004-22ca0a070114",-,-,广东省韶关市南雄市工商行政管理局,440282NB000003X,-,440282,南雄市林海群种养专业合作社广源分社,"d246c3f8-0155-1000-e000-ab8d0a070114440200",广东省韶关市南雄市工商行政管理局,2,"2016-07-11 00:00:00"
1,"未依照《企业信息公示暂行条例》第八条规定的期限公示年度报告的",-,叶仕炎,-,"9e5d0741-0136-1000-e000-1ee70a080114",-,-,广东省河源市和平县工商行政管理局,441624NB000002X,-,441624,和平县益民食用菌专业合作社农产品商场,"0c2898dc-015d-1000-e002-45840a080114441600",广东省河源市和平县工商行政管理局,2,"2017-07-06 00:00:00"
1,"未依照《企业信息公示暂行条例》第八条规定的期限公示年度报告的",-,甘荣优,-,"6362cc18-0144-1000-e00b-5a2b0a0e0115",-,-,广东省江门市恩平市工商行政管理局,440785NB000001X,-,440785,江门市齐发蔬菜流通专业合作社顶冲分社,"07f9076e-015d-1000-e002-50ae0a0e0115440700",广东省江门市恩平市工商行政管理局,2,"2017-07-04 00:00:00"
1,"未依照《企业信息公示暂行条例》第八条规定的期限公示年度报告的",-,黎高峰,-,"5b315fd7-0120-1000-e000-b31b0a070114",-,-,广东省韶关市乐昌市工商行政管理局,440281NB000001X,-,440281,乐昌市秀水镇秀源果菜流通专业合作社食品加工厂,"d246c3f8-0155-1000-e000-bb3e0a070114440200",广东省韶关市乐昌市工商行政管理局,2,"2016-07-12 00:00:00"
1,"未依照《企业信息公示暂行条例》第八条规定的期限公示年度报告的",1,嵇亮亮,-,"e532ebd7-012e-1000-e001-02540a76b50b","2017-05-11 00:00:00","依照《农民专业合作社年度报告公示办法》第十条规定被列入经营异常名录的农民专业合作社，可以在补报未报年份的年度报告并公示后，申请移出",东莞市工商行政管理局沙田分局,441900NB000004X,441914,441914,东莞市大岭山鹏发蔬菜专业合作社沙田分社,"14f8d2af-014f-1000-e000-031f0a0c0115441900",东莞市工商行政管理局沙田分局,1,"2015-08-10 00:00:00"
1,"未依照《企业信息公示暂行条例》第八条规定的期限公示年度报告的",-,熊亮华,-,"44300ce6-0141-1000-e009-2a0b0a090115",-,-,梅州市工商行政管理局梅江分局大坜工商所,441402NB000003X,-,441402,梅州市梅江区润盛种养农民专业合作社平价门市,"116aaf21-015d-1000-e00b-8bc20a090115441400",梅州市工商行政管理局梅江分局大坜工商所,2,"2017-07-11 00:00:00"
3,公示企业信息隐瞒真实情况、弄虚作假的,-,王彬,-,"2a2dcc13-012d-1000-e000-9ae90a100115",-,-,广东省湛江市麻章区工商行政管理局,440811NB000010X,-,440811,湛江市麻章区帮民甘蔗种植专业合作社英豪分社,"13b375dc-0152-1000-e000-3282c0a8de0b440800",广东省湛江市麻章区工商行政管理局,2,"2016-01-06 00:00:00"
1,"未依照《企业信息公示暂行条例》第八条规定的期限公示年度报告的",-,赵雷,-,"76ceeebb-0134-1000-e009-40f90a090115",-,-,梅州市工商行政管理局梅江分局大坜工商所,441402NB000001X,-,441402,惠州市神农果蔬专业合作社梅州分社,"116aaf21-015d-1000-e00b-8bc30a090115441400",梅州市工商行政管理局梅江分局大坜工商所,2,"2017-07-11 00:00:00"
1,"未依照《企业信息公示暂行条例》第八条规定的期限公示年度报告的",-,林显荣,-,"a11f1088-012f-1000-e001-7c720a0f0115",-,-,广东省阳江市江城区工商行政管理局,441702NB000002X,-,441702,阳江市江城区三洲梅霞蔬菜专业合作社牛圩分社,"167b6422-015d-1000-e003-c47d0a0f0115441700",广东省阳江市江城区工商行政管理局,2,"2017-07-12 00:00:00"
1,"未依照《企业信息公示暂行条例》第八条规定的期限公示年度报告的",-,林显荣,-,"a11f1088-012f-1000-e001-7c720a0f0115",-,-,-,441702NB000002X,-,441702,阳江市江城区三洲梅霞蔬菜专业合作社牛圩分社,"840bb9a9-0164-1000-e000-bcd90a0f0115441700",广东省阳江市江城区工商行政管理局,2,"2018-07-11 00:00:00"
1,"未依照《企业信息公示暂行条例》第八条规定的期限公示年度报告的",-,谢利,-,"6465c0c5-0149-1000-e000-213f0a0b0115",-,-,-,441581NB000005X,-,441581,陆丰市丰通农民专业合作社农产品配送中心,"8cc9fe8b-0164-1000-e000-30880a0b0115441500",广东省汕尾市陆丰市工商行政管理局,2,"2018-07-12 00:00:00"
1,"未依照《企业信息公示暂行条例》第八条规定的期限公示年度报告的",-,胡向红,-,"04fa8599-0158-1000-e000-1f1b0a120115",-,-,广东省肇庆市四会市工商行政管理局,441284NB000002X,-,441284,五家渠昌红畜牧养殖专业合作社四会市大沙镇分社,"1636d257-015d-1000-e005-24dc0a120115441200",广东省肇庆市四会市工商行政管理局,2,"2017-07-09 00:00:00"
1,"未依照《企业信息公示暂行条例》第八条规定的期限公示年度报告的",-,熊亮华,-,"44300ce6-0141-1000-e009-2a0b0a090115",-,-,-,441402NB000003X,-,441402,梅州市梅江区润盛种养农民专业合作社平价门市,"8e60c3a5-0164-1000-e002-373c0a090115441400",梅州市工商行政管理局梅江分局大坜工商所,2,"2018-07-13 00:00:00"
1,"未依照《企业信息公示暂行条例》第八条规定的期限公示年度报告的",-,-,93440101583370571W,440126126012011092600258,-,-,-,440126NB000039X,-,440126,巧家绿色生态核桃种植农民专业合作社番禺分社,"9384ECA9-CFE4-45F2-A8E7-C6B290D51301440100",广州市工商行政管理局番禺分局,2,"2018-07-13 00:00:00"
1,"未依照《企业信息公示暂行条例》第八条规定的期限公示年度报告的",-,谭庚华,-,"05c42f66-0156-1000-e006-9b490a0f0115",-,-,广东省阳江市阳东县工商行政管理局,441723NB000001X,-,441723,阳江市阳东区明垦新农业专业合作社东平分社,"167b6422-015d-1000-e000-b2b80a0f0115441700",广东省阳江市阳东县工商行政管理局,2,"2017-07-07 00:00:00"
1,"未依照《企业信息公示暂行条例》第八条规定的期限公示年度报告的",-,-,-,440126126012010071600299,-,-,-,440126NB000016X,-,440126,佳木斯市惠农谷物专业合作社广州农产品销售分社,"9EF8313E-4D60-4606-A72F-80D6EA18ADDB440100",广州市工商行政管理局番禺分局,2,"2018-07-13 00:00:00"
1,"未依照《企业信息公示暂行条例》第八条规定的期限公示年度报告的",-,-,93440101078419637A,440106106012013090600959,-,-,-,440106NB000005X,-,440106,邵东县天帮种植农民专业合作社广州分社,"F8C88A5F-8B9A-4656-BBDD-4B671FBE460C440100",广东省广州市天河区工商行政管理局,2,"2018-07-10 00:00:00"
1,"未依照《企业信息公示暂行条例》第八条规定的期限公示年度报告的",-,黄远滔,-,"0fde72e9-013a-1000-e000-673c0a0a0115",-,-,-,441302NB000001X,-,441302,惠州市远滔蔬菜基地专业合作社蔬菜配送中心,"d0fce3d7-0164-1000-e006-e0a00a0a0115441300",广东省惠州市惠城区工商行政管理局,2,"2018-07-26 00:00:00"
1,"未依照《企业信息公示暂行条例》第八条规定的期限公示年度报告的",-,曾祥党,-,"7d06502f-013a-1000-e004-10490a090115",-,-,-,441427NB000001X,-,441427,蕉岭县年丰种养专业合作社平价商店,"87e29d4c-0164-1000-e002-a1c90a090115441400",广东省梅州市蕉岭县工商行政管理局,2,"2018-07-12 00:00:00"
1,"未依照《企业信息公示暂行条例》第八条规定的期限公示年度报告的",-,林良菊,-,"4df2b2b7-0132-1000-e000-924f0a0f0115",-,-,广东省阳江市江城区工商行政管理局,441702NB000003X,-,441702,阳江市江城区三洲海霞蔬菜专业合作社裕环分社,"167b6422-015d-1000-e003-c4850a0f0115441700",广东省阳江市江城区工商行政管理局,2,"2017-07-12 00:00:00"
1,"未依照《企业信息公示暂行条例》第八条规定的期限公示年度报告的",-,赵雷,-,"76ceeebb-0134-1000-e009-40f90a090115",-,-,-,441402NB000001X,-,441402,惠州市神农果蔬专业合作社梅州分社,"8e60c3a5-0164-1000-e002-373d0a090115441400",梅州市工商行政管理局梅江分局大坜工商所,2,"2018-07-13 00:00:00"
1,"未依照《企业信息公示暂行条例》第八条规定的期限公示年度报告的",-,谭金辉,-,"6313de91-015e-1000-e00e-256f0a130116",-,-,-,441881NB000004X,-,441881,英德市路路通农果专业合作社路鑫庄园,"9285d396-0164-1000-e000-00120a130116441800",英德市工商行政管理局望埠工商所,2,"2018-07-13 00:00:00"
1,"未依照《企业信息公示暂行条例》第八条规定的期限公示年度报告的",5,张土如,-,"984d019e-014a-1000-e000-b5c70a100115","2017-04-23 00:00:00",农民专业合作社注销，自动移出,广东省湛江市遂溪县工商行政管理局,440823NB000005X,440823,440823,湛江市坡头区恒成种养专业合作社遂溪分社,"5cfde113-014f-1000-e000-5e3b0a100115440800",广东省湛江市遂溪县工商行政管理局,1,"2015-08-24 00:00:00"
1,"未依照《企业信息公示暂行条例》第八条规定的期限公示年度报告的",-,-,93440113353500780L,440126126012015072700800,-,-,-,440126NB000083X,-,440126,"广州市番禺区阿泰哥水产品养殖农民专业合作社农产品加工部","B69BA2C2-5EE6-49C5-AB8E-F2F705775BED440100",广州市工商行政管理局番禺分局,2,"2018-07-13 00:00:00"
1,"未依照《企业信息公示暂行条例》第八条规定的期限公示年度报告的",-,张西莲,-,"d5495d4e-0125-1000-e004-22ca0a070114",-,-,南雄市工商行政管理局雄州工商所,440282NB000003X,-,440282,南雄市林海群种养专业合作社广源分社,"8c2297a7-014e-1000-e000-f62e0a070114440200",南雄市工商行政管理局雄州工商所,2,"2015-07-15 00:00:00"
1,"未依照《企业信息公示暂行条例》第八条规定的期限公示年度报告的",-,-,-,440126126012011092600258,-,-,广州市工商行政管理局番禺分局,440126NB000039X,-,440126,巧家绿色生态核桃种植农民专业合作社番禺分社,"42E2B777-3C72-47EF-9B8E-69F59F3ED708440100",广州市工商行政管理局番禺分局,2,"2015-07-20 00:00:00"
1,"未依照《企业信息公示暂行条例》第八条规定的期限公示年度报告的",-,蔡亚水,-,"20d1654a-0138-1000-e001-1ee60a100115",-,-,-,440881NB000002X,-,440881,廉江市富农农业专业合作社横埇养殖场,"ad02c602-0164-1000-e003-4cc7c0a8de0b440800",广东省湛江市廉江市工商行政管理局,2,"2018-07-20 00:00:00"
1,"未依照《企业信息公示暂行条例》第八条规定的期限公示年度报告的",-,邱传峰,-,"d92f2786-012a-1000-e004-13f50a070114",-,-,南雄市工商行政管理局雄州工商所,440282NB000004X,-,440282,南雄市江头鱼仙食用菌专业合作社经销部,"8c2297a7-014e-1000-e000-f6560a070114440200",南雄市工商行政管理局雄州工商所,2,"2015-07-15 00:00:00"
1,"未依照《企业信息公示暂行条例》第八条规定的期限公示年度报告的",1,黄春荣,-,"4761cc88-011f-1000-e001-d94f0a070114","2016-06-24 00:00:00","依照《农民专业合作社年度报告公示办法》第十条规定被列入经营异常名录的农民专业合作社，可以在补报未报年份的年度报告并公示后，申请移出",广东省韶关市南雄市工商行政管理局,440282NB000001X,440282,440282,南雄市主田镇西洞果业专业合作社雄州分社,"8c2297a7-014e-1000-e000-f67c0a070114440200",广东省韶关市南雄市工商行政管理局,1,"2015-07-15 00:00:00"
1,"未依照《企业信息公示暂行条例》第八条规定的期限公示年度报告的",-,李艳莲,-,"88664bb3-0131-1000-e000-c3da0a070114",-,-,南雄市工商行政管理局雄州工商所,440282NB000006X,-,440282,南雄市坪田种鸡养殖专业合作社营销处,"8c2297a7-014e-1000-e000-f6430a070114440200",南雄市工商行政管理局雄州工商所,2,"2015-07-15 00:00:00"
1,"未依照《企业信息公示暂行条例》第八条规定的期限公示年度报告的",-,-,-,440126126012010071600299,-,-,广州市工商行政管理局番禺分局,440126NB000016X,-,440126,佳木斯市惠农谷物专业合作社广州农产品销售分社,"4D45FE04-4FE6-48BA-B97C-4242EAA9A119440100",广州市工商行政管理局番禺分局,2,"2015-07-20 00:00:00"
1,"未依照《企业信息公示暂行条例》第八条规定的期限公示年度报告的",-,刘顺彩,-,"6a12711a-0131-1000-e001-f9020a066465",-,-,佛山市顺德区市场安全监管局大良分局,440681NB000001X,-,440681,巧家绿色生态核桃种植农民专业合作社佛山分社,"913a9a26-014e-1000-e002-84340a066465440600",佛山市顺德区市场安全监管局大良分局,2,"2015-07-22 00:00:00"
1,"未依照《企业信息公示暂行条例》第八条规定的期限公示年度报告的",-,甘荣优,-,"6362cc18-0144-1000-e00b-5a2b0a0e0115",-,-,广东省江门市恩平市工商行政管理局,440785NB000001X,-,440785,江门市齐发蔬菜流通专业合作社顶冲分社,"91527e2e-014e-1000-e005-d48f0a0e0115440700",广东省江门市恩平市工商行政管理局,2,"2015-07-17 00:00:00"
1,"未依照《企业信息公示暂行条例》第八条规定的期限公示年度报告的",-,胡汉勇,-,"09a79e8c-013b-1000-e014-528d0a070114",-,-,广东省韶关市翁源县工商行政管理局,440229NB000001X,-,440229,翁源县新江镇万鑫肉鸽养殖专业合作社东方分社,"8c2297a7-014e-1000-e001-03460a070114440200",广东省韶关市翁源县工商行政管理局,2,"2015-07-15 00:00:00"
1,"未依照《企业信息公示暂行条例》第八条规定的期限公示年度报告的",-,郭耀渲,-,"642516a7-012c-1000-e00d-6d670a070114",-,-,南雄市工商行政管理局雄州工商所,440282NB000005X,-,440282,南雄市春越核桃专业合作社金和供销分社,"8c2297a7-014e-1000-e000-f6520a070114440200",南雄市工商行政管理局雄州工商所,2,"2015-07-15 00:00:00"
1,"未依照《企业信息公示暂行条例》第八条规定的期限公示年度报告的",-,赵雷,-,"76ceeebb-0134-1000-e009-40f90a090115",-,-,梅州市工商行政管理局梅江分局大坜工商所,441402NB000001X,-,441402,惠州市神农果蔬专业合作社梅州分社,"915f4878-014e-1000-e002-dfbc0a090115441400",梅州市工商行政管理局梅江分局大坜工商所,2,"2015-07-17 00:00:00"
1,"未依照《企业信息公示暂行条例》第八条规定的期限公示年度报告的",-,刘坤锋,-,"e20e6134-0131-1000-e005-43f50a110115",-,-,广东省茂名市高州市工商行政管理局,440981NB000010X,-,440981,高州市盈丰蔬菜专业合作社直销店,"94140d58-014e-1000-e004-bbac0a110115440900",广东省茂名市高州市工商行政管理局,2,"2015-07-24 00:00:00"
1,"未依照《企业信息公示暂行条例》第八条规定的期限公示年度报告的",1,杨炳珍,-,"ef915437-0141-1000-e000-4c240a0e0115","2017-02-17 00:00:00","依照《农民专业合作社年度报告公示办法》第十条规定被列入经营异常名录的农民专业合作社，可以在补报未报年份的年度报告并公示后，申请移出",广东省江门市蓬江区工商行政管理局,440703NB000002X,440703,440703,梧州市祥泰三贵贡猪生态养殖专业合作社江门分社,"91527e2e-014e-1000-e00c-58910a0e0115440700",广东省江门市蓬江区工商行政管理局,1,"2015-07-20 00:00:00"
1,"未依照《企业信息公示暂行条例》第八条规定的期限公示年度报告的",1,罗福招,-,"597a0c83-013a-1000-e005-6a5c0a070114","2016-07-01 00:00:00","依照《农民专业合作社年度报告公示办法》第十条规定被列入经营异常名录的农民专业合作社，可以在补报未报年份的年度报告并公示后，申请移出",广东省韶关市乐昌市工商行政管理局,440281NB000020X,440281,440281,乐昌市两江镇绿通果菜专业合作社岐乐分社,"8c6728ac-014f-1000-e000-17830a070114440200",广东省韶关市乐昌市工商行政管理局,1,"2015-09-02 00:00:00"
1,"未依照《企业信息公示暂行条例》第八条规定的期限公示年度报告的",-,-,93440101MA59N5CP4C,440122122012017051800131,-,-,-,440122NB000389X,-,440122,广州市从化黄茅甜笋专业合作社鳌头分社,"4A9D71FC-97C4-4AE5-A9A7-999DE635CB9C440100",广州市工商行政管理局从化分局,2,"2018-07-09 00:00:00"
1,"未依照《企业信息公示暂行条例》第八条规定的期限公示年度报告的",-,林良菊,-,"4df2b2b7-0132-1000-e000-924f0a0f0115",-,-,-,441702NB000003X,-,441702,阳江市江城区三洲海霞蔬菜专业合作社裕环分社,"840bb9a9-0164-1000-e000-bcd80a0f0115441700",广东省阳江市江城区工商行政管理局,2,"2018-07-11 00:00:00"
1,"未依照《企业信息公示暂行条例》第八条规定的期限公示年度报告的",-,-,-,440125125012014050700697,-,-,-,440125NB000243X,-,440125,广州市增城石乡农机专业合作社增江分社,"138C7535-4951-4163-8E39-EC748A895FFF440100",广州市工商行政管理局增城分局,2,"2018-07-10 00:00:00"
1,"未依照《企业信息公示暂行条例》第八条规定的期限公示年度报告的",1,卢金晴,-,"73321241-0131-1000-e000-7dc00a080114","2017-06-19 00:00:00","依照《农民专业合作社年度报告公示办法》第十条规定被列入经营异常名录的农民专业合作社，可以在补报未报年份的年度报告并公示后，申请移出",广东省河源市和平县工商行政管理局,441624NB000001X,441624,441624,.和平县金甸农产品超市,"94e1ec59-014e-1000-e004-2ff00a080114441600",广东省河源市和平县工商行政管理局,1,"2015-07-30 00:00:00"
1,"未依照《企业信息公示暂行条例》第八条规定的期限公示年度报告的",-,王鹏,-,"a5fd7902-0134-1000-e000-16620a0e0115",-,-,广东省江门市蓬江区工商行政管理局,440703NB000001X,-,440703,鹤山市养生园蜂业专业合作社蓬江幸福店,"91527e2e-014e-1000-e00c-58930a0e0115440700",广东省江门市蓬江区工商行政管理局,2,"2015-07-20 00:00:00"
1,"未依照《企业信息公示暂行条例》第八条规定的期限公示年度报告的",1,邬志钦,-,"d398e59c-0130-1000-e002-a7b90a090115","2016-12-06 00:00:00","依照《农民专业合作社年度报告公示办法》第十条规定被列入经营异常名录的农民专业合作社，可以在补报未报年份的年度报告并公示后，申请移出",兴宁市工商行政管理局宁新工商所,441481NB000001X,441481,441481,兴宁市阳天种养专业合作社产品展销部,"d4b16664-0155-1000-e006-3e710a090115441400",兴宁市工商行政管理局宁新工商所,1,"2016-07-14 00:00:00"
1,"未依照《企业信息公示暂行条例》第八条规定的期限公示年度报告的",-,陈俐湘,-,"a9091b0b-013e-1000-e002-01530a070114",-,-,韶关市曲江区工商行政管理局,440221NB000001X,-,440221,韶关市曲江区马坝粮食产销专业合作社专卖店,"9426d88e-014e-1000-e002-16710a070114440200",韶关市曲江区工商行政管理局,2,"2015-07-23 00:00:00"
1,"未依照《企业信息公示暂行条例》第八条规定的期限公示年度报告的",1,卢金晴,-,"73321241-0131-1000-e000-7dc00a080114","2017-06-19 00:00:00","依照《农民专业合作社年度报告公示办法》第十条规定被列入经营异常名录的农民专业合作社，可以在补报未报年份的年度报告并公示后，申请移出",广东省河源市和平县工商行政管理局,441624NB000001X,441624,441624,.和平县金甸农产品超市,"da4f3ffe-0155-1000-e001-e9a60a080114441600",广东省河源市和平县工商行政管理局,1,"2016-07-15 00:00:00"
1,"未依照《企业信息公示暂行条例》第八条规定的期限公示年度报告的",-,-,934401016935673836,440122122012009081700070,-,-,-,440122NB000007X,-,440122,广州市从化田心农家乐专业合作社城郊分社,"360197F2-B72D-4976-B39C-25E6A959BA47440100",广州市工商行政管理局从化分局,2,"2018-07-09 00:00:00"
1,"未依照《企业信息公示暂行条例》第八条规定的期限公示年度报告的",-,-,-,440106106012011092700855,-,-,广东省广州市天河区工商行政管理局,440106NB000004X,-,440106,巧家绿色生态核桃种植农民专业合作社广州分社,"D822802E-2FA5-466A-9B33-F8EFECD115E3440100",广东省广州市天河区工商行政管理局,2,"2015-07-14 00:00:00"
3,公示企业信息隐瞒真实情况、弄虚作假的,-,-,-,440106106012009082401501,-,-,广东省广州市天河区工商行政管理局,440106NB000001X,-,440106,通道侗族自治县创整城乡产业服务合作社广州运营中心,"E57B658C-1F10-23E5-C93B-F3A6986C5F84440100",广东省广州市天河区工商行政管理局,2,"2016-03-14 00:00:00"
1,"未依照《企业信息公示暂行条例》第八条规定的期限公示年度报告的",-,宋意坤,-,"d4a7f6bd-0142-1000-e000-1ba20a100115",-,-,广东省湛江市遂溪县工商行政管理局,440823NB000003X,-,440823,遂溪县勇士蔬菜种植专业合作社龙眼分社,"a429980d-0155-1000-e006-2207c0a8de0b440800",广东省湛江市遂溪县工商行政管理局,2,"2016-07-05 00:00:00"
1,"未依照《企业信息公示暂行条例》第八条规定的期限公示年度报告的",-,章万生,-,"53a3698c-0134-1000-e000-2b1e0a080114",-,-,广东省河源市源城区工商行政管理局,441602NB000004X,-,441602,惠州市神农果蔬专业合作社河源分社,"94e1ec59-014e-1000-e003-bc5b0a080114441600",广东省河源市源城区工商行政管理局,2,"2015-07-29 00:00:00"
1,"未依照《企业信息公示暂行条例》第八条规定的期限公示年度报告的",5,张土如,-,"984d019e-014a-1000-e000-b5c70a100115","2017-04-23 00:00:00",农民专业合作社注销，自动移出,广东省湛江市遂溪县工商行政管理局,440823NB000005X,440823,440823,湛江市坡头区恒成种养专业合作社遂溪分社,"a429980d-0155-1000-e006-21e5c0a8de0b440800",广东省湛江市遂溪县工商行政管理局,1,"2016-07-05 00:00:00"
1,"未依照《企业信息公示暂行条例》第八条规定的期限公示年度报告的",-,潘林巧,-,"062a80f9-012d-1000-e000-c92c0a100115",-,-,广东省湛江市遂溪县工商行政管理局,440823NB000001X,-,440823,遂溪县恒昌畜牧养殖专业合作社第一分社,"a429980d-0155-1000-e006-2276c0a8de0b440800",广东省湛江市遂溪县工商行政管理局,2,"2016-07-05 00:00:00"
1,"未依照《企业信息公示暂行条例》第八条规定的期限公示年度报告的",-,林显荣,-,"a11f1088-012f-1000-e001-7c720a0f0115",-,-,广东省阳江市江城区工商行政管理局,441702NB000002X,-,441702,阳江市江城区三洲梅霞蔬菜专业合作社牛圩分社,"bfa92300-0155-1000-e004-cb160a0f0115441700",广东省阳江市江城区工商行政管理局,2,"2016-07-15 00:00:00"
1,"未依照《企业信息公示暂行条例》第八条规定的期限公示年度报告的",-,叶仕炎,-,"9e5d0741-0136-1000-e000-1ee70a080114",-,-,广东省河源市和平县工商行政管理局,441624NB000002X,-,441624,和平县益民食用菌专业合作社农产品商场,"da4f3ffe-0155-1000-e001-e99c0a080114441600",广东省河源市和平县工商行政管理局,2,"2016-07-15 00:00:00"
1,"未依照《企业信息公示暂行条例》第八条规定的期限公示年度报告的",-,甘荣优,-,"6362cc18-0144-1000-e00b-5a2b0a0e0115",-,-,广东省江门市恩平市工商行政管理局,440785NB000001X,-,440785,江门市齐发蔬菜流通专业合作社顶冲分社,"bca5568a-0155-1000-e000-f84d0a0e0115440700",广东省江门市恩平市工商行政管理局,2,"2016-07-06 00:00:00"
1,"未依照《企业信息公示暂行条例》第八条规定的期限公示年度报告的",-,林良菊,-,"4df2b2b7-0132-1000-e000-924f0a0f0115",-,-,广东省阳江市江城区工商行政管理局,441702NB000003X,-,441702,阳江市江城区三洲海霞蔬菜专业合作社裕环分社,"bfa92300-0155-1000-e004-cb170a0f0115441700",广东省阳江市江城区工商行政管理局,2,"2016-07-15 00:00:00"
1,"未依照《企业信息公示暂行条例》第八条规定的期限公示年度报告的",-,宋秋,-,"d4a7f6bd-0142-1000-e000-1a390a100115",-,-,广东省湛江市遂溪县工商行政管理局,440823NB000002X,-,440823,遂溪县勇士蔬菜种植专业合作社老陆分社,"a429980d-0155-1000-e006-2206c0a8de0b440800",广东省湛江市遂溪县工商行政管理局,2,"2016-07-05 00:00:00"
1,"未依照《企业信息公示暂行条例》第八条规定的期限公示年度报告的",-,章万生,-,"53a3698c-0134-1000-e000-2b1e0a080114",-,-,广东省河源市源城区工商行政管理局,441602NB000004X,-,441602,惠州市神农果蔬专业合作社河源分社,"c0627570-0155-1000-e000-f6d90a080114441600",广东省河源市源城区工商行政管理局,2,"2016-07-08 00:00:00"
1,"未依照《企业信息公示暂行条例》第八条规定的期限公示年度报告的",-,刘美华,-,"b7c14a2a-0151-1000-e001-3d0a0a110115",-,-,广东省茂名市茂南区工商行政管理局,440902NB000001X,-,440902,茂名市鑫盛种植专业合作社美华分社,"bfadec38-0155-1000-e000-b3ad0a110115440900",广东省茂名市茂南区工商行政管理局,2,"2016-07-07 00:00:00"
1,"未依照《企业信息公示暂行条例》第八条规定的期限公示年度报告的",5,谭惠芳,-,"6ca8c532-012e-1000-e000-28b40a0f0115","2016-07-10 00:00:00",农民专业合作社注销，自动移出,广东省阳江市阳西县工商行政管理局,441721NB000002X,441721,441721,阳西县东水山生态茶业专业合作社阳西办事处,"bfa92300-0155-1000-e001-8a410a0f0115441700",广东省阳江市阳西县工商行政管理局,1,"2016-07-11 00:00:00"
1,"未依照《企业信息公示暂行条例》第八条规定的期限公示年度报告的",1,卢宇秋,-,"9e149a50-0139-1000-e000-018e0a0c0115","2016-06-28 00:00:00","依照《农民专业合作社年度报告公示办法》第十条规定被列入经营异常名录的农民专业合作社，可以在补报未报年份的年度报告并公示后，申请移出",广东省东莞市工商行政管理局塘厦分局,441900NB000007X,441922,441922,东莞市桂珠蔬菜专业合作社清溪长山头分社,"19fdf3ba-014f-1000-e000-4ae50a0c0115441900",广东省东莞市工商行政管理局塘厦分局,1,"2015-08-11 00:00:00"
1,"未依照《企业信息公示暂行条例》第八条规定的期限公示年度报告的",-,蔡亚水,-,"20d1654a-0138-1000-e001-1ee60a100115",-,-,广东省湛江市廉江市工商行政管理局,440881NB000002X,-,440881,廉江市富农农业专业合作社横埇养殖场,"2b8a9ad7-015d-1000-e001-6a51c0a8de0b440800",广东省湛江市廉江市工商行政管理局,2,"2017-07-11 00:00:00"
1,"未依照《企业信息公示暂行条例》第八条规定的期限公示年度报告的",-,王鹏,-,"a5fd7902-0134-1000-e000-16620a0e0115",-,-,广东省江门市蓬江区工商行政管理局,440703NB000001X,-,440703,鹤山市养生园蜂业专业合作社蓬江幸福店,"bfcf46f3-0155-1000-e00a-17eb0a0e0115440700",广东省江门市蓬江区工商行政管理局,2,"2016-07-13 00:00:00"
1,"未依照《企业信息公示暂行条例》第八条规定的期限公示年度报告的",-,郑利雄,-,"f44c8d7a-0120-1000-e000-9a150a0c0115",-,-,东莞市工商行政管理局塘厦分局,441923NB000001X,-,441923,东莞市桂珠蔬菜专业合作社鹅岭分社,"1a234050-014f-1000-e000-2b3c0a0c0115441900",东莞市工商行政管理局塘厦分局,2,"2015-08-11 00:00:00"
1,"未依照《企业信息公示暂行条例》第八条规定的期限公示年度报告的",-,陈建荣,-,"a53e1fd6-0137-1000-e000-5b020a0e0115",-,-,广东省江门市鹤山市工商行政管理局,440784NB000002X,-,440784,鹤山市天润万禾蔬菜专业合作社平岭店,"353d05a3-015d-1000-e006-80870a0e0115440700",广东省江门市鹤山市工商行政管理局,2,"2017-07-14 00:00:00"
1,"未依照《企业信息公示暂行条例》第八条规定的期限公示年度报告的",-,黄远滔,-,"0fde72e9-013a-1000-e000-673c0a0a0115",-,-,广东省惠州市惠城区工商行政管理局,441302NB000001X,-,441302,惠州市远滔蔬菜基地专业合作社蔬菜配送中心,"edfff5cf-0155-1000-e00e-d5ce0a0a0115441300",广东省惠州市惠城区工商行政管理局,2,"2016-07-21 00:00:00"
1,"未依照《企业信息公示暂行条例》第八条规定的期限公示年度报告的",1,李燕辉,-,"8cff0514-0131-1000-e000-2dca0a0c0115","2017-06-22 00:00:00","依照《农民专业合作社年度报告公示办法》第十条规定被列入经营异常名录的农民专业合作社，可以在补报未报年份的年度报告并公示后，申请移出",广东省东莞市工商行政管理局中堂分局,441900NB000006X,441907,441907,东莞市桂珠蔬菜专业合作社中堂农兴分社,"1a234050-014f-1000-e000-392f0a0c0115441900",广东省东莞市工商行政管理局中堂分局,1,"2015-08-11 00:00:00"
1,"未依照《企业信息公示暂行条例》第八条规定的期限公示年度报告的",-,陈建荣,-,"a53e1fd6-0137-1000-e000-5b020a0e0115",-,-,广东省江门市鹤山市工商行政管理局,440784NB000002X,-,440784,鹤山市天润万禾蔬菜专业合作社平岭店,"ee255fbd-0155-1000-e006-7e170a0e0115440700",广东省江门市鹤山市工商行政管理局,2,"2016-07-21 00:00:00"
1,"未依照《企业信息公示暂行条例》第八条规定的期限公示年度报告的",-,王维生,-,"dbe1a3d2-012e-1000-e003-65460a060115",-,-,佛山市高明区市场监督管理局,440684NB000001X,-,440684,佛山市高明区更合泽河蔬菜专业合作社荷城经营部,"e81eea2e-0155-1000-e002-f5020a060115440600",佛山市高明区市场监督管理局,2,"2016-07-15 00:00:00"
1,"未依照《企业信息公示暂行条例》第八条规定的期限公示年度报告的",-,-,-,440106106012013090600959,-,-,广东省广州市天河区工商行政管理局,440106NB000005X,-,440106,邵东县天帮种植农民专业合作社广州分社,"F223391E-ED9D-4F33-9B3F-5B4F4D770FB8440100",广东省广州市天河区工商行政管理局,2,"2015-07-14 00:00:00"
1,"未依照《企业信息公示暂行条例》第八条规定的期限公示年度报告的",-,钟世堂,-,"c3015c06-013d-1000-e004-44000a090115",-,-,广东省梅州市梅县工商行政管理局,441421NB000002X,-,441421,梅县康泰灵芝专业合作社宝芝园灵芝种植场,"ebef161f-014f-1000-e000-8fde0a090115441400",广东省梅州市梅县工商行政管理局,2,"2015-09-21 00:00:00"
1,"未依照《企业信息公示暂行条例》第八条规定的期限公示年度报告的",1,张雯雯,-,"2a3d37da-0141-1000-e000-76780a060116","2017-05-23 00:00:00","依照《农民专业合作社年度报告公示办法》第十条规定被列入经营异常名录的农民专业合作社，可以在补报未报年份的年度报告并公示后，申请移出",佛山市禅城区市场监督管理局祖庙分局,440602NB000003X,440602,440602,"佛山市三水区大塘镇舜兆蔬菜专业合作社禅城区同济分社","f5e8a381-014e-1000-e001-2adc0a060116440600",佛山市禅城区市场监督管理局祖庙分局,1,"2015-08-10 00:00:00"
1,"未依照《企业信息公示暂行条例》第八条规定的期限公示年度报告的",-,伍宋炎,-,"e5b7e551-0138-1000-e000-1cf30a0e0115",-,-,广东省江门市鹤山市工商行政管理局,440784NB000003X,-,440784,鹤山市天润万禾蔬菜专业合作社蔬菜生产基地,"ee255fbd-0155-1000-e006-7e1a0a0e0115440700",广东省江门市鹤山市工商行政管理局,2,"2016-07-21 00:00:00"
1,"未依照《企业信息公示暂行条例》第八条规定的期限公示年度报告的",-,黄远滔,-,"0fde72e9-013a-1000-e000-673c0a0a0115",-,-,广东省惠州市惠城区工商行政管理局,441302NB000001X,-,441302,惠州市远滔蔬菜基地专业合作社蔬菜配送中心,"f21e0e20-014e-1000-e000-185b0a0a0115441300",广东省惠州市惠城区工商行政管理局,2,"2015-08-03 00:00:00"
1,"未依照《企业信息公示暂行条例》第八条规定的期限公示年度报告的",-,余海青,-,"752bfa63-0138-1000-e010-764e0a070114",-,-,广东省韶关市新丰县工商行政管理局,440233NB000003X,-,440233,新丰县新豪蕉芋农民专业合作社马头分社,"9c0f8b71-0155-1000-e001-92610a070114440200",广东省韶关市新丰县工商行政管理局,2,"2016-07-04 00:00:00"
1,"未依照《企业信息公示暂行条例》第八条规定的期限公示年度报告的",-,叶仕炎,-,"9e5d0741-0136-1000-e000-1ee70a080114",-,-,广东省河源市和平县工商行政管理局,441624NB000002X,-,441624,和平县益民食用菌专业合作社农产品商场,"94e1ec59-014e-1000-e004-301b0a080114441600",广东省河源市和平县工商行政管理局,2,"2015-07-30 00:00:00"
1,"未依照《企业信息公示暂行条例》第八条规定的期限公示年度报告的",-,熊亮华,-,"44300ce6-0141-1000-e009-2a0b0a090115",-,-,梅州市工商行政管理局梅江分局大坜工商所,441402NB000003X,-,441402,梅州市梅江区润盛种养农民专业合作社平价门市,"fb63009f-0155-1000-e000-8e4f0a090115441400",梅州市工商行政管理局梅江分局大坜工商所,2,"2016-07-18 00:00:00"
1,"未依照《企业信息公示暂行条例》第八条规定的期限公示年度报告的",-,-,-,440106106012009082401501,-,-,广东省广州市天河区工商行政管理局,440106NB000001X,-,440106,通道侗族自治县创整城乡产业服务合作社广州运营中心,"96F6E7C3-18FB-46E4-941C-BD6281BB4854440100",广东省广州市天河区工商行政管理局,2,"2015-07-14 00:00:00"
