"名称","记者姓名","办公地址","机构成立时间"
"日本经济新闻社Nihon Keizai Shimbun","中村裕Yu Nakamura","广州天河北路中信广场3511室","1998年3月"
"新加坡《联合早报》Lianhe Zaobao","沈泽玮Sim Tzewei","广州环市东路好世界广场","2000年10月"
"日本广播协会 NHK","马场健夫（Takeo Baba）；松田智树（Tomoki Matsuda）","广州环市东路花园酒店花园大厦","2004年5月"
"日本朝日新闻 Asahi Shimbun","益满雄一郎Yuichiro Masumitsu","广州天河北路中信广场 ","2004年10月"
"英国路透社Reuters ","王晋杰James Michael Pomfret","广州天河路天河城大厦","2006年5月"
"日本共同通讯社Kyodo News","花田仁美Hitomi Sakaguchi","广州环市东路花园酒店花园大厦","2009年7月"
"日本《读卖新闻》Yomiuri Shimbun","幸内康Kouchi Yasushi","广州市天河区林和西路9号耀中广场","2012年1月"
"波兰通讯社Poland Press","白安杰Borowiak Andrzej","广州市天河区珠江新城兴民路","2012年6月"
"塞尔维亚STATUS杂志社Serbia STATUS Magazine","艾莱克斯Aleksandar Plavevski","佛山市南海区建设大道1号金沙州中海金沙湾 ","2013年11月"
"美国国家事务出版公司Bureau of National Affairs","司马天Michael Standaert","深圳市福田区深南路与彩田路交汇处东方新天地广场","2010年4月"
"英国《每日电讯报》Daily Telegraph","暂无","","2015年10月"
