F3070221200039_000082005,F3070221200039_000082004,F3070221200039_000082001,F3070221200039_000082003,F3070221200039_000082002
"8580696.000000000000000000000000000000",郑建明,高要金利博爱医院,"高要区金利镇金龙大道59#",一级综合医院
"2826886.000000000000000000000000000000",凌金林,广东民生眼科医院,端州区西江北路东侧（47）区东二商业楼A幢,二级专科医院
"2589333.000000000000000000000000000000",刘远明,肇庆中大口腔医院,端州区端州六路7号,二级专科医院
"5863888.000000000000000000000000000000",李培旭,怀集县长城医院,怀集县怀城镇河南路燕都广场南侧,一级综合医院
"2899555.000000000000000000000000000000",游福本,肇庆西江医院,端州区西江北路37号,一级综合医院
"2224783.000000000000000000000000000000","卢  琼",肇庆民和医院,端州区豪居路61、63、54号,一级综合医院
"3636677.000000000000000000000000000000",游国雄,高新区华侨医院,肇庆高新区宝信南商业街二期二幢,一级综合医院
"2739790.000000000000000000000000000000",顾仕风,肇庆新东医院,端州区东岗西路东侧B幢商业楼,一级综合医院
"6195673.000000000000000000000000000000",陈剑锋,肇庆市亿康经济发展有限公司肇庆妇产医院,端州区端州二路6号综合楼A楼,一级专科医院
"8593616.000000000000000000000000000000",曹万斌,高要金利吉大医院,高要区金利镇新中心城区金盛大道,一级综合医院
"2722273.000000000000000000000000000000",伍彩婵,肇庆市博爱医院,端州区康乐北路康乐花园5幢E1区,一级中西医结合医院
"3288898.000000000000000000000000000000",王金铸,四会都市妇科医院,四会市四会大道中一座,一级专科医院
"3639302.000000000000000000000000000000","赖  潭",高新区人民医院,肇庆高新区建设路,二级综合医院
"8618283.000000000000000000000000000000",罗庭才,广宁安定医院,广宁县南街镇本策村委会企山村,二级专科医院
"8996666.000000000000000000000000000000",陈晓亮,高新区新时代专科医院,肇庆高新区农场路雄志大厦,一级专科医院
"2778353.000000000000000000000000000000",刘长青,肇庆仁爱手外科医院,端州区端州大道大冲广场,一级综合医院
"8580120.000000000000000000000000000000",谢仲良,高要金利仁慈手外科医院,高要区金利镇金利大道3号,一级专科医院
"6989666.000000000000000000000000000000","肖  锋",肇庆爱尔眼科医院,端州区建设二路30号,二级专科医院
"2795119.000000000000000000000000000000","莫  珩",肇庆红星骨科医院,端州区建设二路16号,一级专科医院
"2758888.000000000000000000000000000000",林金建,肇庆现代男科医院,端州区二塔路中段,一级专科医院
"2861933.000000000000000000000000000000",陆汉荣,肇庆泓强康复医院,端州区建设二路84号,一级专科医院
"3363293.000000000000000000000000000000",王健松,四会万隆医院,四会市城中街道朝阳路6号,二级甲等
"3363293.000000000000000000000000000000",王健松,四会万隆医院,四会市城中街道朝阳路6号,综合医院
"2259999.000000000000000000000000000000",贺全星,肇庆英博生殖泌尿专科医院,端州区前进北路1号,一级专科医院
"2170363.000000000000000000000000000000",仰早旭,肇庆华美整形美容医院,端州区端州六路8号,未定级医院
"3338903.000000000000000000000000000000",黄国斌,四会雅博口腔医院,四会市东城街道贵华路12号,二级专科医院
