"序号","协议国","互免签证的证件","备     注"
"1. ","阿尔巴尼亚","外交、公务护照","1956年8月25日生效"
"2. ","阿尔及利亚","外交、公务护照","每180天最多停留90天（2019年3月13日生效）"
"3. ","阿富汗","外交护照","2015年7月16日生效"
"4. ","阿曼","外交、公务护照","2010年4月16日生效"
"5. ","阿根廷","外交、公务、公务普通护照","1993年8月14日D&S生效,2018年11月1日P生效(最长停留30天）"
"6. ","阿塞拜疆","外交、公务、公务普通护照","1994年2月10日生效"
"7. ","阿联酋","外交、公务、公务普通护照","（30日内免签）2012年3月21日D生效;2016年1月11日S&P生效"
"8. ","埃及","外交、公务护照","2007年1月27日生效;公务普通护照在符合一定条件下可以办理落地签"
"9. ","埃塞俄比亚","外交、公务、公务普通护照","入境之日起不超过30天（2015年12月7日生效）"
"10. ","爱尔兰","外交护照","90日内免签(2015年9月23日起生效)"
"11. ","爱沙尼亚","外交护照","每180天最多停留90天（2017年1月1日生效）★3"
"12. ","安哥拉","外交、公务护照","2015年4月11日生效"
"13. ","安提瓜和巴布达","外交、公务、公务普通护照","30日内免签"
"14. ","奥地利","外交护照","每180天最多停留90天（2017年1月1日生效）★3"
"15. ","白俄罗斯","外交、公务、公务普通护照","30日内免签(1993年3月1日D&S生效，2017年5月23日P生效)"
"16. ","巴西","外交、公务护照","2004年8月10日生效"
"17. ","巴巴多斯","外交、公务、公务普通护照","2014年8月2日生效"
"18. ","巴哈马","外交、公务、公务普通护照","（停留30日以上人员，需事先办妥签证）2014年2月12日生效"
"19. ","巴林","外交、公务、公务普通护照","不超过90天（2018年10月25日生效）"
"20. ","巴拿马","外交、公务、公务普通护照  ","2017年10月28日生效"
"21. ","巴基斯坦","外交、公务、公务普通护照","1987年8月16日D&S生效；1988年4月30日P生效"
"22. ","保加利亚","外交、公务护照","2012年4月4日生效★3"
"23. ","贝宁","外交、公务、公务普通护照","1993年11月6日生效"
"24. ","比利时","外交护照","每180天最多停留90天（2017年1月1日生效）★3"
"25. ","冰岛","外交护照","2017年6月1日生效"
"26. ","博茨瓦纳","外交、公务、公务普通护照","入境之日起不超过30天（2018年12月22日生效）"
"27. ","波黑","外交、公务、公务普通护照","2017年10月4日生效"
"28. ","波兰","外交、公务护照","1992年7月27日生效★3"
"29. ","玻利维亚","外交、公务、公务普通护照","1987年11月15日D&S生效；2008年1月18日P生效"
"30. ","布基纳法索","外交、公务、公务普通护照","入境之日起不超过90天（2018年11月18日生效）"
"31. ","布隆迪","外交、公务、公务普通护照","2014年11月25日生效"
"32. ","朝鲜","外交、公务、公务普通护照","1956年10月1日D&S生效；1965年1月1日P生效"
"33. ","赤道几内亚","外交、公务、公务普通护照","2006年1月1日D&S生效；2017年8月6日P生效"
"34. ","丹麦","外交护照","每180天最多停留90天（2017年1月1日生效）★3"
"35. ","德国","外交护照","每180天最多停留90天（2017年1月1日生效）★3"
"36. ","东帝汶","外交、公务、公务普通护照","2015年6月24日生效"
"37. ","多哥","外交、公务、公务普通护照","不超过30天（2015年5月7日生效）"
"38. ","多米尼克","外交、公务、公务普通护照","2014年3月29日生效"
"39. ","俄罗斯","外交、公务护照","入境、过境停留不超过30天（2014年4月26日生效）"
"40. ","厄瓜多尔","外交、公务、公务普通护照","1987年7月11日D&S生效；1988年12月25日P生效（超过30天入境后到厄外交部移民局办理居留手续）"
"41. ","厄立特里亚","外交、公务、公务普通护照","2015年4月15日生效"
"42. ","法国","外交护照","每180天最多停留90天（2017年1月1日生效）★3"
"43. ","斐济","外交、公务、公务普通护照","入境之日起不超过30天（2015年3月14日生效）"
"44. ","菲律宾","外交、公务护照","（限临时访问人员）2005年2月28日生效"
"45. ","芬兰","外交护照","每180天最多停留90天（2017年1月1日生效）★3"
"46. ","佛得角","外交、公务护照","2015年7月11日生效"
"47. ","冈比亚","外交、公务、公务普通护照","入境之日起不超过30天（2018年6月10日生效）"
"48. ","刚果（布）","外交、公务、公务普通护照","2014年8月7日生效"
"49. ","格鲁吉亚","外交、公务、公务普通护照","1994年2月3日生效"
"50. ","格林纳达","外交、公务、公务普通护照","2010年1月17日D&S生效；2015年6月10日P生效（如需停留超过30天，或以学习、工作、从事新闻报道等目的赴格须事先申请相应种类的签证）"
"51. ","哥伦比亚","外交、公务护照","1987年11月14日D生效；1991年11月14日S生效"
"52. ","哥斯达黎加","外交、公务、公务普通护照","入境之日起不超过30天（2008年1月15日D&S生效；2016年12月13日P生效）"
"53. ","古巴","外交、公务、公务普通护照","1988年12月23日生效"
"54. ","圭亚那","外交、公务、公务普通护照","1998年8月19日生效"
"55. ","哈萨克斯坦","外交、公务护照","1994年2月1日生效"
"56. ","黑山","外交、公务护照","2013年3月1日生效★1"
"57. ","韩国","外交、公务护照","2013年8月10日D生效；2014年12月25日S生效"
"58. ","荷兰","外交护照","每180天最多停留90天（2017年1月1日生效）★3"
"59. ","吉布提","外交、公务、公务普通护照","2014年12月4日生效"
"60. ","吉尔吉斯斯坦","外交、公务护照","2003年6月14日生效"
"61. ","几内亚","外交、公务、公务普通护照","入境之日起不超过30天（2017年9月16日生效）"
"62. ","加纳","外交、公务护照","入境之日起不超过90天（2017年3月28日生效）中央政府副部长级及以上职位的官员和军队少将级及以上军衔的军官，因公前往加纳之前，应当通过外交途径征得加方同意或报加方相应主管部门。"
"63. ","加蓬","外交、公务、公务普通护照","入境之日起不超过30天（2016年2月5日生效）"
"64. ","柬埔寨","外交、公务护照","2006年9月14日生效;公务普通护照可办落地签"
"65. ","捷克","外交护照","每180天最多停留90天（2017年1月1日生效）★3"
"66. ","津巴布韦","外交、公务护照","2014年11月12日生效"
"67. ","喀麦隆","外交、公务护照","入境之日起不超过30天（2017年8月12日生效）"
"68. ","卡塔尔","外交、公务、公务普通护照","入境之日起不超过30天（2018年12月21日生效）"
"69. ","科摩罗","外交、公务、公务普通护照","入境之日起不超过30天（2016年2月26日生效）"
"70. ","科特迪瓦","外交、公务、公务普通护照","入境之日起不超过30天（2015年12月19日生效）"
"71. ","科威特","外交、公务、公务普通护照","2014年10月17日生效"
"72. ","克罗地亚","外交、公务护照","1995年4月9日生效★3"
"73. ","肯尼亚","外交、公务护照","2014年8月17日生效"
"74. ","拉脱维亚","外交护照","每180天最多停留90天（2017年1月1日生效）★3"
"75. ","莱索托","外交、公务护照","入境之日起不超过30天（2016年8月24日生效）"
"76. ","老挝","外交、公务、公务普通护照","1989年11月6日生效"
"77. ","利比里亚","外交护照","2016年2月10日生效"
"78. ","立陶宛","外交、公务护照","1992年9月14日生效★3"
"79. ","卢森堡","外交护照","每180天最多停留90天（2017年1月1日生效）★3"
"80. ","卢旺达","外交、公务、公务普通护照","入境之日起不超过90天（2018年12月23日生效）"
"81. ","罗马尼亚","外交、公务护照","1981年9月16日生效★3"
"82. ","洪都拉斯","外交、公务、公务普通护照","单方面免签"
"83. ","海地","外交、公务、公务普通护照","单方面免签"
"84. ","马其顿","外交、公务、公务普通护照","1994年7月19日生效★1"
"85. ","马尔代夫","外交、公务护照","1984年11月27日生效;公务普通30天内可以办理落地签"
"86. ","马耳他","外交、公务护照","2008年3月6日生效★3"
"87. ","马来西亚","外交、公务护照","（30日内免签）2011年5月18日生效;公务普通继续免签（自2018.1.1起）"
"88. ","马里","外交、公务、公务普通护照","2015年5月9日生效(90日内免签，如在缔约另一国内从事工作、学习、定居、新闻报道等须缔约国另一主管部门事先批准的活动，需申请签证)"
"89. ","毛里求斯","外交、公务、公务普通护照","2013年10月31日生效(免签停留天数从30天延长至60天,2017.6.14起生效）"
"90. ","毛里塔尼亚","外交、公务、公务普通护照","入境之日起不超过30天（2017年5月15日生效）中央政府副部长级及以上职位的官员和军队少将级及以上军衔的军官，因公前往毛里塔尼亚之前，应当通过外交途径征得毛方同意或报毛方相应主管部门。"
"91. ","莫桑比克","外交、公务护照","入境之日起不超过30天（2016年5月14日生效）"
"92. ","尼日尔","外交、公务、公务普通护照","入境之日起不超过30天（2018年12月15日生效）"
"93. ","尼日利亚","外交、公务、公务普通护照","（30日内免签）2014年2月1日生效"
"94. ","蒙古","外交、公务、公务普通护照","1989年4月30日生效"
"95. ","孟加拉","外交、公务、公务普通护照","1989年12月18日生效"
"96. ","缅甸","外交、公务护照","1998年3月5日生效"
"97. ","南非","外交、公务护照","2010年11月27日D生效；2016年3月1日S生效（入境之日起不超过30天）"
"98. ","南苏丹","外交、公务、公务普通护照","入境之日起不超过30天（2019年3月28日生效）"
"99. ","秘鲁","外交、公务护照","2004年5月12日生效"
"100. ","墨西哥","外交、公务护照","1998年1月1日生效"
"101. ","摩尔多瓦","外交、公务、公务普通护照","1993年1月1日生效"
"102. ","摩洛哥","外交、公务、公务普通护照","2014年3月6日D&S生效；2016年6月9日P生效（入境之日起不超过60天）"
"103. ","尼泊尔","外交、公务护照","2006年10月16日生效"
"104. ","挪威","外交护照","每180天最多停留90天（2018年6月18日生效）"
"105. ","葡萄牙","外交护照","每180天最多停留90天（2017年1月1日生效）★3"
"106. ","瑞典","外交护照","每180天最多停留90天（2017年1月1日生效）★3"
"107. ","瑞士","外交护照","90日内免签（2016年1月29日起生效）"
"108. ","塞拉利昂","外交、公务、公务普通护照","入境之日起不超过30天（2018年12月24日生效）"
"109. ","塞浦路斯","外交、公务护照","1991年10月2日生效★3"
"110. ","塞尔维亚","外交、公务、公务普通护照","1980年1月9日生效★1"
"111. ","塞舌尔","外交、公务、公务普通护照","2013年6月26日生效（停留时间不超过30天。如是赴塞舌尔学习、工作、定居、从事媒体活动或经缔约双方认可的其他活动，应当在入境塞舌尔前申请签证。）"
"112. ","圣多美和普林西比","外交、公务、公务普通护照","入境之日起不超过30天（2018年2月3日生效）"
"113. ","圣马力诺","外交、公务护照","1985年7月22日生效（需申办意大利的过境签证，申办过境签证时须提供圣方邀请信。）"
"114. ","斯洛伐克","外交、公务护照","1956年6月1日生效★2★3"
"115. ","斯洛文尼亚","外交、公务护照","1994年7月1日生效★3"
"116. ","斯里兰卡","外交、公务、公务普通护照","2013年4月18日生效（赴斯常驻中方人员需在赴斯前办理好入境签证。抵斯后，再到相关部门办理居留签证）"
"117. ","苏丹","外交、公务护照","1995年10月26日生效"
"118. ","萨摩亚","外交、公务、公务普通护照","2011年2月18日生效"
"119. ","塔吉克斯坦","外交、公务、公务普通护照","1993年6月1日生效"
"120. ","泰国","外交、公务护照","2003年10月18日生效"
"121. ","坦桑尼亚","外交、公务护照","2005年7月11日生效"
"122. ","特立尼达和多巴哥","外交、公务护照","2006年11月23日生效"
"123. ","突尼斯","外交、公务护照","2006年9月29日生效"
"124. ","土耳其","外交、公务、公务普通护照","1989年12月24日生效（停留时间180天内不超过90天，对免签时限和签证有效期不足90天者，如有需要，可在土境内申请延期。）"
"125. ","土库曼斯坦","外交、公务、公务普通护照","1993年2月1日生效"
"126. ","汤加","外交、公务、公务普通护照","2012年11月10日生效"
"127. ","委内瑞拉","外交、公务、公务普通护照","2014年1月8日生效"
"128. ","文莱","外交、公务护照","2005年6月18日生效"
"129. ","乌克兰","外交、公务护照和海员证","2002年3月31日生效；2019.1.1起停止公务普通护照办理落地签"
"130. ","乌兹别克斯坦","外交护照","2010年7月9日生效"
"131. ","乌拉圭","外交、公务、公务普通护照","入境之日起不超过90天（2017年1月7日生效）"
"132. ","西班牙","外交护照","每180天最多停留90天（2017年1月1日生效）★3"
"133. ","希腊","外交护照","每180天最多停留90天（2017年1月1日生效）★3"
"134. ","新加坡","外交、公务、公务普通护照","（30天内免签）2011年4月17日生效"
"135. ","匈牙利","外交、公务护照","1992年5月28日生效★3"
"136. ","牙买加","外交、公务护照","1995年6月8日生效"
"137. ","亚美尼亚","外交、公务、公务普通护照","1994年8月3日生效"
"138. ","英国","外交护照","2007年10月25日生效"
"139. ","意大利","外交护照","每180天最多停留90天（2017年1月1日生效）★3"
"140. ","伊拉克","外交护照","30日内免签（2016年11月2日起生效）"
"141. ","伊朗","外交、公务护照","1989年7月12日生效"
"142. ","以色列","外交、公务护照","90日内免签（2016年1月17日起生效）"
"143. ","印尼","外交、公务护照","2005年11月14日生效；公务普通护照可办落地签"
"144. ","约旦","外交、公务护照","1993年3月11日生效"
"145. ","越南","外交、公务、公务普通护照","1992年3月15日生效"
"146. ","智利","外交、公务护照","1986年5月7日生效"
"147. ","塞内加尔","外交、公务、公务普通护照","2014年5月3日生效"
"148. ","苏里南","外交、公务护照","2014年5月6日生效（入境、过境免签，停留30日内）"
"149. ","库克群岛","持有半年有效期超过半年，停留不超过31天，可凭护照和离库机票免签入境库克群岛，入境时移民官发“入境许可”","停留不超过31天，可免签入境"
"★1目前适用中国与前南斯拉夫社会主义联邦共和国有关协议。","","",""
"★2目前适用中国与前捷克斯洛伐克共和国有关协议。","","",""
"★3适用《中国与欧盟关于互免持外交护照人员短期停留签证的协定》。","","",""
"*保加利亚于1999年取消了其公务普通护照。目前，我持外交、公务护照人员赴保可免签，但持公务普通护照人员需办理签证。","","",""
"*根据2007年10月25日生效的《中英关于便利人员合法往来和打击非法移民活动谅解备忘录》之《实施细则》，双方给予所有持外交护照和部分持公务护照人员免签待遇","","",""
"*免签入境并不等于可无限期在协定国停留或居住，根据协定要求，持有关护照免签入境后，一般只允许停留不超过30日。持照人如需停留30日以上，按要求应尽快在当地申请办理居留手续。","","",""
