F3070220000027_400000007,F3070220000027_400000006,F3070220000027_400000009,F3070220000027_400000003,F3070220000027_400000002,F3070220000027_400000005,F3070220000027_400000004
"佛山市岭南大道南2号（东平大桥南段东侧）中欧中心D栋2层220、222、223室",528000,http//www.fszc.gov.cn,胡宗仁,佛山仲裁委员会,0757-83126110,0757-82207990
惠州市长寿路23号,516001,http//zcw.huizhou.gov.cn,古兆嵩,惠州仲裁委员会,0752-2696860,0752-2696862
韶关市风度北路51号,512000,-,赖勇平,韶关仲裁委员会,0751-8884360,0751-8884360
肇庆市城中路122号,526040,http://www.zqzcwyh.com,邓燕才,肇庆仲裁委员会,0758-2238381,0758-2277227
汕尾市城区腾飞路司法大楼,516600,-,李世华,汕尾仲裁委员会,0660-3361067,0660-3360302
湛江市经济技术开发区乐山路35号银隆广场27层,524022,http://www.zjac.org,伍科富,湛江仲裁委员会（湛江国际仲裁院）,0759-2755365,0759-2755365、3398155
广州市沿江中路298号江湾大酒店C座12-13楼,510100,http://www.gzac.org,王小莉,"中国广州仲裁委员会（中国广州国际仲裁院）
（下设东莞分会、中山分会）",020-83287761,020-83282657
汕头市龙湖区迎宾路9号1、4、5楼,515041,"http://stzc.shantou.gov.cn/",林伟标,汕头仲裁委员会,0754-88363136,0754-88363148
"深圳市罗湖区笋岗东路3012号中民时代广场A座1楼，B座13-15楼",518029,http://www.szac.org,宋魏生,深圳仲裁委员会,0755-23831511,0755-25831662
清远市北江二路嘉富苑首层,511518,-,孔炳雄,清远仲裁委员会,0763-3866645,0763-3362203、3365126
阳江市江城区安宁路139号二层,529500,-,李宗想,阳江仲裁委员会,-,-
"中国深圳市福田区彩田路5015号中银大厦B座19层",518000,http://www.scia.com.cn,刘晓春,华南国际经济贸易仲裁委员会（深圳国际仲裁院）,0755-82468591,0755-83501700
珠海市香洲双竹街70号,519000,http://www.zhac.org.cn,高树林,珠海仲裁委员会,0756-2290183,0756-2296318
梅州市江南梅江三路85号,514023,-,谢又新,梅州仲裁委员会,0753-2308030,0753-2308030
江门市堤东路11号103,529000,-,陈学敏,江门仲裁委员会,0750-3270070,0750-3270079
