"序号","中方缔结方","外方友好组织","国别","友好组织备忘录中方签字人","友好组织备忘录外方签字人","签字地点"," 签字时间"
"87","省友协","密克罗尼西亚中国友好协会Micronesia-ChinaFriendshipAssociation","密克罗尼西亚Micronesia","广东省人民对外友好协会会长陈秋彦","密克罗尼西亚中国友好协会会长JohnR.Haglelgam","密克罗尼西亚","2018年7月19日"
"86","省友协","马来西亚-广东投资促进总商会Malaysia-GuangdongChamberofInvestmentPromotion","马来西亚Malaysia","广东省人民对外友好协会会长陈秋彦","马来西亚-广东投资促进总商会会长林福山","吉隆坡","2018年3月8日"
"85","省友协","马来西亚一带一路总商会PersatuanMuafakatOneBeltOneRoad","马来西亚Malaysia","广东省人民对外友好协会会长陈秋彦","马来西亚一带一路总商会主席AmbassadorDatukIskandarSarudin","吉隆坡","2018年3月6日"
"84","省友协","尼日利亚中国友好协会Nigeria-ChinaFriendshipAssociation","尼日利亚Nigeria","广东省人民对外友好协会副会长欧阳江旋","尼日利亚－中国友好协会监事长AdegboyegaChristopherAriyo","尼日利亚","2017年9月6日"
"83","省友协","伊朗中国友好协会Iran-ChinaFriendshipAssociation","伊朗Iran","广东省人民对外友好协会副会长欧阳江旋","伊朗－中国友好协会会长AhadMohammadi","德黑兰","2017年4月23日"
"82","省友协","阿曼中国友好协会Oman-ChinaFriendshipAssociation","阿曼苏丹国Oman","广东省人民对外友好协会副会长欧阳江旋","阿曼－中国友好协会秘书长Dr.KhalidBinSalimAl-Saidi","马斯喀特","2017年4月18日"
"81","省友协","摩洛哥摩中友谊和交流协会Morocco-ChinaFriendshipandExchangeAssociation","摩洛哥Morocco","广东省人民对外友好协会副会长李政华","摩洛哥摩中友谊和交流协会主席Dr.MohamedKhalil","卡萨布兰卡","2016年12月12日"
"80","省友协","突尼斯－中国友好协会Tunisia-ChinaFriendshipAssociation","突尼斯Tunisia","广东省人民对外友好协会副会长李政华","突尼斯－中国友好协会主席Dr.EzzeddineJEBALI","突尼斯城","2016年12月9日"
"79","省友协","埃及沙拉夫基金会SharafFoundation","埃及Egypt","广东省人民对外友好协会副会长李政华","埃及沙拉夫基金会副主席Dr.AhmedTaymour","开罗","2016年12月6日"
"78","省友协","塞舌尔中国友好协会SeychellesChinaFriendshipAssociation","塞舌尔Seychelles","广东省人民对外友好协会副会长苏才芳","塞舌尔中国友好协会会长廖俊侨","广州","2016年10月18日"
"77","省友协","蒙古和平友好组织","蒙古Mongolia","广东省人民对外友好协会会长傅朗","蒙古和平友好组织主席德·扎格德扎布","乌兰巴托","2016年6月16日"
"76","省友协","乌兹别克斯坦对外友好和文化教育交流协会","乌兹别克斯坦Uzbekistan","广东省人民对外友好协会会长傅朗","乌兹别克斯坦对外友好和文化教育交流协会会长霍德日玛托夫","","2016年6月10日"
"75","省友协","尼泊尔中国文化教育协会NepalChinaCulturalandEducationalCouncil","尼泊尔Nepal","广东省人民对外友好协会会长傅朗","尼中文教协会主席哈利仕","加德满都","2016年1月13日"
"74","省友协","菲律宾菲华商联总会FederationofPhilippine-ChineseChambersofCommerce&Industry,Inc.","菲律宾Philippine","广东省人民对外友好协会会长傅朗","菲律宾菲华商联总会理事长张昭和","马尼拉","2016年1月7日"
"73","省友协","巴中工商总会BrazilChinaChamber","巴西Brazil","广东省人民对外友好协会副会长苏才芳","巴中工商总会副会长乌塔","里约热内卢","2015年11月25日"
"72","省友协","美华友好协会USSinoFriendshipAssociation","美国USA","广东省人民对外友好协会副会长苏才芳","美华友好协会会长冯振发","洛杉矶","2015年11月20日"
"71","省友协","汤加中国友好协会TongaChinaFriendshipAssociation","汤加Tonga","广东省人民对外友好协会副会长欧阳江旋","汤加中国友好协会会长皮洛莱乌公主","努库阿洛法","2015年11月27日"
"70","省友协","纽埃中国友好协会NiueChinaFriendshipAssociationIncorporated","纽埃Niue","广东省人民对外友好协会会长傅朗","纽埃中国友好协会会长薇薇安·杨","纽埃","2015年10月15日"
"69","省友协","秘鲁秘中友谊基金会","秘鲁Peru","广东省人民对外友好协会会长傅朗","秘中友谊基金会会长罗兆雄","利马市","2015年8月21日"
"68","省友协","乌拉圭-中国文化交流中心","乌拉圭Uruguay","广东省人民对外友好协会会长傅朗","乌拉圭-中国文化交流中心主席艾丽西亚·奥布莱贡","蒙得维的亚","2015年8月16日"
"67","省友协","克罗地亚克中友好协会TheCroatia-ChinaFriendshipSocietyofCroatia","克罗地亚Croatia","广东省人民对外友好协会会长傅朗","克中友好协会会长卡拉菲利波维奇","","2015年4月"
"66","省友协","哥斯达黎加对中国友好协会AsociacionCostarricenseDeLaAmistedConChina","哥斯达黎加CostaRica","广东省人民对外友好协会常务理事余卫华","哥斯达黎加对中国友好协会副会长卡洛斯·帕尔马","哥斯达黎加","2015年4月17日"
"65","省友协","黑山中国友好协会AssociationofFriendshipofthePeople'sRepublicofChinaandMontenegro","黑山Montenegro","广东省人民对外友好协会会长傅朗","黑山中国友好协会会长萨米尔·哈奇克","黑山","2015年4月17日"
"64","省友协","埃塞俄比亚人民院埃中友好小组Ethio-ChinaParliamentaryFriendshipGroup,HouseofPeoples'RepresentativesofFDRE","埃塞俄比亚Ethiopia","广东省人民对外友好协会副会长李政华","埃塞人民院埃中友好小组副主席Hon.Mrs.WorkieAssefaMengistu","亚的斯亚贝巴","2015年3月31日"
"63","省友协","孟中文化经济民众通讯中心Bangladesh-ChinaCultural,Economic&MassCommunicationcenter","孟加拉国Bangladesh","广东省人民对外友好协会会长傅朗","孟中文化经济民众通讯中心会长AirViceMarshal(Retd)AltafHossainChoudhury","达卡","2014年10月14日"
"62","省友协","马达加斯加中国友好协会MadagascarChinaFriendshipAssociation","马达加斯加Madagascar","广东省人民对外友好协会副会长李坚","马达加斯加中国友好协会会长RabarijohnLucien","马达加斯加","2014年9月18日"
"61","省友协","澳大利亚中国友好交流协会AustraliaChinaFriendshipandExchangeAssociation","澳大利亚Australia","广东省人民对外友好协会副会长张卫东","澳中友好交流协会副会长迈克尔·哈金斯（MichaelHarkins）","布里斯班","2014年7月23日"
"60","省友协","危地马拉中国友好协会AsociacionDeAmistadDelPuebloChina-Guatemala","危地马拉Guatemala","广东省人民对外友好协会会长傅朗","危地马拉中国友好协会会长ASACHI-GUA","危地马拉城","2014年8月4日"
"59","省友协","巴拿马华商总会FundacionGeneralDeEmpresariosChinosEnPanama","巴拿马Panama","广东省人民对外友好协会会长傅朗","巴拿马华商总会会长黄伟文","巴拿马城","2014年7月31日"
"58","省友协","巴拿马中国友好协会AsociacionPanamenaDeAmistadConChina","巴拿马Panama","广东省人民对外友好协会会长傅朗","巴拿马中国友好协会主席","巴拿马城","2014年7月31日"
"57","省友协","捷中友好合作协会","捷克Czech","广东省人民对外友好协会会长傅朗","捷中友好合作协会主席杨·比尔凯","布拉格","2014年5月23日"
"56","省友协","罗马尼亚普拉霍瓦县（省）工商会ChamberofCommerceandIndustryPrahova","罗马尼亚Romania","广东省人民对外友好协会会长傅朗","普拉霍瓦县（省）工商会主席奥利里恩·哥古列斯库","普拉霍瓦县","2014年5月21日"
"55","省友协","印度中国友好协会（卡纳塔卡）India-ChinaFriendshipAssociation(Kanartaka)","印度India","广东省人民对外友好协会常务理事余卫华","印度中国友好协会秘书长（卡纳塔卡）BhaskaranValiyara","班加罗尔","2013年10月21日"
"54","省友协","斯里兰卡中国协会SriLanka-ChinaSociety","斯里兰卡SriLanka","广东省人民对外友好协会常务理事余卫华","斯中协会主席AmaradasaGunawardena","科伦坡","2013年10月16日"
"53","省友协","哥伦比亚全国各省联合会Columbia-Chinafriendshipassociation","哥伦比亚Columbia","广东省人民对外友好协会会长傅朗","哥伦比亚全国各省联合会执行主任赫尔曼·奇卡·希拉尔多","哥伦比亚","2013年8月10日"
"52","省友协","肯尼亚中国友好协会Kenya-Chinafriendshipassociation","肯尼亚Kenya","广东省人民对外友好协会常务理事丁华","肯尼亚-中国友好协会会长MichealMounyao","内罗毕","2013年7月10日"
"51","省友协","南非中国人民友好协会SA-Chinapeople’sfriendshipassociation","南非SouthAfrica","广东省人民对外友好协会常务理事丁华","南非-中国人民友好协会执行会长CaoXingzhi","约翰内斯堡","2013年7月4日"
"50","省友协","智中友好基金会Chile-ChinafriendshipfoundationrepublicofChile","智利Chile","广东省人民对外友协副会长 王世彤","智中友好基金会主席QuanEstebanMusalem","","2012年12月19日"
"49","省友协","巴西中国经济贸易促进会Brazil-Chinaeconomictradepromotionassociation","巴西Brazil","广东省人民对外友协副会长王世彤","巴西中国经济贸易促进会王万瑞","","2012年12月13日"
"48","省友协","老挝中国友好协会Lao-Chinesefriendshipassociation","老挝Laos","广东省友协会长傅朗","老挝中国友好协会副会长LitouBouapao","广州市","2012年11月27日"
"47","省友协","瓦努阿图中国友好协会VanuatuChinafriendshipassociation","瓦努阿图Vanuatu","广东省友协会长傅朗","瓦中友协会长MildredSope索佩夫人","广州市","2012年11月27日"
"46","省友协","匈牙利中国友好协会Hungarian-Chinesefriendshipassociation","匈牙利Hungary","广东省人民对外友协常务理事郑永驹","匈牙利中国友协主席莱佐斯·拉克兹","","2012年9月26日"
"45","省友协","约中友好协会Jordan-Chinafriendshipassociation","约旦Jordan","广东省对外友协副会长王世彤","约中友协主席萨希马特","","2012年4月23日"
"44","省友协","土中友好协会Turkish-Chinesefriendshipassociation","土耳其Turkey","广东省对外友协副会长王世彤","土中友好协会主席KemalBytas","","2012年4月18日"
"43","省友协","肯尼亚地方政府协会AssociationoflocalgovernmentauthoritiesofKenya","肯尼亚Kenya","广东省友协副会长胡伟","肯尼亚地方政府协会会长塔瑞亚·科瑞斯    肯尼亚地方政府协会秘书长哈密西·姆博嘉","","2011年9月14日"
"42","省友协","尼日利亚-中国商会Nigeria-Chinabusinesscouncil","尼日利亚Nigeria","广东省友协副会长王世彤","尼日利亚-中国商会首席执行官马修·乌克维","广州市","2011年4月21日"
"41","省友协","马中友好协会Malaysia-Chinafriendshipassociation","马来西亚Malaysia","广东省友协副会长李春燕","马中友好协会会长马吉德","吉隆坡","2009年6月29日"
"40","省友协","尼泊尔阿尼哥协会ArnikosocietyfederaldemocraticpublicofNepal","尼泊尔","广东省友协副会长李春燕","阿尼哥协会主席哈利仕","","2009年6月26日"
"39","省友协","印度世界合作与文化关系协会Indiafriendshipforcooperationandculturalrelations","印度India","广东省友协副会长李春燕","印度世文协会会长马哈斯瓦里","新德里市","2009年6月22日"
"38","省友协","海防市友好组织联合会HaiPhong","越南VietNam","广东省友协副会长王世彤","海防友好组织联合会副会长范友书","海防市","2008年7月23日"
"37","省友协","日本国和歌山县日中友好协会WakayamaJapanese-ChineseFriendshipAssociation","日本Japan","广东省友协副会长王世彤","和歌山县日本中国友好协会会长启桥延直","广州市","2007年7月12日"
"36","省友协","日本国兵库县国际交流协会HyogoInternationalExchangeAssociation","日本Japan","广东省友协会长傅朗","兵库县国际交流协会理事长斋藤富雄","兵库县神户市","2007年7月4日"
"35","省友协","日本国东京都日中友好协会TokyoJapanese-ChineseFriendshipAssociation","日本Japan","广东省友协副会长王世彤","东京都日本中国友好协会会长贯洞哲夫","东京","2007年7月2日"
"34","省友协","韩国韩中经济贸易促进协会Korean-ChineseEconomicandTradePromotionAssociation","韩国Korean","广东省友协副会长王世彤","韩中经济贸易促进协会副会长全弘烈","首尔市","2007年6月26日"
"33","省友协","新西兰中国友好协会全国总会NewZealandChinafriendshipSociety","新西兰NewZealand","广东省友协副会长胡伟","新西兰中国友协全国总会主席玛格丽特·库帕","广州市","2007年5月28日"
"32","省友协","罗马尼亚工商会ChamberofcommerceandindustryofRomania","罗马尼亚Romania","广东省友协副会长 王世彤","罗马尼亚工商会副会长奥利里恩·哥古列斯库","广州市","2007年4月18日"
"31","省友协","古中友协Cubapeople’sassociationforfriendshipwithforeigncountries","古巴Cuba","广东省友协顾问黄子强","古巴人民友协副主席布埃那文德拉·莱耶阿哥斯达   古巴-中国友协主席邵黄","","1905年6月29日"
"30","省友协","斯中社会文化合作协会AssociationforSriLanka-Chinasocialandculturalcooperation","斯里兰卡SriLanka","广东省友协会长黄子强","斯中社会文化合作协会会长拉那辛合","广州市","2006年7月24日"
"29","省友协","卑诗-广东友好商业理事会BritishColumbia-GuangdongBusinesscouncil","加拿大Canada","广东省友协副会长萧锦哲","卑诗-广东友好商业理事会秘书长、理事  郑小玲","温哥华","2006年5月29日"
"28","省友协","加拿大剑风体育会KinFungathleticgroup","加拿大Canada","广东省友协副会长萧锦哲","加拿大剑风体育会会长 马威廉","温哥华","2006年5月29日"
"27","省友协","温哥华-广州友协Vancouver-Guangzhoufriendshipsociety","加拿大Canada","广东省友协副会长萧锦哲","温哥华-广州友协会长 马清石","温哥华","2006年5月29日"
"26","省友协","渥太华-嘉迪诺加中友协Ottawa-Gatineau","加拿大Canada","广东省友协副会长萧锦哲","渥太华-嘉迪诺加中友协会长 吴灿坚","渥太华","2006年5月27日"
"25","省友协","旧金山中华总商会SanFranciscoChinesechamberofcommerce","美国U.S.A","广东省友协副会长萧锦哲","旧金山中华总商会会长胡初枝","旧金山","2006年5月23日"
"24","省友协","旧金山美中交流协会SanFrancisco","美国U.S.A","广东省友协副会长萧锦哲","旧金山美中交流协会会长拜伦•雅典","旧金山","2006年5月23日"
"23","省友协","洛杉矶中美商会ChinesecommerceassociationofAmerica,LosAngeles","美国U.S.A","广东省友协副会长萧锦哲","洛杉矶中美商会副会长吴东升","洛杉矶","2006年5月20日"
"22","省友协","日本国全日本业余健美操联盟JapaneseAmateuraerobicsFederation","日本Japan","广东省友协副会长萧锦哲","全日本业余健美操联盟理事长户田大久","东京","2006年5月19日"
"21","省友协","亚洲友好协会AsiaFriendshipAssociation","日本Japan","广东省友协副会长萧锦哲","亚洲友好协会副理事徐迪昊","东京","2006年5月18日"
"20","省友协","日本国神奈川县日中友好协会KanagawaJapanese-ChineseFriendshipAssociation","日本Japan","广东省友协副会长萧锦哲","神奈川县日中友好协会会长久保孝雄","横滨市","2006年5月17日"
"19","省友协","日本国和歌山县日中教育交流恳话会Wakayama-KenJapanese-ChineseEducationalExchanges","日本Japan","广东省友协副会长萧锦哲","和歌山县日中教育交流恳话会会长玉井千夫","和歌山县","2006年5月17日"
"18","省友协","日本国和歌山县日中友好教育会Wakayama-KenJapaneseFriendshipEducationAssociation","日本Japan","广东省友协副会长萧锦哲","和歌山县日中友好教育会代表高桥笕次","和歌山县","2006年5月16日"
"17","省友协","西日本中华总商会ChineseChamberofCommerceinWestJapan","日本Japan","广东省友协副会长萧锦哲","西日本中华总商会李国夫","大阪","2006年5月16日"
"16","省友协","日本国兵库县日中友好协会HyogoJapan-ChinaFriendshipAssociation","日本Japan","广东省友协会长黄子强","兵库县日本中国友好协会会长远藤敦雅","神户","2006年5月15日"
"15","省友协","斯洛伐克-中国友好协会Slovak-Chineseassociationoffriendship","斯洛伐克Slovak","广东省友协会长黄子强","斯洛伐克-中国友好协会会长项汉平","斯洛伐克Vratislava市","2005年11月10日"
"14","省友协","奥地利中国友好协会Austrian-ChineseFriendshipAssociation","奥地利Austria","广东省友协会长黄子强","奥地利中国友好协会常务副主席格尔特•卡明斯基","维也纳市","2005年11月7日"
"13","省友协","希腊中国友好协会Greece-Chinaassociation","希腊Greece","广东省友协会长黄子强","希腊中国友协主席安德里亚斯•帕塔米阿诺斯","雅典市","2005年11月4日"
"12","省友协","马耳他中国友好协会MaltaChinafriendshipsociety","马耳他Malta","广东省友协会长黄子强","马耳他中国友好协会主席雷诺•卡莱亚","瓦莱塔市","2005年10月31日"
"11","省友协","瑞中协会SociétéSuisse-Chine","瑞士Suisse","广东省友协副会长萧锦哲","瑞士瑞中协会副会长夏富诺","巴塞尔市","2005年9月24日"
"10","省友协","苏格兰中国协会Scotland-Chinaassociation","英国UK","广东省友协副会长萧锦哲","苏格兰中国协会主席珍妮丝•迪逊","伦敦市","2005年9月18日"
"9","省友协","毛里求斯中国友好协会Mauritius-ChinafriendshipandculturalAssociation","毛里求斯Mauritius","广东省友协会长黄子强","毛里求斯中国友好协会会长李基昌","鸠比","2005年9月15日"
"8","省友协","素叨他尼府商会ThailandChamberofCommerce","泰国Thailand","广东省友协会长黄子强","素叨他尼府商会主席赖中兴","万仑市","2005年8月27日"
"7","省友协","泰中友好协会Thai-Chinesefriendshipassociation","泰国Thailand","广东省友协会长黄子强","泰中友好协会会长功·塔帕朗西","曼谷市","2005年8月26日"
"6","省友协","泰国社会福利院NationalcouncilonsocialwelfareofroyalThai","泰国Thailand","广东省友协会长黄子强","泰国社会福利院主席安诺艾·因帕菩提","曼谷市","2005年8月26日"
"5","省友协","泰国女企业家协会Federationofbusinessandprofessionalwomen’associationofThailand","泰国Thailand","广东省友协会长黄子强","泰国女企业家协会会长玛丽拉达那·帕兰赤申","曼谷市","2005年8月26日"
"4","省友协","泰中促进投资贸易商会Thai-Chinesepromotionofinvestmentandtradeassociation","泰国Thailand","广东省友协会长黄子强","泰中促进投资贸易商会会长李绍祝","曼谷市","2005年8月25日"
"3","省友协","胡志明市友好联合会HoChiMinhCityfriendshipassociation","越南Vietnam","广东省友协会长黄子强","胡志明市友好联合会会长胡氏明月","胡志明市","2005年8月21日"
"2","省友协","越中友好协会Vietnam-Chinafriendshipassociation","越南Vietnam","广东省友协会长黄子强","越中友好协会副主席范如纲","河内市","2005年8月20日"
"1","省友协","泰国国家社会福利委员会NationalcouncilonsocialwelfareofThailand","泰国Thailand","广东省友协副会长萧锦哲","泰国国家社会福利委员会副会长SompomThepsithar","曼谷市","1999年3月3日"
"1","深圳市","马中友好协会Malaysia-ChinaFriendshipAssociation","马来西亚Malaysia","深圳市对外友好协会","马来西亚友好协会会长马吉德","深圳","2016年11月1日"
"1","珠海市","FPX地理信息协会FuturePositionXAssociation","","珠海市对外友好协会","FPX协会","","2011年11月1日"
"1","汕头市","新加坡新中友好协会SingaporeChinaFriendshipAssociation","新加坡Singapore","汕头市对外友好协会会长陈鹏","新中友好协会会长潘国驹","汕头市","2014年4月25日"
"10","东莞市","塞舌尔中国友好协会SeychellesChinaFriendshipAssociation","塞舌尔Seychelles","东莞市友协","塞舌尔中国友好协会","","2016年10月1日"
"9","东莞市","泰中经济协会Thai-ChineseEconomyAssociation","泰国Thailand","东莞市友协","泰中经济协会","","2016年8月1日"
"8","东莞市","马来西亚-中国友好协会PPMC","马来西亚Malaysia","东莞市友协","马来西亚-中国友好协会","","2014年11月1日"
"7","东莞市","尼泊尔阿尼哥协会ArnikoSocietyofNepal","尼泊尔Nepal","东莞市友协","尼泊尔阿尼哥协会","","2014年9月1日"
"6","东莞市","马达加斯加-中国友好协会Madagascar-ChinaFriendshipAssociation","马达加斯加Madagascar","东莞市友协","马达加斯加-中国友好协会","","2014年9月1日"
"5","东莞市","斯里兰卡-中国社会文化合作协会","斯里兰卡SriLanka","东莞市友协副会长张福应","斯里兰卡斯中社文合作协会会长阿贝塞克拉","东莞市","2014年3月1日"
"4","东莞市","印尼全国县政府协会APKASI","印尼Indonesia","东莞市友协","印尼全国县政府协会","","2014年3月1日"
"3","东莞市","韩中文化友好协会Korea-ChinaAssociationForCulturalExchange한중문화우호협회","韩国Korean","东莞市友协会长蒋小莺","韩中文化友好协会会长曲欢","东莞市","2013年4月29日"
"2","东莞市","巴西中国经济贸易促进会Brazil-ChinaEconomicTradePromotionAssociation","巴西Brazil","东莞市友协会长蒋小莺","巴西中国经济贸易促进会会长吴耀宙","东莞市","2012年3月15日"
"1","东莞市","神奈川县日中友好协会 神奈川県日本中國友好協会","日本Japan","东莞市友协会长蒋小莺","日本神奈川县日中友好协会会长牧内良平","东莞市","2011年10月23日"
"15","中山市","以色列以中友谊协会IsraelChinaFriendshipSociety","以色列Israel","中山市对外友好协会","以色列以中友谊协会","中山市","2015年10月28日"
"14","中山市","肯尼亚共和国中非友好协会-肯尼亚分会China-AfricaFriendshipAssociationKenyaChapter","肯尼亚Kenya","中山市对外友好协会","肯尼亚共和国中非友好协会-肯尼亚分会","","2015年10月28日"
"13","中山市","孟加拉-中国人民友好协会Bangladesh-ChinaPeople’sFriendshipAssociation","孟加拉Bangladesh","中山市对外友好协会","孟加拉-中国人民友好协会","","2015年10月28日"
"12","中山市","泰国-中国友好协会Thai-ChineseFriendshipAssociation","泰国Thailand","中山市对外友好协会","泰国-中国友好协会","","2015年9月15日"
"11","中山市","密克罗尼西亚联邦-中国友好协会Micronesia-ChinaFriendshipAssociation","密克罗尼西亚Micronesia","中山市对外友好协会","密克罗尼西亚联邦-中国友好协会","","2015年6月3日"
"10","中山市","荷兰-中国友好协会鹿特丹分会Holland-ChinaFriendshipAssociationRotterdamBranch","荷兰Holland","中山市对外友好协会","荷兰-中国友好协会鹿特丹分会","","2015年5月28日"
"9","中山市","瑞中协会Swiss-ChineseAssociation","瑞士Swiss","中山市对外友好协会","瑞中协会","","2014年10月23日"
"8","中山市","奥地利奥中友协Austria-ChinaFriendshipAssociation","奥地利Austria","中山市对外友好协会","奥地利奥中友协","","2014年10月21日"
"7","中山市","尼泊尔阿尼哥协会NepalArnikoSociety","尼泊尔Nepal","中山市对外友好协会","尼泊尔阿尼哥协会","","2014年9月22日"
"6","中山市","马达加斯加-中国友好协会Madagascar-ChinaFriendshipAssociation","马达加斯加Madagascar","中山市对外友好协会","马达加斯加-中国友好协会","","2014年9月18日"
"5","中山市","古巴人民对外友好协会InstitutoCubanodeAmistadconIosPueblos","古巴Cuba","中山市对外友好协会","古巴人民对外友好协会","","2014年5月30日"
"4","中山市","哥斯达黎加-中国友好协会AsociacionCostarricensedelaAmistadconChina","哥斯达黎加Costarica","中山市对外友好协会","哥斯达黎加-中国友好协会","","2014年2月28日"
"3","中山市","美中人民友好协会檀香山分会 USChinaPeiple’sFriendshipAssociation-HonoluluChapter","美国U.S.A.","中山市人民对外友好协会会长韩泽生","美中人民友好协会檀香山分会会长郑天照","檀香山","2013年6月6日"
"2","中山市","斯里兰卡－中国友好协会SriLanka-ChinaFriendshipAssociation","斯里兰卡SriLanka","中山市人民对外友好协会会长韩泽生","斯里兰卡-中国友好协会会长阿兰达·古那提勒科","中山市","2013年3月28日"
"1","中山市","阿根廷中国文化协会","阿根廷Argentina","中山市政府副秘书长何一芳","阿根廷中国文化协会会长吉列尔莫·彭福尔德","中山市","2011年11月4日"
"3","江门市","美西南中国学生学者联谊会SouthwesternChineseStudentsandScholarsAssociation","美国America","江门市对外人民友好协会","美西南中国学生学者联谊会","","2016年8月1日"
"2","江门市","河滨市国际关系委员会RiversideInternationalRelationsCommittee","美国America","江门市对外人民友好协会","河滨市国际关系委员会","","2015年4月1日"
"1","江门市","美亚创新协会America-AsiainnovationPromotionAssociation","美国America","江门市对外人民友好协会","美亚创新协会","","2015年4月1日"
"12","清远市","中巴（巴西）交流协会Brazil-ChineseCommunicationAssociation","巴西Brazil","清远市人民对外友好协会","中巴（巴西）交流协会","","2016年8月25日"
"11","清远市","墨西哥中华会馆Mexico-ChinaAssociation","墨西哥Mexico","清远市人民对外友好协会","墨西哥中华会馆","","2016年8月21日"
"10","清远市","澳洲清远同乡会","","清远市人民对外友好协会","澳洲清远同乡会","","2016年4月13日"
"9","清远市","欧洲美食家协会EuropeanGourmetAssociation","","清远市人民对外友好协会","欧洲美食家协会","","2016年4月13日"
"8","清远市","法国番禺富善社","法国France","清远市人民对外友好协会","法国番禺富善社","","2016年4月13日"
"7","清远市","中美国际文化交流协会America-ChinaInternationalCulturalExchangeAssociation","美国America","清远市人民对外友好协会","中美国际文化交流协会","","2016年1月30日"
"6","清远市","中美纽约布鲁克林牌楼协会China-AmericaNewYorkArchwayAssociation","美国America","清远市人民对外友好协会","中美纽约布鲁克林牌楼协会","","2016年1月28日"
"5","清远市","多伦多江门五邑青年联合会TorontoWuyiYouthFederation","加拿大Canada","清远市人民对外友好协会","多伦多江门五邑青年联合会","","2016年1月26日"
"4","清远市","加拿大加中企业促进会Canada-ChinaEntrepreneurAllianceAssociation","加拿大Canada","清远市人民对外友好协会","加拿大加中企业促进会","","2016年1月26日"
"3","清远市","巴拿马巴中友好协会Panama-ChinaFriendshipAssociation","巴拿马Panama","清远市人民对外友好协会","巴拿马巴中友好协会","","2015年8月1日"
"2","清远市","韩国全罗北道汽车产业协会JeonbukAutomobileIndustryAssociation","韩国Korean","清远市人民对外友好协会","韩国全罗北道汽车产业协会","清远","2014年7月30日"
"1","清远市","美利坚合众国全球瑶族联盟理事会YaoWorldwideCoalitionCouncil,INCinTheUnitedStatesofAmerica","美国U.S.A","清远市外事侨务局副局长、友协副会长房秀华","全球瑶族联盟理事会会长赵富明","西雅图","2013年9月27日"
"1","顺德区","马来西亚槟城州旅游发展及文化委员会","","","","槟城州","2012年6月21日"
"","省友协87个","","","","","",""
"","深圳市1个","","","","","",""
"","珠海市1个","","","","","",""
"","汕头市1个","","","","","",""
"","东莞市10个","","","","","",""
"","中山市15个","","","","","",""
"","江门市3个","","","","","",""
"","清远市12个","","","","","",""
"","顺德区1个","","","","","",""
