"唯一标识id","省份名称","市级名称","区县名称","镇街办事站","机构（区划）全称","机构（区划）简称","区划代码","上级行政区划代码","机构类型","是否展示","跳转连接","排序","机构编码"
"10500000528","广东省","江门市","恩平市","","恩城街","恩城街","440785001000","440785","镇街办事站","1","http://www.gdzwfw.gov.cn/portal/country-hall.do?region=440785001000","",""
"10500000529","广东省","江门市","恩平市","","横陂镇","横陂镇","440785100000","440785","镇街办事站","1","http://www.gdzwfw.gov.cn/portal/country-hall.do?region=440785100000","",""
"10500000530","广东省","江门市","恩平市","","圣堂镇","圣堂镇","440785101000","440785","镇街办事站","1","http://www.gdzwfw.gov.cn/portal/country-hall.do?region=440785101000","",""
"10500000531","广东省","江门市","恩平市","","良西镇","良西镇","440785102000","440785","镇街办事站","1","http://www.gdzwfw.gov.cn/portal/country-hall.do?region=440785102000","",""
"10500000532","广东省","江门市","恩平市","","沙湖镇","沙湖镇","440785103000","440785","镇街办事站","1","http://www.gdzwfw.gov.cn/portal/country-hall.do?region=440785103000","",""
"10500000533","广东省","江门市","恩平市","","牛江镇","牛江镇","440785104000","440785","镇街办事站","1","http://www.gdzwfw.gov.cn/portal/country-hall.do?region=440785104000","",""
"10500000534","广东省","江门市","恩平市","","君堂镇","君堂镇","440785105000","440785","镇街办事站","1","http://www.gdzwfw.gov.cn/portal/country-hall.do?region=440785105000","",""
"10500000535","广东省","江门市","恩平市","","大田镇","大田镇","440785106000","440785","镇街办事站","1","http://www.gdzwfw.gov.cn/portal/country-hall.do?region=440785106000","",""
"10500000536","广东省","江门市","恩平市","","那吉镇","那吉镇","440785107000","440785","镇街办事站","1","http://www.gdzwfw.gov.cn/portal/country-hall.do?region=440785107000","",""
"10500000537","广东省","江门市","恩平市","","大槐镇","大槐镇","440785108000","440785","镇街办事站","1","http://www.gdzwfw.gov.cn/portal/country-hall.do?region=440785108000","",""
"10500000538","广东省","江门市","恩平市","","东成镇","东成镇","440785109000","440785","镇街办事站","1","http://www.gdzwfw.gov.cn/portal/country-hall.do?region=440785109000","",""
"10700007922","广东省","江门市","恩平市","恩城街","塘劳村","塘劳村","440785001216","440785001000","村居办事点","1","http://www.gdzwfw.gov.cn/portal/country-hall-child.do?region=440785001216","",""
"10700007923","广东省","江门市","恩平市","恩城街","茶坑村","茶坑村","440785001214","440785001000","村居办事点","1","http://www.gdzwfw.gov.cn/portal/country-hall-child.do?region=440785001214","",""
"10700007924","广东省","江门市","恩平市","恩城街","顶冲村","顶冲村","440785001213","440785001000","村居办事点","1","http://www.gdzwfw.gov.cn/portal/country-hall-child.do?region=440785001213","",""
"10700007925","广东省","江门市","恩平市","恩城街","锦岗村","锦岗村","440785001212","440785001000","村居办事点","1","http://www.gdzwfw.gov.cn/portal/country-hall-child.do?region=440785001212","",""
"10700007927","广东省","江门市","恩平市","恩城街","平富岗村","平富岗村","440785001210","440785001000","村居办事点","1","http://www.gdzwfw.gov.cn/portal/country-hall-child.do?region=440785001210","",""
"10700007928","广东省","江门市","恩平市","恩城街","石青村","石青村","440785001209","440785001000","村居办事点","1","http://www.gdzwfw.gov.cn/portal/country-hall-child.do?region=440785001209","",""
"10700007929","广东省","江门市","恩平市","恩城街","石泉村","石泉村","440785001208","440785001000","村居办事点","1","http://www.gdzwfw.gov.cn/portal/country-hall-child.do?region=440785001208","",""
"10700007930","广东省","江门市","恩平市","恩城街","石联村","石联村","440785001207","440785001000","村居办事点","1","http://www.gdzwfw.gov.cn/portal/country-hall-child.do?region=440785001207","",""
"10700007931","广东省","江门市","恩平市","恩城街","石栏村","石栏村","440785001206","440785001000","村居办事点","1","http://www.gdzwfw.gov.cn/portal/country-hall-child.do?region=440785001206","",""
"10700007933","广东省","江门市","恩平市","恩城街","中南村","中南村","440785001205","440785001000","村居办事点","1","http://www.gdzwfw.gov.cn/portal/country-hall-child.do?region=440785001205","",""
"10700007934","广东省","江门市","恩平市","恩城街","米仓村","米仓村","440785001203","440785001000","村居办事点","1","http://www.gdzwfw.gov.cn/portal/country-hall-child.do?region=440785001203","",""
"10700007936","广东省","江门市","恩平市","恩城街","禄平村","禄平村","440785001217","440785001000","村居办事点","1","http://www.gdzwfw.gov.cn/portal/country-hall-child.do?region=440785001217","",""
"10700007937","广东省","江门市","恩平市","恩城街","沙联村","沙联村","440785001200","440785001000","村居办事点","1","http://www.gdzwfw.gov.cn/portal/country-hall-child.do?region=440785001200","",""
"10700007939","广东省","江门市","恩平市","恩城街","飞鹅塘社区","飞鹅塘社区","440785001010","440785001000","村居办事点","1","http://www.gdzwfw.gov.cn/portal/country-hall-child.do?region=440785001010","",""
"10700007941","广东省","江门市","恩平市","恩城街","河南社区","河南社区","440785001005","440785001000","村居办事点","1","http://www.gdzwfw.gov.cn/portal/country-hall-child.do?region=440785001005","",""
"10700007943","广东省","江门市","恩平市","恩城街","青云社区","青云社区","440785001004","440785001000","村居办事点","1","http://www.gdzwfw.gov.cn/portal/country-hall-child.do?region=440785001004","",""
"10700007945","广东省","江门市","恩平市","恩城街","新塘社区","新塘社区","440785001002","440785001000","村居办事点","1","http://www.gdzwfw.gov.cn/portal/country-hall-child.do?region=440785001002","",""
"10700007946","广东省","江门市","恩平市","恩城街","小岛社区","小岛社区","440785001006","440785001000","村居办事点","1","http://www.gdzwfw.gov.cn/portal/country-hall-child.do?region=440785001006","",""
"10700007947","广东省","江门市","恩平市","恩城街","凤山社区","凤山社区","440785001007","440785001000","村居办事点","1","http://www.gdzwfw.gov.cn/portal/country-hall-child.do?region=440785001007","",""
"10700007949","广东省","江门市","恩平市","横陂镇","横东村","横东村","440785100200","440785100000","村居办事点","1","http://www.gdzwfw.gov.cn/portal/country-hall-child.do?region=440785100200","",""
"10700007950","广东省","江门市","恩平市","横陂镇","大亨村","大亨村","440785100215","440785100000","村居办事点","1","http://www.gdzwfw.gov.cn/portal/country-hall-child.do?region=440785100215","",""
"10700007951","广东省","江门市","恩平市","横陂镇","虾山村","虾山村","440785100209","440785100000","村居办事点","1","http://www.gdzwfw.gov.cn/portal/country-hall-child.do?region=440785100209","",""
"10700007952","广东省","江门市","恩平市","横陂镇","西联村","西联村","440785100203","440785100000","村居办事点","1","http://www.gdzwfw.gov.cn/portal/country-hall-child.do?region=440785100203","",""
"10700007954","广东省","江门市","恩平市","横陂镇","白庙村","白庙村","440785100210","440785100000","村居办事点","1","http://www.gdzwfw.gov.cn/portal/country-hall-child.do?region=440785100210","",""
"10700007955","广东省","江门市","恩平市","横陂镇","歧联村","歧联村","440785100201","440785100000","村居办事点","1","http://www.gdzwfw.gov.cn/portal/country-hall-child.do?region=440785100201","",""
"10700007956","广东省","江门市","恩平市","横陂镇","横盘村","横盘村","440785100205","440785100000","村居办事点","1","http://www.gdzwfw.gov.cn/portal/country-hall-child.do?region=440785100205","",""
"10700007957","广东省","江门市","恩平市","横陂镇","横平村","横平村","440785100202","440785100000","村居办事点","1","http://www.gdzwfw.gov.cn/portal/country-hall-child.do?region=440785100202","",""
"10700007958","广东省","江门市","恩平市","横陂镇","白银村","白银村","440785100208","440785100000","村居办事点","1","http://www.gdzwfw.gov.cn/portal/country-hall-child.do?region=440785100208","",""
"10700007959","广东省","江门市","恩平市","横陂镇","甘围村","甘围村","440785100207","440785100000","村居办事点","1","http://www.gdzwfw.gov.cn/portal/country-hall-child.do?region=440785100207","",""
"10700007960","广东省","江门市","恩平市","横陂镇","横南村","横南村","440785100204","440785100000","村居办事点","1","http://www.gdzwfw.gov.cn/portal/country-hall-child.do?region=440785100204","",""
"10700007963","广东省","江门市","恩平市","横陂镇","湾海村","湾海村","440785100213","440785100000","村居办事点","1","http://www.gdzwfw.gov.cn/portal/country-hall-child.do?region=440785100213","",""
"10700007964","广东省","江门市","恩平市","横陂镇","园山村","园山村","440785100216","440785100000","村居办事点","1","http://www.gdzwfw.gov.cn/portal/country-hall-child.do?region=440785100216","",""
"10700007965","广东省","江门市","恩平市","横陂镇","围边村","围边村","440785100217","440785100000","村居办事点","1","http://www.gdzwfw.gov.cn/portal/country-hall-child.do?region=440785100217","",""
"10700007966","广东省","江门市","恩平市","横陂镇","新潮村","新潮村","440785100214","440785100000","村居办事点","1","http://www.gdzwfw.gov.cn/portal/country-hall-child.do?region=440785100214","",""
"10700007967","广东省","江门市","恩平市","横陂镇","横西村","横西村","440785100206","440785100000","村居办事点","1","http://www.gdzwfw.gov.cn/portal/country-hall-child.do?region=440785100206","",""
"10700007968","广东省","江门市","恩平市","横陂镇","横陂墟镇","横陂墟镇","440785100001","440785100000","村居办事点","1","http://www.gdzwfw.gov.cn/portal/country-hall-child.do?region=440785100001","",""
"10700007969","广东省","江门市","恩平市","横陂镇","洪窖墟镇","洪窖墟镇","440785100002","440785100000","村居办事点","1","http://www.gdzwfw.gov.cn/portal/country-hall-child.do?region=440785100002","",""
"10700007970","广东省","江门市","恩平市","圣堂镇","歇马村","歇马村","440785101209","440785101000","村居办事点","1","http://www.gdzwfw.gov.cn/portal/country-hall-child.do?region=440785101209","",""
"10700007972","广东省","江门市","恩平市","圣堂镇","根竹头村","根竹头村","440785101207","440785101000","村居办事点","1","http://www.gdzwfw.gov.cn/portal/country-hall-child.do?region=440785101207","",""
"10700007973","广东省","江门市","恩平市","圣堂镇","塘龙村","塘龙村","440785101206","440785101000","村居办事点","1","http://www.gdzwfw.gov.cn/portal/country-hall-child.do?region=440785101206","",""
"10700007974","广东省","江门市","恩平市","圣堂镇","三山村","三山村","440785101205","440785101000","村居办事点","1","http://www.gdzwfw.gov.cn/portal/country-hall-child.do?region=440785101205","",""
"10700007976","广东省","江门市","恩平市","圣堂镇","区村村","区村","440785101204","440785101000","村居办事点","1","http://www.gdzwfw.gov.cn/portal/country-hall-child.do?region=440785101204","",""
"10700007979","广东省","江门市","恩平市","圣堂镇","进职村","进职村","440785101201","440785101000","村居办事点","1","http://www.gdzwfw.gov.cn/portal/country-hall-child.do?region=440785101201","",""
"10700007980","广东省","江门市","恩平市","圣堂镇","湴朗村","湴朗村","440785101210","440785101000","村居办事点","1","http://www.gdzwfw.gov.cn/portal/country-hall-child.do?region=440785101210","",""
"10700007981","广东省","江门市","恩平市","圣堂镇","圣堂墟镇","圣堂墟镇","440785101001","440785101000","村居办事点","1","http://www.gdzwfw.gov.cn/portal/country-hall-child.do?region=440785101001","",""
"10700007982","广东省","江门市","恩平市","良西镇","福坪村","福坪村","440785102206","440785102000","村居办事点","1","http://www.gdzwfw.gov.cn/portal/country-hall-child.do?region=440785102206","",""
"10700007984","广东省","江门市","恩平市","良西镇","松柏根村","松柏根村","440785102204","440785102000","村居办事点","1","http://www.gdzwfw.gov.cn/portal/country-hall-child.do?region=440785102204","",""
"10700007985","广东省","江门市","恩平市","良西镇","鹤坪村","鹤坪村","440785102203","440785102000","村居办事点","1","http://www.gdzwfw.gov.cn/portal/country-hall-child.do?region=440785102203","",""
"10700007986","广东省","江门市","恩平市","良西镇","龙安塘村","龙安塘村","440785102202","440785102000","村居办事点","1","http://www.gdzwfw.gov.cn/portal/country-hall-child.do?region=440785102202","",""
"10700007987","广东省","江门市","恩平市","良西镇","雁鹅村","雁鹅村","440785102201","440785102000","村居办事点","1","http://www.gdzwfw.gov.cn/portal/country-hall-child.do?region=440785102201","",""
"10700007988","广东省","江门市","恩平市","良西镇","良东村","良东村","440785102200","440785102000","村居办事点","1","http://www.gdzwfw.gov.cn/portal/country-hall-child.do?region=440785102200","",""
"10700007989","广东省","江门市","恩平市","良西镇","那湾村","那湾村","440785102207","440785102000","村居办事点","1","http://www.gdzwfw.gov.cn/portal/country-hall-child.do?region=440785102207","",""
"10700007990","广东省","江门市","恩平市","良西镇","良西墟镇","良西墟镇","440785102001","440785102000","村居办事点","1","http://www.gdzwfw.gov.cn/portal/country-hall-child.do?region=440785102001","",""
"10700007991","广东省","江门市","恩平市","沙湖镇","咀厚村","咀厚村","440785103219","440785103000","村居办事点","1","http://www.gdzwfw.gov.cn/portal/country-hall-child.do?region=440785103219","",""
"10700007992","广东省","江门市","恩平市","沙湖镇","南闸村","南闸村","440785103220","440785103000","村居办事点","1","http://www.gdzwfw.gov.cn/portal/country-hall-child.do?region=440785103220","",""
"10700007993","广东省","江门市","恩平市","沙湖镇","李边村","李边村","440785103218","440785103000","村居办事点","1","http://www.gdzwfw.gov.cn/portal/country-hall-child.do?region=440785103218","",""
"10700007994","广东省","江门市","恩平市","沙湖镇","伍边村","伍边村","440785103217","440785103000","村居办事点","1","http://www.gdzwfw.gov.cn/portal/country-hall-child.do?region=440785103217","",""
"10700007995","广东省","江门市","恩平市","沙湖镇","关村村","关村","440785103216","440785103000","村居办事点","1","http://www.gdzwfw.gov.cn/portal/country-hall-child.do?region=440785103216","",""
"10700007997","广东省","江门市","恩平市","沙湖镇","扁冲村","扁冲村","440785103214","440785103000","村居办事点","1","http://www.gdzwfw.gov.cn/portal/country-hall-child.do?region=440785103214","",""
"10700007998","广东省","江门市","恩平市","沙湖镇","成平村","成平村","440785103213","440785103000","村居办事点","1","http://www.gdzwfw.gov.cn/portal/country-hall-child.do?region=440785103213","",""
"10700008001","广东省","江门市","恩平市","沙湖镇","南平村","南平村","440785103211","440785103000","村居办事点","1","http://www.gdzwfw.gov.cn/portal/country-hall-child.do?region=440785103211","",""
"10700008002","广东省","江门市","恩平市","沙湖镇","圣园村","圣园村","440785103200","440785103000","村居办事点","1","http://www.gdzwfw.gov.cn/portal/country-hall-child.do?region=440785103200","",""
"10700008005","广东省","江门市","恩平市","沙湖镇","浴水村","浴水村","440785103204","440785103000","村居办事点","1","http://www.gdzwfw.gov.cn/portal/country-hall-child.do?region=440785103204","",""
"10700008006","广东省","江门市","恩平市","沙湖镇","横陂村","横陂村","440785103205","440785103000","村居办事点","1","http://www.gdzwfw.gov.cn/portal/country-hall-child.do?region=440785103205","",""
"10700008007","广东省","江门市","恩平市","沙湖镇","上凯村","上凯村","440785103206","440785103000","村居办事点","1","http://www.gdzwfw.gov.cn/portal/country-hall-child.do?region=440785103206","",""
"10700008008","广东省","江门市","恩平市","沙湖镇","下凯村","下凯村","440785103207","440785103000","村居办事点","1","http://www.gdzwfw.gov.cn/portal/country-hall-child.do?region=440785103207","",""
"10700008011","广东省","江门市","恩平市","沙湖镇","高园村","高园村","440785103210","440785103000","村居办事点","1","http://www.gdzwfw.gov.cn/portal/country-hall-child.do?region=440785103210","",""
"10700008012","广东省","江门市","恩平市","沙湖镇","沙湖墟镇","沙湖墟镇","440785103001","440785103000","村居办事点","1","http://www.gdzwfw.gov.cn/portal/country-hall-child.do?region=440785103001","",""
"10700008013","广东省","江门市","恩平市","牛江镇","黄坭坦村","黄坭坦村","440785104203","440785104000","村居办事点","1","http://www.gdzwfw.gov.cn/portal/country-hall-child.do?region=440785104203","",""
"10700008014","广东省","江门市","恩平市","牛江镇","仕洞村","仕洞村","440785104206","440785104000","村居办事点","1","http://www.gdzwfw.gov.cn/portal/country-hall-child.do?region=440785104206","",""
"10700008015","广东省","江门市","恩平市","牛江镇","梨园村","梨园村","440785104208","440785104000","村居办事点","1","http://www.gdzwfw.gov.cn/portal/country-hall-child.do?region=440785104208","",""
"10700008016","广东省","江门市","恩平市","牛江镇","马龙塘村","马龙塘村","440785104207","440785104000","村居办事点","1","http://www.gdzwfw.gov.cn/portal/country-hall-child.do?region=440785104207","",""
"10700008017","广东省","江门市","恩平市","牛江镇","莲华村","莲华村","440785104205","440785104000","村居办事点","1","http://www.gdzwfw.gov.cn/portal/country-hall-child.do?region=440785104205","",""
"10700008018","广东省","江门市","恩平市","牛江镇","昌梅村","昌梅村","440785104211","440785104000","村居办事点","1","http://www.gdzwfw.gov.cn/portal/country-hall-child.do?region=440785104211","",""
"10700008019","广东省","江门市","恩平市","牛江镇","莲塘村","莲塘村","440785104210","440785104000","村居办事点","1","http://www.gdzwfw.gov.cn/portal/country-hall-child.do?region=440785104210","",""
"10700008021","广东省","江门市","恩平市","牛江镇","鹏昌村","鹏昌村","440785104204","440785104000","村居办事点","1","http://www.gdzwfw.gov.cn/portal/country-hall-child.do?region=440785104204","",""
"10700008022","广东省","江门市","恩平市","牛江镇","牛江墟镇","牛江墟镇","440785104001","440785104000","村居办事点","1","http://www.gdzwfw.gov.cn/portal/country-hall-child.do?region=440785104001","",""
"10700008023","广东省","江门市","恩平市","君堂镇","潢步头村","潢步头村","440785105200","440785105000","村居办事点","1","http://www.gdzwfw.gov.cn/portal/country-hall-child.do?region=440785105200","",""
"10700008025","广东省","江门市","恩平市","君堂镇","塘库村","塘库村","440785105202","440785105000","村居办事点","1","http://www.gdzwfw.gov.cn/portal/country-hall-child.do?region=440785105202","",""
"10700008026","广东省","江门市","恩平市","君堂镇","沙岗村","沙岗村","440785105203","440785105000","村居办事点","1","http://www.gdzwfw.gov.cn/portal/country-hall-child.do?region=440785105203","",""
"10700008027","广东省","江门市","恩平市","君堂镇","平安村","平安村","440785105204","440785105000","村居办事点","1","http://www.gdzwfw.gov.cn/portal/country-hall-child.do?region=440785105204","",""
"10700008028","广东省","江门市","恩平市","君堂镇","西园村","西园村","440785105205","440785105000","村居办事点","1","http://www.gdzwfw.gov.cn/portal/country-hall-child.do?region=440785105205","",""
"10700008029","广东省","江门市","恩平市","君堂镇","堡城村","堡城村","440785105206","440785105000","村居办事点","1","http://www.gdzwfw.gov.cn/portal/country-hall-child.do?region=440785105206","",""
"10700008030","广东省","江门市","恩平市","君堂镇","新君村","新君村","440785105207","440785105000","村居办事点","1","http://www.gdzwfw.gov.cn/portal/country-hall-child.do?region=440785105207","",""
"10700008034","广东省","江门市","恩平市","君堂镇","琅哥村","琅哥村","440785105211","440785105000","村居办事点","1","http://www.gdzwfw.gov.cn/portal/country-hall-child.do?region=440785105211","",""
"10700008037","广东省","江门市","恩平市","君堂镇","永华村","永华村","440785105214","440785105000","村居办事点","1","http://www.gdzwfw.gov.cn/portal/country-hall-child.do?region=440785105214","",""
"10700008039","广东省","江门市","恩平市","君堂镇","东北雁村","东北雁村","440785105216","440785105000","村居办事点","1","http://www.gdzwfw.gov.cn/portal/country-hall-child.do?region=440785105216","",""
"10700008041","广东省","江门市","恩平市","君堂镇","君堂墟镇","君堂墟镇","440785105001","440785105000","村居办事点","1","http://www.gdzwfw.gov.cn/portal/country-hall-child.do?region=440785105001","",""
"10700008042","广东省","江门市","恩平市","君堂镇","江洲圩","江洲圩","440785105002","440785105000","村居办事点","1","http://www.gdzwfw.gov.cn/portal/country-hall-child.do?region=440785105002","",""
"10700008045","广东省","江门市","恩平市","大田镇","华南村","华南村","440785106204","440785106000","村居办事点","1","http://www.gdzwfw.gov.cn/portal/country-hall-child.do?region=440785106204","",""
"10700008046","广东省","江门市","恩平市","大田镇","上南村","上南村","440785106201","440785106000","村居办事点","1","http://www.gdzwfw.gov.cn/portal/country-hall-child.do?region=440785106201","",""
"10700008048","广东省","江门市","恩平市","大田镇","朗北村","朗北村","440785106202","440785106000","村居办事点","1","http://www.gdzwfw.gov.cn/portal/country-hall-child.do?region=440785106202","",""
"10700008051","广东省","江门市","恩平市","大田镇","炉塘村","炉塘村","440785106209","440785106000","村居办事点","1","http://www.gdzwfw.gov.cn/portal/country-hall-child.do?region=440785106209","",""
"10700008052","广东省","江门市","恩平市","大田镇","朗西村","朗西村","440785106203","440785106000","村居办事点","1","http://www.gdzwfw.gov.cn/portal/country-hall-child.do?region=440785106203","",""
"10700008053","广东省","江门市","恩平市","大田镇","大田墟镇","大田墟镇","440785106001","440785106000","村居办事点","1","http://www.gdzwfw.gov.cn/portal/country-hall-child.do?region=440785106001","",""
"10700008054","广东省","江门市","恩平市","大田镇","朗底墟","朗底墟","440785106002","440785106000","村居办事点","1","http://www.gdzwfw.gov.cn/portal/country-hall-child.do?region=440785106002","",""
"10700008055","广东省","江门市","恩平市","那吉镇","大莲村","大莲村","440785107200","440785107000","村居办事点","1","http://www.gdzwfw.gov.cn/portal/country-hall-child.do?region=440785107200","",""
"10700008056","广东省","江门市","恩平市","那吉镇","那北村","那北村","440785107201","440785107000","村居办事点","1","http://www.gdzwfw.gov.cn/portal/country-hall-child.do?region=440785107201","",""
"10700008057","广东省","江门市","恩平市","那吉镇","七星塘村","七星塘村","440785107202","440785107000","村居办事点","1","http://www.gdzwfw.gov.cn/portal/country-hall-child.do?region=440785107202","",""
"10700008058","广东省","江门市","恩平市","那吉镇","沙河村","沙河村","440785107206","440785107000","村居办事点","1","http://www.gdzwfw.gov.cn/portal/country-hall-child.do?region=440785107206","",""
"10700008059","广东省","江门市","恩平市","那吉镇","那西村","那西村","440785107203","440785107000","村居办事点","1","http://www.gdzwfw.gov.cn/portal/country-hall-child.do?region=440785107203","",""
"10700008061","广东省","江门市","恩平市","那吉镇","黄角村","黄角村","440785107205","440785107000","村居办事点","1","http://www.gdzwfw.gov.cn/portal/country-hall-child.do?region=440785107205","",""
"10700008062","广东省","江门市","恩平市","那吉镇","那吉墟镇","那吉墟镇","440785107001","440785107000","村居办事点","1","http://www.gdzwfw.gov.cn/portal/country-hall-child.do?region=440785107001","",""
"10700008063","广东省","江门市","恩平市","大槐镇","大朗村","大朗村","440785108205","440785108000","村居办事点","1","http://www.gdzwfw.gov.cn/portal/country-hall-child.do?region=440785108205","",""
"10700008064","广东省","江门市","恩平市","大槐镇","良洞村","良洞村","440785108207","440785108000","村居办事点","1","http://www.gdzwfw.gov.cn/portal/country-hall-child.do?region=440785108207","",""
"10700008065","广东省","江门市","恩平市","大槐镇","石坳村","石坳村","440785108210","440785108000","村居办事点","1","http://www.gdzwfw.gov.cn/portal/country-hall-child.do?region=440785108210","",""
"10700008066","广东省","江门市","恩平市","大槐镇","石及村","石及村","440785108211","440785108000","村居办事点","1","http://www.gdzwfw.gov.cn/portal/country-hall-child.do?region=440785108211","",""
"10700008067","广东省","江门市","恩平市","大槐镇","大槐村","大槐村","440785108203","440785108000","村居办事点","1","http://www.gdzwfw.gov.cn/portal/country-hall-child.do?region=440785108203","",""
"10700008068","广东省","江门市","恩平市","大槐镇","牛山村","牛山村","440785108209","440785108000","村居办事点","1","http://www.gdzwfw.gov.cn/portal/country-hall-child.do?region=440785108209","",""
"10700008069","广东省","江门市","恩平市","大槐镇","河湾村","河湾村","440785108202","440785108000","村居办事点","1","http://www.gdzwfw.gov.cn/portal/country-hall-child.do?region=440785108202","",""
"10700008070","广东省","江门市","恩平市","大槐镇","塘冲村","塘冲村","440785108201","440785108000","村居办事点","1","http://www.gdzwfw.gov.cn/portal/country-hall-child.do?region=440785108201","",""
"10700008071","广东省","江门市","恩平市","大槐镇","沙栏村","沙栏村","440785108200","440785108000","村居办事点","1","http://www.gdzwfw.gov.cn/portal/country-hall-child.do?region=440785108200","",""
"10700008072","广东省","江门市","恩平市","大槐镇","银水村","银水村","440785108206","440785108000","村居办事点","1","http://www.gdzwfw.gov.cn/portal/country-hall-child.do?region=440785108206","",""
"10700008073","广东省","江门市","恩平市","大槐镇","佛良村","佛良村","440785108208","440785108000","村居办事点","1","http://www.gdzwfw.gov.cn/portal/country-hall-child.do?region=440785108208","",""
"10700008074","广东省","江门市","恩平市","大槐镇","锦新村","锦新村","440785108204","440785108000","村居办事点","1","http://www.gdzwfw.gov.cn/portal/country-hall-child.do?region=440785108204","",""
"10700008076","广东省","江门市","恩平市","东成镇","上绵湖村","上绵湖村","440785109200","440785109000","村居办事点","1","http://www.gdzwfw.gov.cn/portal/country-hall-child.do?region=440785109200","",""
"10700008077","广东省","江门市","恩平市","东成镇","下绵湖村","下绵湖村","440785109201","440785109000","村居办事点","1","http://www.gdzwfw.gov.cn/portal/country-hall-child.do?region=440785109201","",""
"10700008078","广东省","江门市","恩平市","东成镇","石岗村","石岗村","440785109202","440785109000","村居办事点","1","http://www.gdzwfw.gov.cn/portal/country-hall-child.do?region=440785109202","",""
"10700008080","广东省","江门市","恩平市","东成镇","石路村","石路村","440785109207","440785109000","村居办事点","1","http://www.gdzwfw.gov.cn/portal/country-hall-child.do?region=440785109207","",""
"10700008083","广东省","江门市","恩平市","东成镇","横岗头村","横岗头村","440785109206","440785109000","村居办事点","1","http://www.gdzwfw.gov.cn/portal/country-hall-child.do?region=440785109206","",""
"10700008084","广东省","江门市","恩平市","东成镇","鹿颈村","鹿颈村","440785109203","440785109000","村居办事点","1","http://www.gdzwfw.gov.cn/portal/country-hall-child.do?region=440785109203","",""
"10700008087","广东省","江门市","恩平市","东成镇","祝荷村","祝荷村","440785109211","440785109000","村居办事点","1","http://www.gdzwfw.gov.cn/portal/country-hall-child.do?region=440785109211","",""
"10700008088","广东省","江门市","恩平市","东成镇","顺槎村","顺槎村","440785109212","440785109000","村居办事点","1","http://www.gdzwfw.gov.cn/portal/country-hall-child.do?region=440785109212","",""
"10700008089","广东省","江门市","恩平市","东成镇","横槎村","横槎村","440785109213","440785109000","村居办事点","1","http://www.gdzwfw.gov.cn/portal/country-hall-child.do?region=440785109213","",""
"10700008090","广东省","江门市","恩平市","东成镇","塘洲村","塘洲村","440785109214","440785109000","村居办事点","1","http://www.gdzwfw.gov.cn/portal/country-hall-child.do?region=440785109214","",""
"10700008091","广东省","江门市","恩平市","东成镇","东成墟镇","东成墟镇","440785109001","440785109000","村居办事点","1","http://www.gdzwfw.gov.cn/portal/country-hall-child.do?region=440785109001","",""
"10700008434","广东省","江门市","恩平市","大田镇","北合村","北合村","440785106208","440785106000","村居办事点","1","http://www.gdzwfw.gov.cn/portal/country-hall-child.do?region=440785106208","",""
"10700009017","广东省","江门市","恩平市","东成镇","牛皮塘村","牛皮塘村","440785109205","440785109000","村居办事点","1","http://www.gdzwfw.gov.cn/portal/country-hall-child.do?region=440785109205","",""
"10700009479","广东省","江门市","恩平市","恩城街","西安村","西安村","440785001201","440785001000","村居办事点","1","http://www.gdzwfw.gov.cn/portal/country-hall-child.do?region=440785001201","",""
"10700009837","广东省","江门市","恩平市","横陂镇","堂莲村","堂莲村","440785100212","440785100000","村居办事点","1","http://www.gdzwfw.gov.cn/portal/country-hall-child.do?region=440785100212","",""
"10700010600","广东省","江门市","恩平市","牛江镇","高联村","高联村","440785104209","440785104000","村居办事点","1","http://www.gdzwfw.gov.cn/portal/country-hall-child.do?region=440785104209","",""
"10700010697","广东省","江门市","恩平市","横陂镇","蓝田村","蓝田村","440785100218","440785100000","村居办事点","1","http://www.gdzwfw.gov.cn/portal/country-hall-child.do?region=440785100218","",""
"10700011101","广东省","江门市","恩平市","沙湖镇","东岸村","东岸村","440785103202","440785103000","村居办事点","1","http://www.gdzwfw.gov.cn/portal/country-hall-child.do?region=440785103202","",""
"10700011124","广东省","江门市","恩平市","圣堂镇","水塘村","水塘村","440785101203","440785101000","村居办事点","1","http://www.gdzwfw.gov.cn/portal/country-hall-child.do?region=440785101203","",""
"10700011343","广东省","江门市","恩平市","沙湖镇","那梨村","那梨村","440785103209","440785103000","村居办事点","1","http://www.gdzwfw.gov.cn/portal/country-hall-child.do?region=440785103209","",""
"10700011637","广东省","江门市","恩平市","君堂镇","大湾村","大湾村","440785105208","440785105000","村居办事点","1","http://www.gdzwfw.gov.cn/portal/country-hall-child.do?region=440785105208","",""
"10700011642","广东省","江门市","恩平市","恩城街","平塘村","平塘村","440785001211","440785001000","村居办事点","1","http://www.gdzwfw.gov.cn/portal/country-hall-child.do?region=440785001211","",""
"10700016089","广东省","江门市","恩平市","君堂镇","黎塘村","黎塘村","440785105201","440785105000","村居办事点","1","http://www.gdzwfw.gov.cn/portal/country-hall-child.do?region=440785105201","",""
"10700017047","广东省","江门市","恩平市","沙湖镇","水楼村","水楼村","440785103212","440785103000","村居办事点","1","http://www.gdzwfw.gov.cn/portal/country-hall-child.do?region=440785103212","",""
"10700017427","广东省","江门市","恩平市","圣堂镇","龙塘村","龙塘村","440785101202","440785101000","村居办事点","1","http://www.gdzwfw.gov.cn/portal/country-hall-child.do?region=440785101202","",""
"10700018015","广东省","江门市","恩平市","大田镇","石山村","石山村","440785106200","440785106000","村居办事点","1","http://www.gdzwfw.gov.cn/portal/country-hall-child.do?region=440785106200","",""
"10700018225","广东省","江门市","恩平市","圣堂镇","长安村","长安村","440785101200","440785101000","村居办事点","1","http://www.gdzwfw.gov.cn/portal/country-hall-child.do?region=440785101200","",""
"10700021799","广东省","江门市","恩平市","恩城街","新城社区","新城社区","440785001009","440785001000","村居办事点","1","http://www.gdzwfw.gov.cn/portal/country-hall-child.do?region=440785001009","",""
"10700021906","广东省","江门市","恩平市","君堂镇","清湖村","清湖村","440785105212","440785105000","村居办事点","1","http://www.gdzwfw.gov.cn/portal/country-hall-child.do?region=440785105212","",""
"10700021919","广东省","江门市","恩平市","沙湖镇","南坑村","南坑村","440785103203","440785103000","村居办事点","1","http://www.gdzwfw.gov.cn/portal/country-hall-child.do?region=440785103203","",""
"10700022044","广东省","江门市","恩平市","大槐镇","圩镇社区","圩镇社区","440785108001","440785108000","村居办事点","1","http://www.gdzwfw.gov.cn/portal/country-hall-child.do?region=440785108001","",""
"10700022165","广东省","江门市","恩平市","君堂镇","杨屋村","杨屋村","440785105213","440785105000","村居办事点","1","http://www.gdzwfw.gov.cn/portal/country-hall-child.do?region=440785105213","",""
"10700022340","广东省","江门市","恩平市","圣堂镇","三联村","三联村","440785101208","440785101000","村居办事点","1","http://www.gdzwfw.gov.cn/portal/country-hall-child.do?region=440785101208","",""
"10700023724","广东省","江门市","恩平市","恩城街","东门社区","东门社区","440785001001","440785001000","村居办事点","1","http://www.gdzwfw.gov.cn/portal/country-hall-child.do?region=440785001001","",""
"10700023726","广东省","江门市","恩平市","恩城街","西门社区","西门社区","440785001003","440785001000","村居办事点","1","http://www.gdzwfw.gov.cn/portal/country-hall-child.do?region=440785001003","",""
"10700023967","广东省","江门市","恩平市","沙湖镇","南塘村","南塘村","440785103215","440785103000","村居办事点","1","http://www.gdzwfw.gov.cn/portal/country-hall-child.do?region=440785103215","",""
"10700024005","广东省","江门市","恩平市","东成镇","四联村","四联村","440785109208","440785109000","村居办事点","1","http://www.gdzwfw.gov.cn/portal/country-hall-child.do?region=440785109208","",""
"10700024116","广东省","江门市","恩平市","良西镇","龙山村","龙山村","440785102205","440785102000","村居办事点","1","http://www.gdzwfw.gov.cn/portal/country-hall-child.do?region=440785102205","",""
"10700024202","广东省","江门市","恩平市","东成镇","东新村","东新村","440785109209","440785109000","村居办事点","1","http://www.gdzwfw.gov.cn/portal/country-hall-child.do?region=440785109209","",""
"10700024293","广东省","江门市","恩平市","那吉镇","潭角村","潭角村","440785107204","440785107000","村居办事点","1","http://www.gdzwfw.gov.cn/portal/country-hall-child.do?region=440785107204","",""
"10700024302","广东省","江门市","恩平市","恩城街","南联村","南联村","440785001204","440785001000","村居办事点","1","http://www.gdzwfw.gov.cn/portal/country-hall-child.do?region=440785001204","",""
"10700024306","广东省","江门市","恩平市","大田镇","东南村","东南村","440785106206","440785106000","村居办事点","1","http://www.gdzwfw.gov.cn/portal/country-hall-child.do?region=440785106206","",""
"10700024355","广东省","江门市","恩平市","东成镇","金坑村","金坑村","440785109210","440785109000","村居办事点","1","http://www.gdzwfw.gov.cn/portal/country-hall-child.do?region=440785109210","",""
"10700024366","广东省","江门市","恩平市","恩城街","东安墟镇","东安墟镇","440785001008","440785001000","村居办事点","1","http://www.gdzwfw.gov.cn/portal/country-hall-child.do?region=440785001008","",""
"10700024497","广东省","江门市","恩平市","横陂镇","南华村","南华村","440785100211","440785100000","村居办事点","1","http://www.gdzwfw.gov.cn/portal/country-hall-child.do?region=440785100211","",""
"10700024766","广东省","江门市","恩平市","恩城街","新楼村","新楼村","440785001215","440785001000","村居办事点","1","http://www.gdzwfw.gov.cn/portal/country-hall-child.do?region=440785001215","",""
"10700024869","广东省","江门市","恩平市","东成镇","石桥头村","石桥头村","440785109204","440785109000","村居办事点","1","http://www.gdzwfw.gov.cn/portal/country-hall-child.do?region=440785109204","",""
"10700024889","广东省","江门市","恩平市","大田镇","白石村","白石村","440785106205","440785106000","村居办事点","1","http://www.gdzwfw.gov.cn/portal/country-hall-child.do?region=440785106205","",""
"10700025056","广东省","江门市","恩平市","沙湖镇","乌石村","乌石村","440785103208","440785103000","村居办事点","1","http://www.gdzwfw.gov.cn/portal/country-hall-child.do?region=440785103208","",""
"10700025116","广东省","江门市","恩平市","君堂镇","石潭村","石潭村","440785105210","440785105000","村居办事点","1","http://www.gdzwfw.gov.cn/portal/country-hall-child.do?region=440785105210","",""
"10700025380","广东省","江门市","恩平市","恩城街","联合村","联合村","440785001202","440785001000","村居办事点","1","http://www.gdzwfw.gov.cn/portal/country-hall-child.do?region=440785001202","",""
"10700025895","广东省","江门市","恩平市","大田镇","黄沙村","黄沙村","440785106207","440785106000","村居办事点","1","http://www.gdzwfw.gov.cn/portal/country-hall-child.do?region=440785106207","",""
"10700025897","广东省","江门市","恩平市","君堂镇","太平村","太平村","440785105217","440785105000","村居办事点","1","http://www.gdzwfw.gov.cn/portal/country-hall-child.do?region=440785105217","",""
"10700025920","广东省","江门市","恩平市","君堂镇","新塘村","新塘村","440785105209","440785105000","村居办事点","1","http://www.gdzwfw.gov.cn/portal/country-hall-child.do?region=440785105209","",""
"10700026170","广东省","江门市","恩平市","沙湖镇","和平村","和平村","440785103201","440785103000","村居办事点","1","http://www.gdzwfw.gov.cn/portal/country-hall-child.do?region=440785103201","",""
"10700026192","广东省","江门市","恩平市","君堂镇","中安村","中安村","440785105215","440785105000","村居办事点","1","http://www.gdzwfw.gov.cn/portal/country-hall-child.do?region=440785105215","",""
