F3070225300021_000014003,F3070225300021_000014004,F3070225300021_000014001,F3070225300021_000014002,F3070225300021_000014005
"中材(天山)水泥有限公司技术中心",无,2009年,省经信委、省财政厅、省税务局、海关总署广东分署,91445303749152057R
广东温氏食品集团有限公司技术中心,无,2005年,省经信委、省财政厅、省税务局、海关总署广东分署,91445300707813507B
广东万事泰集团有限公司技术中心,无,2013年,省经信委、省财政厅、省税务局、海关总署广东分署,914453007078149646
广东祥利塑料有限公司,无,2018年,省经信委、省财政厅、省税务局、海关总署广东分署,91445300726488228D
郁南县永光电池集团技术中心,无,2007年,省经信委、省财政厅、省税务局、海关总署广东分署,9144532274801527XR
中材亨达水泥有限公司技术中心,无,2011年,省经信委、省财政厅、省税务局、海关总署广东分署,91445300784875111X
广东凌丰集团有限公司技术中心,无,2003年,省经信委、省财政厅、省税务局、海关总署广东分署,9144530019582691XN
广东德纳斯金属制品有限公司技术中心,无,2014年,省经信委、省财政厅、省税务局、海关总署广东分署,91445300665039532R
云浮市惠沄钛白有限公司技术中心,无,2011年,省经信委、省财政厅、省税务局、海关总署广东分署,914453007545211876
广东中兴液力传动有限公司技术中心,无,2010年,省经信委、省财政厅、省税务局、海关总署广东分署,914453227287584043
