F3070220000027_000089008,F3070220000027_000089010,F3070220000027_000089011,F3070220000027_000089001,F3070220000027_000089012,F3070220000027_000089016,F3070220000027_000089006,F3070220000027_000089017
广东省乐昌市公证处,肖永来,正常,乐城镇人民中路70号,0751-5553721,韶关市辖区,是,-
广东省龙川县公证处,张惠忠,正常,龙川县新城开发区3号小区,0762-6803926,河源市辖区,是,32440000680075292Y
广东省深圳市前海公证处,富建明,正常,"南山区高新科技园南区高新南一道中国科技开发院中科大厦7楼A单元",0755-86309505,深圳市辖区,是,32440000319607859E
广东省广州市花都公证处,梁国斌,正常,花城街玫瑰路12号德汇商务楼二层,020-86883696,广州市辖区,是,324400007534637041
广东省广州市增城公证处,郭永辉,正常,增城区荔城街民乐路18号首层11号,020-82752923,广州市辖区,是,32440000741895454N
广东省阳江市阳东公证处,李新,正常,德政路1号区府大院综合楼四楼,0662-6613065,阳江市辖区,是,-
广东省吴川市公证处,李玉婷,正常,吴川市沿江路一区173号,0759-5562802,湛江市辖区,是,32440000722416569X
广东省肇庆市端城公证处,欧有阳,正常,肇庆市端州区跃龙路78幢2楼,0758-2269735,肇庆市辖区,是,-
广东省饶平县公证处,王晓生,正常,饶平县黄冈镇丁未路434号,0768-8887253,潮州市辖区,是,324400006844904760
广东省信宜市公证处,陈剑鸣,正常,信宜市红旗路3号,0668-8884329,茂名市辖区,是,-
广东省深圳市坪山公证处,李金祥,正常,"深圳市坪山创新广场 A座20楼",13823192502,深圳市辖区,是,32440000MD5016201U
广东省广州市南粤公证处,林进生,正常,天河路240号丰兴广场C座第15层,202-38856261,广州市辖区,是,32440000MD5015321C
广东省珠海市珠海公证处,冯斌,正常,珠海市香洲夏美路25号,0756-2128812,珠海市辖区,是,324400004559296922
广东省新丰县公证处,朱秀芳,正常,新丰县法政路17号,0751-6849318,韶关市辖区,是,-
广东省佛冈县公证处,黄榕深,正常,佛冈县社会综合服务中心四楼,0763-4283600,清远市辖区,是,324400007701565895
广东省五华县公证处,罗新明,正常,五华县水寨镇公园路12号,0753-4313214,梅州市辖区,是,-
广东省中山市桂山公证处,陈承凯,正常,中山市三乡镇景观大道2号,0760-85881901,中山市辖区,是,324400005666207003
广东省广州市黄埔公证处,邓旭红,正常,大沙地东311号四楼、五楼,020-82399197,广州市辖区,是,324400006832664807
广东省深圳市深圳公证处,杨少彬,正常,福田区深南大道4013号兴业银行大厦17-18楼,0755-83053935,深圳市辖区,是,324400004557676037
广东省深圳市盐田公证处,叶剑锋,正常,海山街道壹海城一区1栋17楼,0755-25551435,深圳市辖区,否,32440000455746925R
广东省博罗县公证处,冯爽,正常,博罗县罗阳镇博罗新城博罗社会服务中心2号楼F厅,0752-6212802,惠州市辖区,是,-
广东省深圳市南山公证处,夏宏雄,正常,南海大道新保辉大厦13楼,0755-86367008,深圳市辖区,否,32440000G34784858Y
广东省深圳市宝安公证处,陈运泉,正常,前进路21区深信泰丰大厦8楼802室,0755-27399900,深圳市辖区,是,32440000G347839352
广东省佛山市顺德公证处,李开林,正常,佛山市顺德区新城区办证中心4楼,0757-22835905,佛山市辖区,是,-
广东省陆河县公证处,彭汉怀,正常,陆河县司法局办公大楼2楼,0660-5609098,汕尾市辖区,是,-
广东省东莞市东莞公证处,陈胜民,正常,东莞市南城体育路3号体育中心体育馆附楼1楼,0769-23661778,东莞市辖区,是,32440000K30799410G
广东省江门市江门公证处,黄剑清,正常,江门市蓬江区五福五街11座1号,0750-3281060,江门市辖区,是,32440000712365024Q
广东省英德市公证处,温英萍,正常,英德市英城城北金子山大道政务服务中心一楼,0763-2282069,清远市辖区,是,32440000594071980Y
广东省雷州市公证处,黄琪,正常,雷州市雷州大道6号,0759-8811532,湛江市辖区,是,-
广东省乳源瑶族自治县公证处,叶金灵,正常,乳源县乳城镇鲜明南路,0751-6832322,韶关市辖区,是,32440000754537605W
广东省翁源县公证处,朱友清,正常,翁源县建设一路382号行政服务中心,0751-2816444,韶关市辖区,是,-
广东省中山市石岐公证处,黄之凯,正常,中山市东区中山四路88号尚峰金融商务中心5栋8楼,0760-88335622,中山市辖区,是,32440000G191701026
广东省揭阳市德信公证处,洪晓君,正常,揭阳市榕城区望江北路南侧榕城区政务服务中心,0663-8651511,揭阳市辖区,是,32440000G185230767
广东省汕头市潮阳公证处,吴楚源,正常,汕头市潮阳区文光街道棉西三路,0754-83845638,汕头市辖区,是,-
广东省韶关市韶州公证处,商丽杰,正常,"韶关市武江区工业西路26号富康山水华府旭月园1幢二层",0751-8899428,韶关市辖区,是,32440000727064558N
广东省韶关市启明公证处,陈湘泉,正常,韶关市浈江区启明路政法大楼,0751-8862784,韶关市辖区,是,-
广东省河源市河源公证处,袁小玲,正常,河源市沿江东路5号,0762-3820082,河源市辖区,是,324400000795014480
广东省江门市蓬江公证处,谭华标,正常,江门市迎宾大道中五邑大学伟伦中心三楼,0750-3299992,江门市辖区,是,32440000G186292258
广东省鹤山市公证处,源文刚,正常,鹤山市沙坪街道人民路35号,0750-8885975,江门市辖区,是,32440000749990819Q
广东省江门市江海公证处,郝炼,正常,江门市跃进路48号,0750-3193811,江门市辖区,是,32440000007066547D
广东省肇庆市鼎信公证处,伦桂好,正常,肇庆市鼎湖区坑口新城国兴街,0758-2621656,肇庆市辖区,是,-
广东省阳江市恒丰公证处,吕国锐,正常,濠江路17号,0662-3282993,阳江市辖区,否,3244000076294207X0
广东省肇庆市震东公证处,邓智勇,正常,肇庆市景泰路1号,0758-2226015,肇庆市辖区,是,32440000749169262B
广东省揭阳市三江公证处,吴培忠,正常,揭阳市东山区黄岐山大道广银大厦13楼,0663-8227300,揭阳市辖区,是,32440000727076882E
广东省郁南县公证处,谈奕标,正常,郁南县都城镇教育路21号,0766-7593912,云浮市辖区,是,-
广东省惠州市惠阳公证处,李永东,正常,惠州市惠阳区伯公坳区行政服务中心一楼,0752-3340728,惠州市辖区,是,32440000G18874095U
广东省惠州市阳光公证处,杨瑞钧,正常,江北文昌二路9号力天中心四楼,0752-2822968,惠州市辖区,是,32440000MD5015276B
广东省汕头市潮南公证处,高修雁,正常,汕头市潮南区峡山街道办事处金凤东二街21-22号,0754-87761939,汕头市辖区,是,32440000764911648U
广东省惠东县公证处,黄毓斌,正常,惠东县华侨城文景路一号,0752-8815100,惠州市辖区,是,32440000007201892N
广东省珠海市香洲公证处,郑晋亮,正常,人民东路518号,0756-2533051,珠海市辖区,是,32440000K30288813L
广东省汕头市汕头公证处,蔡伟鸿,正常,华山路16号1-3楼,0754-88460746,汕头市辖区,是,32440000455943590A
广东省平远县公证处,王云发,正常,平远县大柘镇平城南路56号,0753-8125170,梅州市辖区,是,3244000057973757XA
广东省龙门县公证处,谭桂香,正常,龙门县龙城街道香滨东路4号,0752-7783677,惠州市辖区,是,-
广东省南澳县公证处,张健文,正常,后宅镇金龙路中段,0754-86818606,汕头市辖区,是,-
广东省南雄市公证处,陈华娟,正常,南雄市林荫西路17号,0751-3936315,韶关市辖区,是,32440000455884586F
广东省广州市海珠公证处,邝志强,正常,福场路5号（富力金禧商贸大厦）9楼,020-34465297,广州市辖区,是,32440000007485696P
广东省湛江市海湾公证处,庞国文,正常,湛江市坡头区党校内,-,湛江市辖区,是,-
广东省清远市城中公证处,梁春燕,正常,"清城区下廓二街158号清远市防洪工程建设管理处办公大楼7楼",0763-3325984,清远市辖区,是,324400007848934240
广东省广州市XX公证处,-,正常,广州市XX区XX路XX号,02088888888,广州市辖区,否,32400000000000000
广东省陆丰市公证处,廖志雄,正常,陆丰市东海镇南堤路126号374楼,0660-8991407,汕尾市辖区,是,-
广东省连平县公证处,何忠,正常,连平县元善镇公园路2号,0762-4326163,河源市辖区,是,-
广东省汕头市潮汕公证处,肖钦文,正常,汕头市东厦路50号5楼,0754-88250305,汕头市辖区,是,32440000771890857Q
广东省韶关市康正公证处,骆小辉,正常,韶关市武江区体育东路7号,0751-8774603,韶关市辖区,是,-
广东省揭西县公证处,刘如娟,正常,揭西县城环城东路揭西县司法局一楼,0663-5584242,揭阳市辖区,是,-
广东省佛山市南海公证处,林敏,正常,佛山市南海区桂城天佑三路1号大院A座,0757-86220271,佛山市辖区,是,32440000755630836L
广东省惠州市惠州公证处,李巧民,正常,惠州市惠州大道江北段86号惠州市公共法律服务中心,0752-2167027,惠州市辖区,是,32440000G1887567XD
广东省梅州市梅县公证处,张慧佳,正常,梅州市嘉应西路29号,0753-2591449,梅州市辖区,是,324400007361764637
广东省丰顺县公证处,王桂珍,正常,丰顺县新世纪行政中心司法大楼,0753-6688282,梅州市辖区,是,32440000084529517U
广东省蕉岭县公证处,"徐  增",正常,蕉岭县蕉城镇新东北路94号,0753-7884383,梅州市辖区,是,-
广东省新兴县公证处,陈玉玲,正常,新兴县新城镇广兴大道东新兴县司法局1楼,0766-2887463,云浮市辖区,是,32440000g187892611
广东省化州市公证处,陈艺萍,正常,化州市民安路88号化州市司法局二楼,0668-7222202,茂名市辖区,是,-
广东省佛山市禅城公证处,毛友君,正常,佛山市禅城区魁奇路澜石（国际）金属交易中心2楼,0757-66611111,佛山市辖区,是,324400006730663896
广东省韶关市民信公证处,万海英,正常,广东省韶关市曲江区鞍山路28号,0751-6666454,韶关市辖区,是,32440000455901585B
广东省深圳市福田公证处,邓小武,正常,深南中路佳和华强大厦B座8楼,0755-83794032,深圳市辖区,是,32440000455813825R
广东省东源县公证处,黄远平,正常,东源县城东源大道中路（东源县司法局一楼）,0762-8836950,河源市辖区,是,-
广东省汕尾市汕城公证处,黄植浩,正常,汕尾市城区司法局内,0660-3389022,汕尾市辖区,是,-
广东省广州市XX公证处,-,正常,XX路XX号,020-88888888,广州市辖区,否,324400000000000000
广东省云浮市安城公证处,莫伙养,正常,云安区六都镇明珠路1号,0766-8613523,云浮市辖区,是,324400007417029822
广东省河源市华龙公证处,李军,正常,河源市源城区公园路19号,0762-3333801,河源市辖区,是,-
广东省惠州市大亚湾公证处,刘茂珊,正常,惠州市大亚湾区安惠大道一巷20号,0752-5577484,惠州市辖区,是,32440000G18875661M
广东省惠州市惠城公证处,曹显棠,正常,惠州市南坛东路横街12号,0752-2230350,惠州市辖区,是,32440000K30599136Y
广东省徐闻县公证处,邓青林,正常,徐闻县徐城镇庆东路20号,0759-4861972,湛江市辖区,是,324400007701763280
广东省罗定市公证处,陈杰,正常,罗定市人民北路69号,0766-3733148,云浮市辖区,是,-
广东省肇庆市高新公证处,沈鹏展,正常,高新区政德大街91号行政服务中心,0758-3636166,肇庆市辖区,否,-
广东省阳西县公证处,刘程健,正常,阳西县新城三区福祥三街5号,0662-5528266,阳江市辖区,是,-
广东省中山市香山公证处,植才坚,正常,"南区永安一路9号悦盈新城花园悦创天地523-530卡 ",13822766788,中山市辖区,是,"  32440000MD5015268G  "
广东省广州市南沙公证处,雷杰峰,正常,南沙区南沙街进港大道595号,020-39000114,广州市辖区,是,32440000MD50100028
广东省广州市荔湾公证处,曹永雄,正常,浣花路103号东宝花园101室,020-31024835,广州市辖区,是,32440000550583722M
广东省珠海市金湾公证处,孙波,正常,"珠海市金湾区西湖城区山湖海8号时代山湖海三楼公共法律服务中心",0756-7799088,珠海市辖区,是,32440000753685905J
广东省始兴县公证处,朱利君,正常,始兴县永安大道南旁,0751-3931300,韶关市辖区,是,324400000069634574
广东省江门市新会公证处,陈霁,正常,江门市新会区会城东庆北路28号,0750-6166601,江门市辖区,是,3244000076493804XW
广东省开平市公证处,余松波,正常,开平市三埠街道办事处港口路33号,0750-2215032,江门市辖区,是,324400007629410347
广东省茂名市华夏公证处,梁雄伟,正常,茂名市油城八路3号（茂名市城市综合开发公司四楼）,-,茂名市辖区,是,-
广东省茂名市南宏公证处,吴小艺,正常,茂南大道茂南区直属机关综合楼一楼公证法律服务中心,0668-2818736,茂名市辖区,是,32440000665032680H
广东省连州市公证处,曾艳红,正常,连州镇爱民路23号,0763-6630139,清远市辖区,是,32440000770956703A
广东省惠来县公证处,方映生,正常,惠来县城镇教育路44号,0663-6621979,惠州市辖区,是,32440000G18524909K
广东省汕头市粤东公证处,郭榆,正常,黄山路30号荣兴大厦702、703、704号,13829654960,汕头市辖区,是,"32440000MD501525XG  "
广东省中山市凤翔公证处,洪瑞娥,正常,东阜二路163号,0760-22596311,中山市辖区,是,32440000304091327J
广东省广州市南方公证处,黄县辉,正常,中山四路246号信德商务大厦9-10楼,020-83635851,广州市辖区,是,32440000455862221T
广东省仁化县公证处,刘伟华,正常,仁化县丹霞大道6号,0751-6802318,韶关市辖区,是,-
广东省东莞市南华公证处,冯志海,正常,东莞市虎门镇金龙路59号广发鸿枫大厦7楼,0769-82887368,东莞市辖区,是,32440000663377191P
广东省汕头市龙湖公证处,肖秋东,正常,汕头市龙湖区大南山路3号,0754-88362706,汕头市辖区,是,"32440000455944016F "
广东省广州市白云公证处,黄海镰,正常,广州市白云区政通路27号,020-28388000,广州市辖区,是,324400006832964874
广东省清远市国信公证处,程惠娟,正常,清远市连江路金豪苑203号,0763-3336959,清远市辖区,是,32440000707509687T
广东省云浮市石都公证处,陆小玲,正常,云浮市云城区河滨东路市司法局3楼,0766-8835557,云浮市辖区,是,32440000k30591329q
广东省封开县公证处,钟凯东,正常,封开县江口镇红卫路23号,0758-6663312,肇庆市辖区,是,-
广东省茂名市油城公证处,戴汉,正常,茂名市人民北路15号大院,0668-2282313,茂名市辖区,是,-
广东省广州市广州公证处,韦翠坚,正常,广州市东风中路437号城市广场南塔10-12楼,83183060,广州市辖区,是,3244000045541578XQ
广东省佛山市高明公证处,许李产,正常,"佛山市高明区荷城街道（三洲）百灵路88号行政服务中心1楼",0757-88823200,佛山市辖区,是,32440000768427394J
广东省梅州市嘉应公证处,"林  海",正常,梅州市梅江三路85号,0753-2303033,梅州市辖区,是,324400007254608728
广东省佛山市三水公证处,丁剑,正常,佛山市三水区西南街道健力宝南路宝南大街4号101,0757—87732681,佛山市辖区,是,32440000592191073R
广东省潮州市韩江公证处,程璇珍,正常,潮州市新洋路华信大厦1楼,0768-2211325,潮州市辖区,是,324400007848539403
广东省广州市从化公证处,利沃佳,正常,街口街凤仪东路159号首、二层,020-87971013,广州市辖区,是,32440000455399679C
广东省紫金县公证处,周德光,正常,紫金县司法局大楼内,0762-7824780,河源市辖区,是,32440000739865360X
广东省湛江市粤西公证处,林杰,正常,湛江市赤坎区体育南路95号,0759-3282622,湛江市辖区,是,32440000570162327H
广东省四会市公证处,江燕梅,正常,四会市城中区朝阳街13座1号,0758-3311162,肇庆市辖区,是,-
广东省阳山县公证处,邓伟明,正常,阳城镇行政中心四路司法局五楼,0763-7882475,清远市辖区,否,-
广东省清远市清新公证处,张俭荣,正常,清新区玄真路30号,0763-5811727,清远市辖区,是,32440000K3076500XE
广东省廉江市公证处,陈克生,正常,廉江市广场路35号,0759-6623844,湛江市辖区,是,-
广东省汕头市南滨公证处,李照勋,正常,汕头市濠江区府前路中段濠江区司法局内,0754-86702664,汕头市辖区,是,324400007408325744
广东省兴宁市公证处,王冬钒,正常,兴宁市中山西路76号,0753-3333942,梅州市辖区,是,32440000G18940742K
广东省茂名市电白公证处,蔡伯恒,正常,"电白区水东镇水东大道中一号，电白区行政服务中心五楼",0668-5115059,茂名市辖区,是,-
广东省普宁市公证处,张美涛,正常,普宁市流沙镇西园7栋,0663-2239964,揭阳市辖区,是,324400007251044990
广东省珠海市横琴公证处,卫月仙,正常,横琴新区港澳大道88号2栋2901,0756-2680200,珠海市辖区,是,324400003546666948
广东省汕尾市海陆公证处,王维标,正常,汕尾市腾飞路市司法局内,0660-3372724,汕尾市辖区,是,-
广东省广宁县公证处,谭广杰,正常,广宁县南街镇城西开发区城南大道广宁县司法局一楼,0758-8668571,肇庆市辖区,是,32440000K305538245
广东省阳江市漠阳公证处,陈雪,正常,阳江市东风三路107号市司法局大楼,0662-3356260,阳江市辖区,是,32440000724766773J
广东省深圳市龙岗公证处,"罗  生",正常,中心城清林中路海关大厦西座12楼,0755-28948855,深圳市辖区,否,32440000G34813049Q
广东省高州市公证处,苏龙坤,正常,高州市潘州东路171号,0668-6665528,茂名市辖区,是,-
广东省阳春市公证处,黄启恩,正常,阳春市春城镇朝南路74号,0662-7736401,阳江市辖区,否,32440000770162399M
广东省怀集县公证处,黄丽玲,正常,"怀集县怀城镇工业大道150号（怀集县公共法律服务中心）",0758-5530054,肇庆市辖区,是,-
广东省佛山市珠江公证处,何超明,正常,佛山市禅城区汾江中路209号,0757-83031542,佛山市辖区,是,32440000724608371
广东省广州市番禺公证处,李小良,正常,市桥街富华东路518号桥力大厦,020-84808651,广州市辖区,是,32440000725646650M
广东省连南瑶族自治县公证处,丘卫华,正常,三江镇民族风情街C13栋,0763-3175881,清远市辖区,是,-
广东省珠海市斗门公证处,王继军,正常,井岸镇桥北一区21号,0756-5524413,珠海市辖区,是,32440000K3029392XF
广东省汕头市澄海公证处,姚丽华,正常,汕头市澄海区文川路20号2楼,0754-85722755,汕头市辖区,是,32440000G185106971
广东省中山市菊城公证处,蔡国华,正常,中山市小榄镇新华中路3号13楼,0760-22239393,中山市辖区,是,32440000748032731Y
广东省遂溪县公证处,黄河,正常,城府前路县府大院,0759-7791378,湛江市辖区,是,-
广东省湛江市港城公证处,曹铁英,正常,湛江市霞山区解放东路28号海帆大厦首层,0759-2229886,湛江市辖区,是,324400003511729981
广东省云浮市东安公证处,何卫善,正常,屏峰一路32号,0766-8180051,云浮市辖区,是,32440000671574881k
广东省中山市火炬公证处,李粤杏,正常,"广东省中山市火炬开发区中山港大道115号骏建综合楼",0760-89923293,中山市辖区,是,"32440000566620727T "
广东省台山市公证处,黄江云,正常,台山市台城富城大道128号,0750-5572032,江门市辖区,是,32440000456164206T
广东省大埔县公证处,罗图南,正常,大埔县城文化路175号,0753-5537600,梅州市辖区,是,324400007929955516
广东省和平县公证处,黄文生,正常,和平县福和大道司法局大楼内,0762-5635031,河源市辖区,否,-
广东省梅州市梅江公证处,郑海风,正常,梅州市道前街司法大楼,0753-2196798,梅州市辖区,是,-
广东省海丰县公证处,钟志军,正常,海丰县海城镇人民南路商业城3楼,0660-6627573,汕尾市辖区,是,-
广东省深圳市罗湖公证处,张少华,正常,深南东路5015号金丰城A座24楼,0755-25834728,深圳市辖区,是,32440000455767742X
广东省东莞市东部公证处,方丽荷,正常,东莞市常平镇常马路丽城大道6号公证大楼,0769-81893338,东莞市辖区,是,32440000791238217J
广东省恩平市公证处,赵彩菊,正常,恩平市东门路24号,0750-7371012,江门市辖区,是,32440000770950467G
广东省肇庆市高要公证处,梁霞珍,正常,高要南岸镇府前大街80号,0758-8399083,肇庆市辖区,是,-
广东省德庆县公证处,甘晓浩,正常,德庆县政府办公大楼215室,0758-7781626,肇庆市辖区,是,-
广东省潮州市潮安公证处,蔡泽真,正常,"潮州市潮安区庵埠镇兴利商业城商住楼第四栋北向楼3至5号",0768-5810299,潮州市辖区,是,324400005625571857
广东省连山壮族瑶族自治县公证处,唐振伟,正常,连山壮族瑶族自治县吉田镇双龙路县司法局办公楼一楼,0763-8716383,清远市辖区,是,-
广东省佛山市岭南公证处,高素贤,正常,季华五路28号市行政服务中心,0757-,佛山市辖区,否,32440000MD50154010
广东省揭阳市揭东公证处,林朝辉,正常,揭东县曲溪镇金凤路66号,0663-3263860,揭阳市辖区,是,32440000G1855776X9
