F3070220000027_000033008,F3070220000027_000033019,F3070220000027_000033007,F3070220000027_000033017,F3070220000027_000033005,F3070220000027_000033004,F3070220000027_000033003,F3070220000027_000033002,F3070220000027_000033013,F3070220000027_000033012,F3070220000027_000033011,F3070220000027_000033010
0769-22707837,523047,"广东省东莞市万江街道谷涌工业区107国道西路二巷16号","法医病理司法鉴定，法医临床司法鉴定，法医精神病司法鉴定，法医物证司法鉴定，法医毒物司法鉴定（限乙醇检测、医用合成药类检测、毒品类检测），文书司法鉴定（污损文件鉴定、文件制作时间鉴定除外），痕迹司法鉴定，声像资料司法鉴定（录音资料鉴定除外）",程时和,陈志威,441907141,广东康怡司法鉴定中心,2022-01-17,2018-04-16,kysfjdzx@126.com,0769-22988988
0753-2354244,514000,梅州市大浪口路梅州市第三人民医院,法医精神病司法鉴定,曾德夫,温兴章,441407147,梅州市第三人民医院法医精神病司法鉴定所,2023-04-18,2018-04-19,mzsfjds@sina.com,0753-2354244
0766-8473569,527300,云浮市云城区世纪大道中凤岐一巷3号,"法医临床司法鉴定（视觉功能鉴定、听觉功能鉴定、性功能鉴定、活体年龄鉴定除外），法医毒物司法鉴定（限乙醇检测）",黎仲鉴,岑升英,445307151,广东中天司法鉴定所,2022-08-23,2019-03-12,-,0766-8473579
020-87083371,-,广州市天河区龙腾路245号,"法医临床司法鉴定（性功能鉴定、活体年龄鉴定除外），法医物证司法鉴定，法医毒物司法鉴定（限乙醇检测），文书司法鉴定（污损文件鉴定、文件制作时间鉴定除外），痕迹司法鉴定，声像资料司法鉴定（录音资料鉴定除外）",孙长占,项琼,440116252,广东司法警官职业学院司法鉴定中心,2021-12-15,2018-05-01,-,-
020-85250144,510075,"广州市天河区黄埔大道西108号天河奥园大厦1203-1207室",-,何丹怡,陈金海,440105102,广东中量建筑工程造价司法鉴定所,2018-06-24,2017-03-01,gdzhongliang@vip.163.com,020-38686059
0760-88781326,528400,广东省中山市东区康华东路23号1楼101室,-,虞先椿,李启明,442003054,广东明正建筑工程质量司法鉴定所,2018-01-17,2017-04-05,1609735610@qq.com,0760-88781326
0769-22222756,523160,东莞市中堂江南村麦州岛精神卫生中心,法医精神病司法鉴定,陈耀汉,袁丁,441906130,东莞市精神卫生中心法医精神病司法鉴定所,2023-06-13,2018-06-14,cyh0931@sina.com,0769-22235189
020－87681613,510070,广州市先烈中路100号大院58栋609室,知识产权司法鉴定,彭雪辉,彭雪辉,440104088,广东省知识产权研究与发展中心司法鉴定所,2019-08-25,2018-10-25,judi@guangdongip.gov.cn,020-37656566
0760-5523528,528451,中山市南朗镇田边正街80号,法医精神病司法鉴定,张文蔚,黄湘漪,442006137,广东埠湖法医精神病司法鉴定所,2024-03-17,2019-03-18,411928711@QQ.com,0760-85529750
020-82212406-203,510730,广州市开发区开发大道233号三楼302室,-,祁勇,祁勇,440105108,广东恒茂建筑工程造价司法鉴定所,2018-06-24,2017-03-01,gzhm@vip.163.com,020-82212410
020-38339760,510620,广州市天河区华穗路172号803,-,丁跃平,丁跃平,440105101,广东华审建筑工程造价司法鉴定所,2019-06-29,2017-03-01,gdhszhb@gdhuashen.com,020-38339725
0754-88369977,515000,"汕头市榕江路环碧庄环碧花园第1-8幢首层112号、126、127号","法医临床司法鉴定（视觉功能鉴定、听觉功能鉴定、性功能鉴定、活体年龄鉴定除外）",陆奇,马长生,440509176,广东东方法医临床司法鉴定所,2021-01-06,2019-05-21,-,0754-88369977
0756-8513538,519000,珠海市梅华东路52号一楼,"法医临床司法鉴定（视觉功能鉴定、听觉功能鉴定、性功能鉴定、活体年龄鉴定除外）",刘伯群,钟荣新,440413198,广东正光法医临床司法鉴定所,2020-08-25,2018-04-16,1357700426@qq.com,-
0758-2266317,x,"肇庆市端州二路西北侧（87区）黄岗南方电网西侧第三层","法医病理司法鉴定，法医临床司法鉴定（视觉功能鉴定、听觉功能鉴定、性功能鉴定除外），法医精神病司法鉴定，法医毒物司法鉴定（限乙醇检测），文书司法鉴定（限笔迹鉴定、印章印文鉴定、印刷文件鉴定），痕迹司法鉴定",董火枢,梁蕴平,441214206,广东谨正司法鉴定中心,2021-04-20,2018-11-01,-,-
0668-2371343,525000,茂名市人民南路196号第九层,法医物证司法鉴定,聂俊玮,陈赞雄,440915221,茂名市妇幼保健院法医物证司法鉴定所,2022-01-24,2018-04-16,mm2371343@163.com,-
0755-83706344,518053,深圳市福田区锦绣街2号深圳市人民警察学校,"文书司法鉴定、痕迹司法鉴定、法医临床鉴定、法医病理鉴定",郭鸿雁,崔占君,4402401,深圳市人民警察学校文书司法鉴定所,-,-,-,-
020-83554072,510045,广州市东风中路501-503号东建大厦12楼西侧,建筑工程造价司法鉴定,陈禹,陈禹,4401611,广东华禹建筑工程造价司法鉴定所,2010-01-06,2005-01-07,-,-
0758-2288954,526040,肇庆市城北路111号财联大厦10楼,-,卢志国,卢国志,441203065,广东天元信展司法会计鉴定所,2021-09-01,2017-04-05,zqcpa@vip.163.com,0758-2262922
020-28098138-8888,510623,广州市天河区天河北路179号1601房,-,马列群,马列群,440102002,广东诚安信司法会计鉴定所,2021-11-06,2017-03-01,869527543@qq.com,020-28098081
020-87262119,510650,"广州市天河区长兴路338号广州体育职业技术学院内田径风雨道2楼后座",-,赵广才,赵广才,440105123,广州市体育科学研究所法医临床司法鉴定所,2018-06-24,2015-08-28,13924003041@163.com,87262284
0754-8529811,515041,汕头市中山路213号建委大楼12层,-,官能木,官能木,440503075,广东铭信司法会计鉴定所,2017-12-27,2017-03-13,mingxin_213@163.com,0754-88560555
020－83608519,510550,"广州市越秀区环市东路326号之一广东亚洲国际大酒店19楼10单元",声像资料司法鉴定（含电子数据）,林勇忠,林勇忠,440106136,广东中证声像资料司法鉴定所,2021-08-18,2018-10-19,-,020-83609489
0768-6628282,515638,潮安县庵埠食品城A区5梯二楼,-,陈泽钿,陈泽钿,445103067,广东金正司法会计鉴定所,-,-,-,-
0762-3796888,517000,"广东省河源市新市区建设大道北东大财富中心9层901号","法医临床司法鉴定（视觉功能鉴定、听觉功能鉴定、性功能鉴定、活体年龄鉴定除外），法医毒物司法鉴定（限乙醇检测），痕迹司法鉴定（限交通事故痕迹鉴定）",叶恩光,廖远平,441617265,广东河安司法鉴定所,2022-05-23,2018-12-27,2629170310@qq.com,-
0756-2124890,-,珠海市香洲区华宇路619号,法医精神病司法鉴定,王廷玉,叶浩森,440417277,珠海市慢性病防治中心法医精神病司法鉴定所,2022-11-21,2018-04-16,zhccdc2124890@163.com,0756-2124209
0759-2304956,524001,"湛江市霞山区人民大道南42号国贸城市广场A座1701房",-,邓其辉,邓其辉,440805114,广东鑫泉司法会计鉴定所,2021-01-27,2017-04-17,zhenghesuo@163.com,0759-2360682
0763-3324810,x,清远市小市银泉南路9号康泉阁E幢101号,"法医病理司法鉴定，法医临床司法鉴定（性功能鉴定、活体年龄鉴定除外），法医毒物司法鉴定（限乙醇检测）",贺振兴,吴晓萍,441808160,广东荆圣司法鉴定所,2020-09-30,2018-04-16,1765131151@qq.com,0763-3324815
0755-25533018,x,深圳市东门北路1017号深圳市人民医院内,法医临床司法鉴定，法医物证司法鉴定,孙伟,邱晨,440303057,深圳市人民医院法医临床司法鉴定所,2020-08-17,2018-04-16,869758030@qq.com,0755-82232442
0751-691301713680080854,512026,韶关市惠民南路133号粤北人民医院鉴定所,法医病理司法鉴定，法医临床司法鉴定,高凌俊,郭伟强,440205128,粤北人民医院法医临床司法鉴定所,2023-03-22,2018-04-16,1205629001@qq.com,0751-8101956（注明鉴定所收）
0755-82984536,518048,广东省深圳市深南路大庆大厦23C,-,田伊,田伊,440303069,广东广朋司法会计鉴定所,2018-06-16,2017-04-13,guangpengcpa@126.com,0755-82984306
0755－83023168-151,518048,深圳市福田区国际商会大厦１３座４０１室,建筑工程造价司法鉴定,任进伟,林卓飞,440304090,广东中衡建筑工程造价司法鉴定所,-,-,-,-
0758-2740351,526060,肇庆市端州二路1号,法医精神病司法鉴定,谭常赞,温小飞,441206135,肇庆市第三人民医院法医精神病司法鉴定所,2021-01-28,2018-04-16,kjkly2011@126.com,0758-2745289
0769-2316999,523009,东莞市城区莞太路23号鸿禧商业大厦5楼,-,谭沛康,谭沛康,441903061,广东德信康司法会计鉴定所,2018-01-25,2017-03-27,discran@163.com,-
13570663033,-,珠海市香洲区康宁路30号五楼,"法医临床司法鉴定（视觉功能鉴定、听觉功能鉴定、性功能鉴定、活体年龄鉴定除外），文书司法鉴定（特种文件鉴定、朱墨时序鉴定、污损文件鉴定、文件制作时间鉴定除外），痕迹司法鉴定（限交通事故痕迹鉴定），声像资料司法鉴定（限电子数据鉴定）",机构负责人为苏惠祥,程连根,440417266,广东信用司法鉴定所,2022-07-12,2019-03-21,13570663033@139.com,-
0768-2862877,-,潮州市湘桥区新洋路11-12号商铺,法医临床司法鉴定,徐瑞文,林养明,445118284,广东潮汕司法鉴定所,2023-01-21,2018-04-20,25201505@qq.com,0768-2862877
0752-8999618,516001,广东省惠东县平山街道东湖二路116号,法医毒物司法鉴定（限乙醇检测）,余进胜,刘亮,441308158,广东省惠东县人民医院法医毒物司法鉴定所,2021-08-23,2018-04-16,yjs_8966@126.com,0752-8825010
0760-88389166,528400,中山市东区库充塘贝街9号,"法医病理司法鉴定，法医临床司法鉴定（视觉功能鉴定、听觉功能鉴定、性功能鉴定、活体年龄鉴定除外），法医精神病司法鉴定，法医毒物司法鉴定（限挥发性毒物类检测、毒品类检测、杀虫剂检测、杀鼠药检测、除草剂检测），文书司法鉴定（特种文件鉴定、朱墨时序鉴定、污损文件鉴定、文件制作时间鉴定除外），痕迹司法鉴定，声像资料司法鉴定（限图像资料鉴定及电子数据鉴定）",熊勇,谢静,442012191,广东岐江司法鉴定中心,2021-08-11,2019-01-04,gdqjsfjd@163.com,0760-88336027
13823853838,514011,"梅州市江南彬芳大道52号（丽都东路）商住楼首层起1、2号店","法医临床司法鉴定（视觉功能鉴定、听觉功能鉴定、性功能鉴定除外）",钟声远,林义德,441414207,广东嘉应法医临床司法鉴定所,2021-05-09,2018-04-16,2822651681@qq.com,0753-2130398
0756-2313062,519000,"珠海市香洲区柠溪路543号珠海市妇幼保健院5号楼2楼",法医物证司法鉴定（个体识别除外）,谢建红,周玉球,440415224,珠海市妇幼保健院法医物证司法鉴定所,2020-06-16,2018-04-16,-,0756-2313062
13802810835,512000,韶关市浈江区北江中路21号（韶关市第八中学旁）,"法医临床司法鉴定（视觉功能鉴定、听觉功能鉴定、性功能鉴定、活体年龄鉴定除外）",邱惠颜,李韶坚,440217255,广东法鉴法医临床司法鉴定所,2022-01-17,2017-07-06,-,-
020-86418569,510435,广州市石井石潭西路88号,法医临床鉴定,王旭东,王旭东,4401201,广东司法警察医院司法鉴定所,-,-,-,-
0756-2231184,519015,珠海市香洲康宁路16号、18号,-,胡建波,胡建波,440403073,广东大华司法会计鉴定所,2018-02-02,2017-03-02,zhuhai@dahua-cpa.com,0756-2217643
0663-8282368,522031,广东省揭阳市东山区临江北路电力花园一幢三楼,-,吴贤武,吴贤武,445204094,广东华信司法会计鉴定所,2022-05-02,2017-05-03,master@jyhxcn.com,0663-8282120
0752-2680606,516001,惠州市南坛南路21号五楼,-,时述苏,时述苏,441304095,广东龙源司法会计鉴定所,2018-03-04,2017-04-17,yuelongcpa@126.com,0752-2680603
0755-82666050,518001,深圳市前海深港合作区前湾1号A栋201室,"声像资料司法鉴定（含电子数据鉴定），知识产权司法鉴定",李朝辉,李朝辉,440316236,广东公标知识产权司法鉴定所,2021-07-13,2019-01-07,gbip@sist.org.cn,0755-82666050
0660-8805488,516500,陆丰市东海镇金华西路南侧（未列号）之一,"法医病理司法鉴定，法医临床司法鉴定（性功能鉴定、活体年龄鉴定除外）",张桂荣,郭俊德,441506131,广东同济法医临床司法鉴定所,2021-10-20,2018-04-16,-,-
0756-3332551,519015,珠海市吉大吉石路21号,-,许锴,许锴,440403079,广东珠信建筑工程质量司法鉴定所,2019-03-06,2017-03-02,/,0756-3324235
0756-5510332,-,珠海市斗门区湖心路1398号201-5,"法医临床司法鉴定（视觉功能鉴定、听觉功能鉴定、性功能鉴定、活体年龄鉴定除外）",姚燕飞,何顺义,440418285,广东邦德司法鉴定所,2023-02-01,2019-05-23,623953040@qq.com,0756-5510332
020-87592396,510620,"广州市天河区棠下荷光路第一工业区14号三楼3001房、3002房",-,李洪波,李洪波,440105107,广东鹰科建筑工程造价司法鉴定所,2018-06-24,2017-03-01,-,87592396
0752-2671319,516001,惠州市仲恺大道346号中信惠州医院内,"法医临床司法鉴定（视觉功能鉴定、听觉功能鉴定、性功能鉴定、活体年龄鉴定除外）",张在稳,李锐,441308159,广东惠中法医临床司法鉴定所,2023-06-24,2018-06-25,344642887@qq.com,2671319
0662-3656388,529500,阳江市江城区东山路东山大厦B座4号铺及二楼,"法医临床司法鉴定（视觉功能鉴定、听觉功能鉴定、性功能鉴定、活体年龄鉴定除外）",谢汝扬,陈晋锋,441709173,广东创世纪法医临床司法鉴定所,2020-09-30,2018-04-16,-,0662-3656388
020-85650843,510600,"广州市白云区尖彭路395号天瑞广场二栋（B）座1306室","法医临床司法鉴定（视觉功能鉴定、听觉功能鉴定、性功能鉴定、活体年龄鉴定除外），文书司法鉴定（文件制作时间鉴定除外）",衣晓刚,崔艳,440110180,广东恒鑫司法鉴定所,2021-12-22,2018-10-15,hxsfjd.@com.,020-85650843
020-87237203,510610,广州市天河区东莞庄路110号,微量物证司法鉴定,罗道军,陈立辉,440113200,广东赛宝微量司法鉴定所,2020-08-05,2018-05-01,rac@ceprei.com,"(86-20)87237185"
13631932272,516200,惠州市东湖西路238号和庆商务大厦3-C房,"法医临床司法鉴定（视觉功能鉴定、听觉功能鉴定、性功能鉴定、活体年龄鉴定除外）",赖外修,叶伟安,441314210,广东铭正法医临床司法鉴定所,2021-04-20,2018-04-16,3171547201@qq.com,0752-2369556
0757-27880169,528308,佛山市顺德区伦教羊大路叠石支河口1号,"法医临床司法鉴定（视觉功能鉴定、听觉功能鉴定、性功能鉴定、活体年龄鉴定除外）",曹金龙,曹金龙,440615225,广东法源法医临床司法鉴定所,2020-06-19,2019-01-09,-,-
0763-3900000,511500,"清远市新城区凤翔大道68号凤城郦都中区五幢608,610,612","法医临床司法鉴定（视觉功能鉴定、听觉功能鉴定、性功能鉴定、活体年龄鉴定除外），痕迹司法鉴定",蒲宏荣,李夏宇,441815227,广东广清痕迹司法鉴定所,2020-11-25,2019-03-22,327572640@qq.com,无
13602969555,x,云浮市云城市区河滨二路,"法医病理司法鉴定，法医临床司法鉴定（视觉功能鉴定、听觉功能鉴定、性功能鉴定、活体年龄鉴定除外），法医毒物司法鉴定（限乙醇检测），痕迹司法鉴定（限交通事故痕迹鉴定）",陆宗超,肖凤兰,445316231,广东恒安司法鉴定所,2021-04-22,2018-09-28,3423620083@163.com,0766-8398222
020-38780927,510630,韶关市浈江区环园东路第四幢一至四层,"法医病理司法鉴定，法医临床司法鉴定（视觉功能鉴定、听觉功能鉴定、性功能鉴定、活体年龄鉴定除外），法医物证司法鉴定，法医毒物司法鉴定（限乙醇检测），痕迹司法鉴定（限交通事故痕迹鉴定）",谢小平,谢小平,440209169,广东法正司法鉴定所,2020-09-29,2018-04-16,gdfzsf@126.com,0751-8894344
0752-3752870,516269,惠州市麦地路58号风尚国际大厦21楼G室,痕迹司法鉴定（限交通事故痕迹鉴定）,张德雄,赖元泽,441312190,广东华标痕迹司法鉴定所,2022-10-07,2018-05-21,1984673128@qq.com,0752-2399926
0755-28912992,518172,深圳市龙岗区中心城愉园新苑A单元5楼,-,黄坤元,梁发贤,440303071,广东宝龙司法会计鉴定所,2018-06-16,2017-04-13,blcpa@163.com,0755-89919910
020-87608898,510620,"广州市天河区珠江新城东路32号利通广场规划设计楼层10楼",-,陈海防,陈海防,440102006,广东广信司法会计鉴定所,2018-06-24,2017-03-01,-,020-38963309
020-84112689,510275,广州市天河区黄埔大道西路33号6楼B2房,-,张富明,张富明,440102007,广东康正司法会计鉴定所,2020-08-05,2017-03-01,wlkz2009@126.com,020-28815087
020-84475481,510240,"广州市越秀区东风中路445号越秀城市广场北塔3003室",-,计云海,计云海,440102008,广东泽信司法会计鉴定所,2019-08-04,2017-03-01,zexingroup@163.com,020-83602592
0760-8304422,528403,中山市东区中山四路盛景园三期A3幢6楼1卡之4,-,王锡龙,段文存,442003050,广东香山司法会计鉴定所,2020-01-30,2017-04-05,xscpa2005@126.com,0760-88333468
0662-3338111,529500,阳江市江城区漠江路139号,-,施亨杰,施亨杰,441703083,广东秉正建筑工程质量司法鉴定所,2018-04-10,2017-04-05,yjbz3338111@sina.com,-
0755-83293011,518031,深圳市福田区振兴路1号,-,高泉,高泉,440303062,广东天恒建筑工程质量司法鉴定所,-,-,-,-
0755-82538425,-,"深圳市福田区福强路1011号深圳出入境检验检疫局综合实验楼","法医物证司法鉴定，法医毒物司法鉴定（杀鼠药检测、有毒植物类检测、有毒动物类检测除外），微量物证司法鉴定（纤维分析、纸张分析、墨水分析、粘合剂分析、橡胶分析、油墨分析、火药炸药及其爆炸残留物分析、枪弹射击残留物分析除外）",王丙涛,谢丽琪,440317273,广东国检司法鉴定所,2022-10-09,2018-04-16,fsyswbt@163.com,0755-26881671
0750-3089380,529000,"江门市蓬江区白石大道66号（江门市蓬江区中西医结合医院内）","法医临床司法鉴定（视觉功能鉴定、听觉功能鉴定、性功能鉴定、活体年龄鉴定除外）",何冠杰,何冠杰,440717260,广东华能法医临床司法鉴定所,2022-02-12,2018-04-16,hnsfjd@qq.com,0750-3089380
0763-3488888,-,"清远市清城区银泉南路十五号弘福花园十二号楼26层C号（清远市人民医院急诊科对面小区）","法医病理司法鉴定，法医临床司法鉴定（视觉功能鉴定、听觉功能鉴定、性功能鉴定、活体年龄鉴定除外）",徐宏,邹卫华,441817278,广东华清司法鉴定所,2022-11-22,2019-01-08,451000000@qq.com,0763-3488888
020-83397336,510030,广州市广卫路4号19楼1901、1902室,-,冯航,冯航,440105103,广东建成建筑工程造价司法鉴定所,2018-06-24,2017-03-01,gzjiancheng@vip.sina.com,020-83293617
0755-25574992,518001,深圳市红岭中路1010号国际信托大厦1909室,-,祁进忠,祁进忠,440305109,广东君合司法会计鉴定所,2018-06-16,2017-04-13,szjhcpa888@163.com,0755-25560572
0760-88863690,528400,"中山市西区翠虹路22号熙龙居1-5幢商铺01卡、02卡","法医临床司法鉴定（视觉功能鉴定、听觉功能鉴定、性功能鉴定、活体年龄鉴定除外），法医毒物司法鉴定（限乙醇检测），文书司法鉴定（朱墨时序鉴定、污损文件鉴定、文件制成时间鉴定除外），痕迹司法鉴定（限交通事故痕迹鉴定）",程新志,徐振宏,442008154,广东宏力司法鉴定所,2020-11-16,2018-10-26,hlsfjd@126.com,0760-88863691
0755-25357258,518000,深圳市福田区滨河路湖北大厦南区21B、D室,痕迹司法鉴定，声像资料司法鉴定,吕刚,吕刚,440309167,广东杰思特声像资料司法鉴定所,2020-08-17,2018-04-16,610245387@qq.com,0755-25353984
0751-8106566,512100,韶关市浈江区升平路99号升平大厦首层5号商铺,"法医临床司法鉴定（视觉功能鉴定、听觉功能鉴定、性功能鉴定、活体年龄鉴定除外），法医毒物司法鉴定（限乙醇检测、挥发性毒物类检测、医用合成药类检测、毒品类检测、杀虫剂检测、杀鼠药检测），痕迹司法鉴定（限交通事故痕迹鉴定）",李伟平,徐代化,440210182,广东南天司法鉴定所韶关分所,2020-11-03,2019-03-29,2657357524@qq.com,0751-8877088
020-39332927,510006,"广州市广州大学城外环东路132号中山大学工学院A108室",痕迹司法鉴定（火灾），微量物证司法鉴定（火灾）,陈锐祥,廖晓晨,440109165,广东震华痕迹司法鉴定所,2020-08-05,2018-05-01,gdzhenhua@163.com,020-39332927
0768-2262612,521011,潮州市城新路8号潮州医院内,法医临床司法鉴定,苏培群,李志鸿,445109171,潮州市潮州医院法医临床司法鉴定所,2020-09-13,2018-04-16,-,-
0668-2922033,525000,茂名市为民路101号大院,法医物证司法鉴定,刘传勇,梁岩,440916232,茂名市人民医院法医物证司法鉴定所,2021-05-16,2018-04-16,mmcqzdzx@126.c0m,-
0755-82980618,518048,"广东省深圳市福田区深南中路3039号深圳国际文化大厦1805A、1805B、1806","法医病理司法鉴定，法医临床司法鉴定（视觉功能鉴定、听觉功能鉴定、性功能鉴定、活体年龄鉴定除外），法医精神病司法鉴定，法医毒物司法鉴定（限气体毒物、乙醇检测、医用合成药类检测、毒品类检测、杀虫剂检测、杀鼠药检测、挥发性毒物检测、除草剂检测），文书司法鉴定（文件制成时间鉴定除外），痕迹司法鉴定，声像资料司法鉴定（含电子数据鉴定），精神障碍医学鉴定",赖跃,赖跃,440313201,广东中一司法鉴定中心,2020-08-17,2018-09-10,service@zhongyi-sfjd.com,0755-82980600
020-31175589,510623,广州市番禺区桥南街奥园养生广场福奥三街12号,"法医临床司法鉴定（视觉功能鉴定、听觉功能鉴定、性功能鉴定、活体年龄鉴定除外）",赖应群,法定代表人：徐敏皓,440114215,广东广大法医临床司法鉴定所,2021-11-06,2019-01-03,1844037776@qq.com,020-31175589
0763-3638810,-,"清远市新城振兴路九号晟禾·汇江花园五号楼负一层商铺12号二楼自编A02","法医病理司法鉴定，法医临床司法鉴定（性功能鉴定、活体年龄鉴定除外）",杨新和,曹海云,441816250,广东祥正司法鉴定所,2021-12-04,2018-04-16,-,-
020-87684306,510070,广东省广州市先烈中路100号大院34号,法医毒物司法鉴定，文书司法鉴定，微量物证司法鉴定,农云军,陈江韩,440106138,中国广州分析测试中心司法鉴定所,2021-12-21,2018-06-25,sfjd@fenxi.com.cn,020-37656302
020-85272388,510655,广州市天河区粤垦路623号燕都商务大厦1301房,"法医临床司法鉴定（视觉功能鉴定、听觉功能鉴定、性功能鉴定、活体年龄鉴定除外），文书司法鉴定，痕迹司法鉴定",万里明,刘晓绣,440107149,广东明鉴文书司法鉴定所,2020-08-05,2018-05-01,mingjian020@126.com,020-22188088
13713558690,-,"深圳市南山区深南大道北侧、艺园路西10168号佳嘉豪商务大厦10A","法医病理司法鉴定，法医临床司法鉴定（视觉功能鉴定、听觉功能鉴定、性功能鉴定、活体年龄鉴定除外），文书司法鉴定（污损文件鉴定、文件制作时间鉴定除外），痕迹司法鉴定",朱文涛,陈彦蓉,440317261,广东广正司法鉴定所,2022-03-27,2019-04-17,evangeline08@126.com,-
0668-6622472,525200,广东省茂名市高州市红荔路38号,法医精神病司法鉴定,黄隆光,黄文华,440902039,茂名市第三人民医院法医精神病司法鉴定所,2023-05-08,2018-10-10,msysfjd@126.com,0668-6622088
0752-7799907,-,惠州市惠城区江北26号小区盛丰大厦第5层506号,"法医临床司法鉴定（视觉功能鉴定、听觉功能鉴定、性功能鉴定、活体年龄鉴定除外）",卢玫瑰,梁国聪,441318293,广东正道司法鉴定所,2023-07-01,2018-07-02,93053308@qq.com,0752-7799907
0759-2620517,524002,湛江开发区人民大道中45号祺祥大厦1903室,-,曹声栋,曹声栋,440802035,广东粤西司法会计鉴定所,2019-04-17,2017-04-17,yuexicpa@126.com,0759-2622903
0759-2270238,524043,湛江市人民大道北63号,-,林峰,林峰,440802033,广东中正司法会计鉴定所,2018-01-21,2017-04-17,-,-
0769-2801333,523071,东莞市南城街道宏远江南世家B061,-,彭伟周,陈映卿,441904092,广东泰安建筑工程质量司法鉴定所,2019-04-21,2017-03-27,1272725502@qq.com,0769-22801333转395
0755-26994503,518057,深圳市南山区第五工业区太太药业工业大厦,"法医物证司法鉴定，法医毒物司法鉴定（杀虫剂检测、除草剂检测、有毒植物类检测、有毒动物类检测、金属毒物检测、水溶性无机毒物检测除外），微量物证司法鉴定（橡胶分析除外）",孙克盛,朱保国,440302016,广东太太法医物证司法鉴定所,2020-08-25,2018-06-07,wangxiaodan@joincare.com,0755-26994500
0755-83782178,518031,"深圳市福田区深南中路1002号新闻大厦1号楼2701",-,周阿春,周阿春,440302019,广东万隆司法会计鉴定所,2018-08-10,2017-04-18,gdwlsfjd@163.com,0755-83753955
13036730939,x,佛山市禅城区同济西路12号永丰大厦1310室,"法医临床司法鉴定（听觉功能鉴定、性功能鉴定、活体年龄鉴定除外），文书司法鉴定（文件制作时间鉴定除外），痕迹司法鉴定",温伟雄,申平,440616235,广东恒泰司法鉴定所,2021-05-30,2018-12-05,-,-
0755-82996989（6083）,518026,深圳市福田区滨河路5003号爱地大厦西座17楼,"法医病理司法鉴定，法医临床司法鉴定，法医精神病司法鉴定，法医物证司法鉴定，法医毒物司法鉴定，文书司法鉴定，痕迹司法鉴定，微量物证司法鉴定（橡胶分析除外），声像资料司法鉴定（含电子数据鉴定）",徐代化,徐代化,440303056,广东南天司法鉴定所,2021-12-29,2017-04-01,ntmj@nantian.org,0755-82996083
0752-2182510,516001,惠州市下角菱湖二路17号,法医精神病司法鉴定，精神障碍医学鉴定,李菲,李菲,441305126,惠州市第二人民医院法医精神病司法鉴定所,2023-04-07,2018-04-16,-,0752-2182502
0759-3198709,524003,"湛江市赤坎区金城新区年丰豪庭十五栋E1单元501、502房",-,谢永忠,郑康喜,440802037,广东天衡建筑工程质量司法鉴定所,2021-01-28,2017-04-17,XYZ33@SOH.COM,3588122
0750-6699148,529100,江门市新会区会城紫云路15号,法医精神病司法鉴定,李刚,林传松,440708153,广东新会法医精神病司法鉴定所,2022-01-24,2018-04-16,jmxhsy@126.com,0750-6699148
0759-2369391,524000,"湛江市霞山区人民大道中3号新世纪花园A幢商住楼三层写字楼311、312、313房","法医临床司法鉴定（视觉功能鉴定、听觉功能鉴定、性功能鉴定、活体年龄鉴定除外），法医物证司法鉴定，法医毒物司法鉴定（限乙醇检测）",丁爱民,李洪娟,440809172,广东中博法医临床司法鉴定所,2020-09-30,2018-04-16,331572929@qq.com,0759-2369391
0755-33683666,518101,深圳市宝安区新安街道留仙三路4号华测检测大楼,"法医毒物司法鉴定（有毒植物类检测除外），微量物证司法鉴定（纸张分析、墨水分析、油墨分析、粘合剂分析除外），污染物性质鉴定，地表水和沉积物环境损害鉴定，空气污染环境损害鉴定，土壤与地下水环境损害鉴定，近海洋与海岸带环境损害鉴定，生态系统环境损害鉴定，其他环境损害鉴定",王在彬,王在彬,440211184,广东华测司法鉴定中心,2020-12-28,2018-07-13,info@cti-cert.com,/
13903067053,510700,广州市黄埔区石化路50号903-907房,痕迹司法鉴定（限交通事故痕迹鉴定）,周新华,周新华,440113197,广东洋盛痕迹司法鉴定所,2020-08-05,2018-05-01,-,-
020-32299951,510515,广州开发区科学城揽月路80号,"法医物证司法鉴定（限亲权鉴定），法医毒物司法鉴定（限乙醇检测、毒品类检测）",黄春波,黄春波,440115222,广东华银法医物证司法鉴定所,2022-03-07,2018-05-01,huayinlab09@163.com,020-32299951
0757-83838633,528000,佛山市禅城区大福路3号,"法医病理司法鉴定，法医临床司法鉴定，法医物证司法鉴定，法医毒物司法鉴定",李庆生,李庆生,4413205,佛山市第一人民医院法医临床司法鉴定所,2012-03-13,2007-03-14,-,-
0757-83306268,528000,佛山市卫国路80号A座之六、七,"法医病理司法鉴定，法医临床司法鉴定（性功能鉴定、活体年龄鉴定除外），文书司法鉴定（文件制作时间鉴定除外），痕迹司法鉴定",罗炎生,丁晓静,440606132,广东弘正司法鉴定所,2021-04-08,2018-04-16,948063946@qq.com,0757-83306268
020-87920482,510900,广州从化街口镇建设路43号,-,黄源伟,黄源伟,440102004,广东流溪司法会计鉴定所,-,-,-,-
0662-2341888,-,"阳江市江城区新江北路8号华园花园A2幢4号商铺一、二层","法医临床司法鉴定（视觉功能鉴定、听觉功能鉴定、性功能鉴定、活体年龄鉴定除外）",李胜泉,雷举荣,441716248,广东浩正法医临床司法鉴定所,2021-10-20,2018-04-16,331572929@qq.com,-
0759-2623880,510623,"湛江市人民大道中8号之二金洋大厦一层商场2、3号商铺","法医临床司法鉴定（视觉功能鉴定、听觉功能鉴定、性功能鉴定、活体年龄鉴定除外），法医毒物司法鉴定（限乙醇检测）",黄红君,李强,440807142,广东申正法医临床司法鉴定所,2020-09-30,2019-05-10,1454056038@qq.com,7592622077
13588760205,528000,佛山市禅城区汾江中路121号东建大厦12A,痕迹司法鉴定（限交通事故痕迹鉴定）,胡剑东,胡剑东,440617262,广东中智痕迹司法鉴定所,2022-03-31,2018-11-27,fsszzgy@163.com,-
020-34067099,510232,广州市滨江东路500号技术楼3楼,"法医物证司法鉴定，法医毒物司法鉴定（限气体毒物类检测、水溶性无机毒物检测），文书司法鉴定（限笔迹、印章印文、印刷文件、特殊文件鉴定），痕迹司法鉴定，微量物证司法鉴定（限油脂分析），声像资料司法鉴定",郝新华,郝新华,440102005,广东天正司法鉴定中心,2023-07-08,2018-07-09,wuzhengjianding@163.com,020-34068596
0755-83256068,518031,深圳市南山区南头街道铁二路南山建工村14,-,刘绪普,刘绪普,440303072,广东信诚建筑工程质量司法鉴定所,2018-06-16,2017-10-19,-,-
0757-82268367,528000,佛山市五峰四路2号七楼,-,钟华滨,钟华滨,440602031,广东安固建筑工程质量司法鉴定所,2018-12-15,2017-03-27,fsagjs@163.com,0757-82268367
0754-88545824,515041,汕头市大华路11号,法医物证司法鉴定,许如苏,许如苏,440502023,广东恒正法医物证司法鉴定所,2020-08-23,2018-04-16,stjszxjy@st.gdciq.gov.cn,0754-88545824
0760-8313498,528403,中山市东区东苑路十二号二楼,-,陈彬海,陈彬海,442003049,广东中信司法会计鉴定所,2018-01-07,2017-04-05,无,0760-88318523
0763-8333333,-,"韶关市浈江区北江中路1号枫景园商铺首层42-43号（北江桥头奇石市场内街）","法医临床司法鉴定（视觉功能鉴定、听觉功能鉴定、性功能鉴定、活体年龄鉴定除外），痕迹司法鉴定（限交通事故痕迹鉴定）",邓文强,邓文强,440218283,广东京珠司法鉴定所,2023-01-18,2018-12-04,13719754477@qq.com,0763-8333333
83990192,-,"深圳市罗湖区红岭中路1010号国际信托大厦十二楼1209",声像资料司法鉴定（含电子数据鉴定）,刘金兵,李俊成,440318288,广东博路斯凯司法鉴定所,2023-03-13,2018-04-16,blsk@sist.org.cn,83990192
020-61648229,510515,"广州大道北1838号南方医科大学生命科学楼西侧1、2、3楼","法医病理司法鉴定，法医临床司法鉴定，法医物证司法鉴定，法医毒物司法鉴定，痕迹司法鉴定（限交通事故痕迹鉴定），微量物证司法鉴定，声像资料司法鉴定（限图像资料鉴定及电子数据鉴定）",王慧君,王慧君,440105125,南方医科大学司法鉴定中心,2020-08-05,2018-05-01,nfysfjd@smu.edu.cn,020-62789046
020-31524830,-,"广州市白云区粤溪北路98号财汇信息科技产业园A301-A303","法医临床司法鉴定（视觉功能鉴定、听觉功能鉴定、性功能鉴定、活体年龄鉴定除外），法医精神病司法鉴定，文书司法鉴定（特种文件鉴定、污损文件鉴定、文件制作时间鉴定除外），声像资料司法鉴定（限电子数据鉴定）",于洋,扶植国,440117267,广东天鉴司法鉴定所,2022-07-13,2018-05-01,165151775@qq.com,020-29898966
0757-22663139,-,"佛山市顺德区容桂街道办事处红星社区居民委员会文明西路42号领德大厦1507号",痕迹司法鉴定（限交通事故痕迹鉴定）,唐新发,唐新发,440618291,广东华京司法鉴定所,2023-06-14,2018-09-19,576539490@qq.com,0757-22663139
0668-2212686,-,茂名市光华南路183号大院1、3号1509房,"法医临床司法鉴定（性功能鉴定、活体年龄鉴定除外），痕迹司法鉴定（限交通事故痕迹鉴定）",林志坚,郭俊伟,440918292,广东京茂司法鉴定所,2023-06-27,2018-11-01,149364832@qq.com,0668-2212686
0662-6322769,529500,阳江市阳东县东城镇湖滨西路8号,法医物证司法鉴定,邹辉祥,张强,441716237,广东永建法医物证司法鉴定所,2021-07-20,2018-08-22,3383454516@gg.com,0662-6322769
0662-2945566,529500,阳江市江城区安宁路667号,法医物证司法鉴定,刘杰,敖兴国,441716242,广东漠阳法医物证司法鉴定所,2021-08-28,2018-04-16,664610500@QQ.com,0662-2945566
0759-3382964,524022,湛江市人民大道中40号城市尚品大厦B座七层,-,梁宇,梁宇,440802034,广东千福田司法会计鉴定所,2017-12-03,2017-04-17,-,0759-3379507
0769-2468098,523011,"东莞市南城区鸿福路108号中盛商务大厦办公1007、1008号",-,陈文洁,陈文洁,441902043,广东天健司法会计鉴定所,2018-01-15,2017-03-27,-,0769-22480440
18929269777,511300,"广州增城市荔城街荔城大道306号之二十一1层101房、二十二1层101房","法医临床司法鉴定（视觉功能鉴定、听觉功能鉴定、性功能鉴定、活体年龄鉴定除外），法医毒物司法鉴定（限乙醇检测），痕迹司法鉴定（限指印鉴定、整体分离痕迹鉴定、交通事故痕迹鉴定）",周海洋,陈肖玲,440114216,广东康源司法鉴定所,2021-11-26,2018-05-01,13512775097@163.com,020-32177566
020-83855080,510060,广州市越秀区华乐路53号华乐大厦南塔4楼,"文书司法鉴定（特种文件鉴定、文件制成时间鉴定除外）",王世全,王世全,440116230,广东开元文书司法鉴定所,2021-02-04,2018-05-01,gdkyws@126.com,-
0757-82582000,528000,"佛山市禅城区华宝南路13号佛山国家火炬创新创业园C座1楼","法医临床司法鉴定（视觉功能鉴定、听觉功能鉴定、性功能鉴定、活体年龄鉴定除外），法医物证司法鉴定，法医毒物司法鉴定（限乙醇检测）",冯冬亮,李三妹,440617256,广东禅正司法鉴定所,2022-01-17,2018-11-20,duweian@homygene.com,0757-82583300
13702551739,-,佛山市第二人民医院,法医临床鉴定，法医病理鉴定,严奕材,邓超浩,4413202,广东公鉴法医临床司法鉴定所,-,-,-,-
0757-82728416,528000,佛山市五峰四路2号七楼,建筑工程造价司法鉴定,严伟锋,严伟锋,440602032,广东粤辉建筑工程造价司法鉴定所,2007-12-05,2002-12-06,-,-
020-37814113,-,广州市越秀区先烈中路80号汇华商贸大厦2501,声像资料司法鉴定（限电子数据鉴定）,骆林勇,骆林勇,440117270,广东安络司法鉴定所,2022-09-03,2018-05-01,12899116@qq.com,020-37814113
0755-25989079,-,深圳市罗湖区红桂一街95号3栋,"地表水和沉积物环境损害鉴定，空气污染环境损害鉴定，土壤与地下水环境损害鉴定",车秀珍,刘佑华,440318295,深圳市环境科学研究院环境损害司法鉴定所,2023-07-12,2018-07-13,raton@163.com,0755-25986465
0668-2288236,-,"茂名市油城九路路建名宅1、2、3号楼1层5、6号商铺","法医临床司法鉴定（视觉功能鉴定、听觉功能鉴定、性功能鉴定、活体年龄鉴定除外）",刘来顺,李彬,440918298,广东粤西司法鉴定所,2023-08-20,2018-08-21,77356783@qq.com,0668-2288236
0769-22993332,523000,"东莞市南城街道胜和社区银丰路10号财津银座大厦A座七楼","法医临床司法鉴定（性功能鉴定、活体年龄鉴定除外），法医精神病司法鉴定，文书司法鉴定（特种文件鉴定、朱墨时序鉴定、污损文件鉴定、文件制作时间鉴定除外），痕迹司法鉴定",孙自堂,郭俊伟,441907146,广东路通司法鉴定所,2022-04-09,2018-07-19,-,0769-22993336
0754-8562561,515031,汕头市外马路213号6楼,-,林俊奇,沈邦贤,440503064,广东立真司法会计鉴定所,2017-12-27,2017-03-13,stlz123@qq.com,0754-88565394
0755-25506566,518020,深圳市翠竹路1080号,法医精神病司法鉴定，精神障碍医学鉴定,李学武,刘铁榜,440303068,深圳市康宁医院法医精神病司法鉴定所,2024-04-01,2019-04-02,497187074@qq.com,0755-25506566
0757-83285898,528000,佛山市季华五路45号4楼,-,桂建平,桂建平,440602029,广东禅城司法会计鉴定所,2020-09-30,2017-05-03,FSCS0008@163.com,0757-82900848
0755-25554789,518001,深圳市前海深港合作区前湾一路1号A栋201室,"法医临床司法鉴定（限损伤程度鉴定、伤残程度评定），文书司法鉴定，痕迹司法鉴定（枪弹痕迹鉴定除外）",房玉田,李俊丰,440302018,广东财安司法鉴定所,2020-11-25,2019-04-02,无,0755-22205369
0757-2282803,x,佛山市禅城区祖庙路1号富荣大厦1010室,法医临床司法鉴定（性功能除外）,张勇,劳为群,440603081,广东南粤法医临床司法鉴定所,2020-07-27,2018-04-16,gdnysfjd@163.com,0757-82307507
0756－2134970,519000,珠海市香洲凤凰北路1015号第八层写字楼,-,闫玉霞,项德芬,440404091,广东永安达司法会计鉴定所,2018-02-02,2017-03-13,-,-
0660-6689188,516400,汕尾市海丰县城西街1巷91号,"法医病理司法鉴定，法医临床司法鉴定，法医毒物司法鉴定（限乙醇检测）",吴绍鉴,吴绍鉴,441505119,广东天平司法鉴定所,2020-09-15,2018-04-16,yuetiansijian@126.com,0660-6683966
020-85262048,510630,"广州市天河区石牌西路8号展望数码广场1515、1516室",声像资料司法鉴定（含电子数据），知识产权司法鉴定,龙庆华,潘康森,440110181,广东鑫证司法鉴定所,2020-07-27,2018-11-23,411655694@qq.com,38335565
13560999687,514000,梅州市梅江区西郊乡西郊村十甲尾口2、3、4号店面,"法医临床司法鉴定（性功能鉴定、活体年龄鉴定除外），法医精神病司法鉴定",古新运,严考双,441414214,广东客都法医临床司法鉴定所,2021-10-17,2019-01-30,3136958716@qq.com,0753-2290311
0752-2661856,516000,"惠州市惠城区水口街道办事处平安路18号二层（水口派出所斜对面）","法医病理司法鉴定，法医临床司法鉴定（视觉功能鉴定、听觉功能鉴定、性功能鉴定、活体年龄鉴定除外），痕迹司法鉴定（限交通事故痕迹鉴定）",邹卫华,邹卫华,441318289,广东惠安司法鉴定所,2023-05-07,2019-05-07,1519866566@qq.com,0752-2661856
13392671780,51000,"广州市白云区机场路1630号方圆白云时光大厦219-221房","法医病理司法鉴定，法医临床司法鉴定（视觉功能鉴定、听觉功能鉴定、性功能鉴定除外），法医物证司法鉴定，法医毒物司法鉴定（有毒植物类检测、有毒动物类检测、金属毒物检测、水溶性无机毒物检测除外），文书司法鉴定（特种文件鉴定、朱墨时序鉴定、污损文件鉴定、文件制作时间鉴定除外），痕迹司法鉴定（枪弹痕迹鉴定除外），声像资料司法鉴定（含电子数据鉴定）",杨洪林,岳鸿鹏,440116247,广东华医大司法鉴定中心,2021-10-19,2018-11-23,hyd_jd@163.com,-
0752-3800100,516211,"惠州市惠阳区淡水镇金惠大道康和路3号惠阳三和医院院内","法医临床司法鉴定（视觉功能鉴定、听觉功能鉴定、性功能鉴定除外），法医毒物司法鉴定（限乙醇检测）",汤浪崖,曾灏,441311183,广东淡澳法医临床司法鉴定所,2021-01-20,2019-03-22,834571982@qq.con,0752-3800309
18927979000,516600,汕尾市城区红草镇埔边村漫地埔,法医临床司法鉴定（性功能鉴定除外）,陈辉增,梁坚,441514204,广东鼎信法医临床司法鉴定所,2021-05-09,2018-04-16,2929941186@qq.com,0660-3449388
18675756898,x,"顺德区大良街道办事处府近良社区居民委员会延年路顺德雅居乐花园64号商铺","法医临床司法鉴定（视觉功能鉴定、听觉功能鉴定、性功能鉴定、活体年龄鉴定除外），法医精神病司法鉴定",黄先军,王智,440615218,广东法维司法鉴定所,2022-01-04,2018-04-16,-,0757-22254278
28297056,510180,"广州市越秀区东风西路195号广州医科大学教学学术交流中心B座第六层",法医物证司法鉴定,魏淑荣,纪亮,440115226,广东华中法医物证司法鉴定所,2020-10-15,2018-06-07,-,-
0755-83788253,518031,深圳市福田区振兴路3号建艺大厦14楼,-,洪健,禹良全,440303058,广东天平建筑工程造价司法鉴定所,-,-,-,-
17099733988,529000,江门市蓬江区迎宾大道东118号首层,-,林文宗,余德亮,440717274,广东居正司法鉴定所,2022-10-23,2018-04-16,435003007@qq.com,-
0751-8914765,-,韶关市浈江区生态路8号景秀江山二层商铺,-,甘书魁,沈洁,440217276,广东公廉司法鉴定所,2022-11-23,2018-07-06,gdlzsfjds@126.com,0751-8914765
0755－82228768,518002,"深圳市福田区梅林工业区梅秀路1-1号厂房2栋713",-,程晓丹,程晓丹,440305115,广东丰浩达建筑工程造价司法鉴定所,2019-06-23,2017-04-13,fenghaoda@21cn.net,0755-82284869
0757-82629756,528000,"佛山市禅城区季华西路133号绿岛湖金盈？绿岛国际中心2座17楼","法医病理司法鉴定，法医临床司法鉴定，法医精神病司法鉴定，法医物证司法鉴定，法医毒物司法鉴定，文书司法鉴定，痕迹司法鉴定，微量物证司法鉴定，声像资料司法鉴定（含电子数据鉴定）",肖辉南,肖辉南,440609168,广东通济司法鉴定中心,2020-09-30,2019-01-03,-,-
0758-2256728,526040,"肇庆市建设二路3号第一幢201、202号（肇庆市第二人民医院对面）","法医病理司法鉴定，法医临床司法鉴定，法医精神病司法鉴定，法医物证司法鉴定，法医毒物司法鉴定，文书司法鉴定，痕迹司法鉴定，微量物证司法鉴定，声像资料司法鉴定（含电子数据鉴定）",蒋劲鹏,陈华儿,441209177,广东明镜司法鉴定中心,2021-12-13,2019-01-16,-,-
0755-86682727,518083,深圳市南山区朗山路28号东门8号楼一层,法医物证司法鉴定，法医毒物司法鉴定（限乙醇检测）,胡丹,张庆辉,440316229,广东华大法医物证司法鉴定所,2021-02-04,2018-04-16,P_szjds@genomics.cn,0755-86682727
0759-3289599,524000,"湛江市开发区人民大道中51号之一威格大厦2301-2305、1611、711、504、503房","法医病理司法鉴定，法医临床司法鉴定（性功能鉴定除外），法医物证司法鉴定，法医毒物司法鉴定（金属毒物检测除外），文书司法鉴定，痕迹司法鉴定",刘宇铭,刘宇铭,440807143,广东中鼎司法鉴定中心,2022-01-21,2019-05-10,gdzd2007@126.com,0759-3289599
0762-3459123,-,"河源市商业中心二期住宅楼10栋10-111号门牌号170号","法医临床司法鉴定（视觉功能鉴定、听觉功能鉴定、性功能鉴定、活体年龄鉴定除外）",徐建明,王智,441617280,广东中法司法鉴定所河源分所,2022-12-13,2018-04-16,HY3459123@163.com,0762-3459123
0763-3290000,-,韶关市武江区工业西路邹屋村16号首层101号,"法医临床司法鉴定（视觉功能鉴定、听觉功能鉴定、性功能鉴定、活体年龄鉴定除外），痕迹司法鉴定（限交通事故痕迹鉴定）",房夏珍,李静,440218300,广东银盾司法鉴定所,2023-12-09,2018-12-10,lzh801011@126.com,0763-3290000
0769-23608088,-,广东省东莞市南城街道宏图路86号3栋603室,法医临床司法鉴定（性功能鉴定、活体年龄鉴定除外）,柳景亮,舒敏,441919302,广东华南司法鉴定所,2024-04-08,2019-04-09,120879683@qq.com,0769-23608088
020-61297411,-,广州市南沙区金隆路26号奥园金莎广场716房,"法医临床司法鉴定（视觉功能鉴定、听觉功能鉴定、性功能鉴定、活体年龄鉴定除外）",计迎年,陈庆棠,440116244,广东广安法医临床司法鉴定所,2021-09-11,2018-05-01,gdgajds@126.com,020-39390537
020-31047212,-,广州市南沙区南沙街进港大道北侧自编1号2920房,"法医临床司法鉴定（视觉功能鉴定、听觉功能鉴定、性功能鉴定、活体年龄鉴定除外）",邢文瀛,许剑杯,440117275,广东亿洋法医临床司法鉴定所,2022-11-02,2018-10-15,281498364@qq.com,020-31047212
020-36970482－8000,510800,"广州市花都区新华镇建设北路131号A、B座202商场",-,占学世,占学世,440102012,广东安正达司法会计鉴定所,2018-06-24,2017-03-01,hdazd@vip.163.com,-
020-81215551,510130,广州市沙面大街7号四楼,"海损事故司法鉴定，船舶检验司法鉴定，水域污染评估司法鉴定，救助打捞司法鉴定",叶孔霖,严志冲,440102014,广东华南海事司法鉴定中心,2019-08-06,2017-03-01,gzhhxh@vp.163.com,020-81219055
0754-88469481,515041,汕头市龙湖区5街区龙湖苑3座203号房,-,赖冻,赖冻,440502027,广东汕特司法会计鉴定所,2017-12-27,2017-03-13,85242130@qq.com,88167337
0769-85113888,x,东莞市虎门镇连升北路602号嘉达名苑二楼A,-,李满榕,李满榕,441903048,广东信达司法会计鉴定所,2018-01-15,2017-03-14,xd@xdcpa.com,0769-85109030
0762-3822239,517000,河源市黄沙大道广晟中源广场华怡苑5栋1806号,"法医病理司法鉴定，法医临床司法鉴定（视觉功能鉴定、听觉功能鉴定、性功能鉴定、活体年龄鉴定除外），痕迹司法鉴定（限交通事故痕迹鉴定）",郑剑辉,徐代化,441606133,广东南天司法鉴定所河源分所,2020-09-30,2019-04-19,hynanti@126.com,0762–3838839
0769-2669102,523112,东莞市莞龙路下桥银门街3号二楼,-,赖木顺,段思诚,441903080,广东科艺建筑工程质量司法鉴定所,2018-11-27,2017-03-27,dg-ky@163.com,0769-22087009
0755-83788213,518031,深圳市福田区振兴路3号建艺大厦13楼,-,颜小汀,赵娟,440303059,广东博思建筑工程造价司法鉴定所,2018-06-16,2017-04-13,szcxh@vip.163.com,0755-83785311
020-61371989,510507,广州市天河区燕岭路89号501-502,-,谢福根,曾宪威,440105105,广东至衡建筑工程造价司法鉴定所,2018-06-24,2017-03-01,gzzhzj@126.com,020-61371960
0750-3533277,529000,广东省江门市胜利路161号,法医精神病司法鉴定,文春光,文春光,440705124,江门市第三人民医院法医精神病司法鉴定所,2023-01-30,2018-04-16,shbruce@126.com,7503509381
0757-22321382,528333,佛山市顺德区大良顺峰山健民街3号,法医精神病司法鉴定,陈超,李耀东,440608155,佛山市顺德区伍仲珮纪念医院法医精神病司法鉴定所,2020-09-30,2019-03-07,wzpkjk@163.com,0757-22298820
0756-8285730,519020,珠海市侨光路133号,"法医临床司法鉴定（视觉功能鉴定、听觉功能鉴定、性功能鉴定、活体年龄鉴定除外），法医物证司法鉴定",张兹钧,张兹钧,440408163,广东科登法医物证司法鉴定所,2020-08-25,2018-04-16,1931442592@qq.com,0756-8898941
0755-28926176,516000,深圳市龙岗区中心城愉园新苑D单元1117室,"法医临床司法鉴定（视觉功能鉴定、听觉功能鉴定、性功能鉴定、活体年龄鉴定除外），文书司法鉴定（特种文件鉴定、朱墨时序鉴定、污损文件鉴定、文件制作时间鉴定除外）",谢伯桂,鲁艳玲,440309166,广东龙城司法鉴定所,2021-12-23,2018-04-16,1013869510@qq.com,0755-28926176
0751-8533127,512026,广东省韶关市芙蓉东路108号,微量物证司法鉴定（限玻璃分析、金属分析）,李亚平,罗高雄,440213199,广东省矿产应用研究所微量司法鉴定所,2020-09-30,2018-04-16,gdkys@gdkys.com,0751-8533177
13751526077,526000,肇庆市风华路1号中誉大厦四层办公室403,"法医临床司法鉴定（视觉功能鉴定、听觉功能鉴定、性功能鉴定、活体年龄鉴定除外）",黄晓昌,谢春林,441215223,广东至诚法医临床司法鉴定所,2022-05-15,2018-04-16,-,0758-2828508
0469-23327229,523100,东莞市东城区主山社区振兴路99号,法医物证司法鉴定（个体识别除外）,刘彦慧,隗伏冰,441916233,东莞市妇幼保健院法医物证司法鉴定所,2021-05-26,2018-04-16,dgfyfywz@sina.com,-
13500175022,516003,惠州市惠州大道江北40号小区友和医院内,"法医临床司法鉴定（视觉功能鉴定、听觉功能鉴定、性功能鉴定、活体年龄鉴定除外），法医精神病司法鉴定，文书司法鉴定（污损文件鉴定、文件制作时间鉴定除外）",王明,王明,441317257,广东远大司法鉴定所,2022-01-18,2018-10-22,4147413@qq.com,0752-6757959
0758-2762393,526060,广东省肇庆市柳园路9号2楼,法医病理司法鉴定，法医临床司法鉴定,陆礼儒,梁鸿燕,4417201,广东西江法医临床司法鉴定所,2009-11-08,2004-11-09,-,-
18926621996,515041,"清远市清城环城二路3号名都国际商业中心十八号楼首层商铺13号、14号、15号","法医病理司法鉴定，法医临床司法鉴定（视觉功能鉴定、听觉功能鉴定、性功能鉴定、活体年龄鉴定除外），法医毒物司法鉴定（限乙醇检测），文书司法鉴定",翟炫铿,李榕根,441815219,广东凤城司法鉴定所,2022-01-09,2019-05-06,284492707@qq.com,0763-3828035
0753-2228055,-,梅州市梅江区华南大道13号,法医临床司法鉴定,杨东雨,何红海,441416251,广东粤东法医临床司法鉴定所,2021-12-04,2018-04-16,-,-
020-83150718,510030,广州市越秀区东风中路318号嘉业大厦1801F房,-,王巍,王巍,440106139,广东中联司法会计鉴定所,2021-12-22,2017-03-01,zhongliancpa@126.com,020-83184149
0762-3363486,517000,"河源市东城西片区越王大道西边纬十四路北边河源雅居乐花园一期综合楼A603号","法医病理司法鉴定，法医临床司法鉴定（视觉功能鉴定、听觉功能鉴定、性功能鉴定、活体年龄鉴定除外），痕迹司法鉴定（限交通事故痕迹鉴定）",万圣祥,刘来添,441606140,广东东江司法鉴定所,2022-01-01,2019-01-30,670777263@qq.com,07623363486
020-38917212,-,广州市天河区大灵山路61号D3栋208房,"法医临床司法鉴定（视觉功能鉴定、听觉功能鉴定、性功能鉴定、活体年龄鉴定除外）",余六生,曾柏杨,440116254,广东康鉴法医临床司法鉴定所,2021-12-29,2018-12-10,-,-
020-81377727,510150,广州市荔湾区荔湾路121号之六305A室,-,何锵,何锵,440102013,广东大同司法会计鉴定所,2018-06-10,2017-03-01,-,-
020-83643131,510040,广州市越秀区盘福路医国后街1号大院自编1号8层,-,查世伟,查世伟,440105100,广东华联建筑工程造价司法鉴定所,2018-06-24,2017-03-01,hrgdhl@163.com,020-83643125
0755-83242567,518035,深圳市罗湖区田贝一路21号大院1号楼6-7楼,法医物证司法鉴定,邓志辉,洪文旭,440302015,广东深光法医物证司法鉴定所,2023-01-16,2018-04-16,-,0755-83221000
0755-82915671,518026,深圳市福田区彩田南路彩虹大厦7楼A、C、D座,-,杨高宇,赵青,440302020,广东长城司法会计鉴定所,2018-06-16,2017-04-13,1265856338@QQ.com,0755-82915640
020-22283222,510330,"广州市海珠区新港东路2429号海珠科技大楼109、201-217房","法医病理司法鉴定，法医临床司法鉴定（视觉功能鉴定、听觉功能鉴定、性功能鉴定、活体年龄鉴除外），法医物证司法鉴定，法医毒物司法鉴定（限乙醇检测、毒品类检测、医用合成药类检测、杀虫剂检测、杀鼠药检测、除草剂检测、有毒植物类检测），微量物证司法鉴定（限油脂分析）",詹益鑫,严婷,440114203,广东金域司法鉴定所,2021-04-05,2019-01-15,sfjd@kingmed.com.cn,-
0754-8895822288959222,515041,广东省汕头市海滨路15号金晟大厦301,"法医临床司法鉴定，法医精神病司法鉴定，法医物证司法鉴定，痕迹司法鉴定",翁文群,杨文章,440508162,广东华民司法鉴定所,2020-08-23,2019-01-29,2778329302@qq.com,0754-88959222
0662-3316229,529500,阳江市区石湾北路阳江市公共卫生医院内,法医精神病司法鉴定,林慧,傅卓,441709174,阳江市公共卫生医院法医精神病司法鉴定所,2020-09-30,2018-04-16,YJLH@21cn.com,-
0755-88285937,518000,深圳市福田区福虹路世界贸易广场A座1904-1室,"法医临床司法鉴定（视觉功能鉴定、听觉功能鉴定、性功能鉴定、活体年龄鉴定除外），文书司法鉴定（文件制作时间鉴定除外）",陶树奎,陶树奎,440308164,广东众合司法鉴定所,2020-08-25,2018-04-16,zhsfjds@163.com,0755-83003697
0663-8227512,-,"榕城区东山六号街以西、三号路以北交汇处沿六号路自北至南5、6号铺",法医临床司法鉴定（性功能鉴定、活体年龄鉴定除外）,袁光忠,陈秋娜,445218287,广东广济司法鉴定所,2023-02-26,2018-04-16,2419683788@qq.com,0663-8227512
020-86326760,510440,广州市白云区嘉禾嘉罗路218号,"法医毒物司法鉴定，文书司法鉴定（特种文件鉴定除外），痕迹司法鉴定，微量物证司法鉴定（橡胶分析、火药炸药及其爆炸残留物分析、枪弹射击残留物分析除外）",沈鸿斌,林克辉,440110179,广东省绿色产品认证检测中心司法鉴定所,2021-12-14,2018-05-01,IFSGDG@163.com,020-36246811
020-84633015,511450,广州番禺区市桥清河东路石岗东村段52号,-,沈海明,沈海明,440102003,广东业勤司法会计鉴定所,2018-06-24,2018-05-01,gzyeqin@vip.163.com,84632351
0751-8702728,512000,韶关市武江区工业西路前进大厦三楼后区1-3号,痕迹司法鉴定（限交通事故痕迹鉴定）,陈韶龙,胡保冬,440216243,广东兴中信痕迹司法鉴定所,2021-09-11,2018-04-16,sghenjisf@163.com,0751-8702738
0758-2721988,526060,肇庆市和平路44号A幢204号写字楼,-,莫贤强,莫贤强,441203078,广东中鹏司法会计鉴定所,2018-05-16,2017-06-03,zqzpdzb@163.com,0758-2718793
0757-83355098,528000,佛山市同华东五街3号,-,李晓冬,李晓冬,440602028,广东大诚司法会计鉴定所,2022-04-06,2017-04-07,fsdc2008@126.com,0757-83361533
020-38680516,510630,广州市黄埔大道西613号,"法医病理司法鉴定，法医临床司法鉴定（性功能鉴定除外），法医精神病司法鉴定，法医物证司法鉴定，法医毒物司法鉴定，痕迹司法鉴定（枪弹痕迹鉴定除外），微量物证司法鉴定",温旺荣,黄力,440116239,暨南大学司法鉴定中心,2021-08-11,2019-03-21,jnuj@jnuj.com,020-38680517
0762-3828998,517000,"中山市东区新兴花园翠园街2-8幢二层14-19卡之一",-,陈春兰,陈志锋,441616240,广东永达法医物证司法鉴定所,2021-08-14,2018-06-21,2965045381@qq.com,0762-3828998
020-87571869,510635,广州市萝岗区东区春晖六街251号401房,-,黄沃,黄沃,440105104,广东宏正建筑工程造价司法鉴定所,2018-06-24,2017-03-01,qs@wangken.com.cn,020-87571869
0751-5564988,512200,乐昌市先锋街100号,法医精神病司法鉴定，精神障碍医学鉴定,梁军林,邝乐平,440205127,粤北第三人民医院法医精神病司法鉴定所,2022-12-21,2018-04-16,lc.sy@163.com,0751-5569488
0755-89919980,518040,"深圳市福田区车公庙天安创新科技广场一期A栋1602",-,潘玲曼,潘玲曼,440303070,广东天华司法会计鉴定所,2018-06-16,2017-04-13,ydxccc@ydxccc.com,0755-83433728
0662-3221223,529500,阳江市江城区鸳鸯湖西路东怡花园7号,"法医临床司法鉴定（视觉功能鉴定、听觉功能鉴定、性功能鉴定、活体年龄鉴定除外）",项景聪,陈光,441704093,广东漠江法医临床司法鉴定所,2020-09-30,2017-04-16,930831979@qq.com,8822119
0763-3340226,511500,清远市清城区下廊街洪社路19号,"法医病理司法鉴定，法医临床司法鉴定（视觉功能鉴定、听觉功能鉴定、性功能鉴定、活体年龄鉴定除外），法医毒物司法鉴定（限乙醇检测）",王齐立,何海生,441806134,广东清正法医临床司法鉴定所,2021-07-19,2018-04-27,-,0763-3340225
0769-22317719,523013,东莞市莞城区东城西路181号金澳大厦B区五楼,法医临床司法鉴定（性功能鉴定、活体年龄鉴定除外）,谢夏德,严考双,441903060,广东岭南法医临床司法鉴定所,2021-05-05,2018-04-16,gdlnsfjd168@163.com,0769-22458251
0755-83225178,-,深圳市福田区彩田南路中深花园大厦B座2201室,"法医临床司法鉴定（（性功能鉴定、活体年龄鉴定除外））",贺宪,王浩文,440317279,广东华科法医临床司法鉴定所,2022-12-04,2018-10-18,534910019@qq.com,0755-83225178
87591995,-,深圳市南山区朗山路16号华瀚科技大厦C座403房,"法医临床司法鉴定（限损伤程度鉴定、伤残程度评定），文书司法鉴定（污损文件鉴定、文件制作时间鉴定除外），痕迹司法鉴定（枪弹痕迹鉴定除外），声像资料司法鉴定（含电子数据鉴定）",李国治,李国治,440317281,广东华亿司法鉴定所,2022-12-25,2019-02-27,javing_le@outlook.com,87591995
0750-3286006,529000,江门市建设路82号之一（外贸大厦）三楼,-,区锡豪,区锡豪,440705113,广东北斗司法会计鉴定所,2018-01-28,2017-04-05,244535112@qq.com,0750-3286000
0769-22699296,523112,东莞市东城区下桥银门街1号4楼,-,李栋华,李栋华,441905117,广东建业建筑工程造价司法鉴定所,2022-01-09,2017-03-27,863562393@qq.com,0769-22698009
0750-3165973,529070,江门市海傍街23号,法医物证司法鉴定,黄胜起,李宇明,440711185,江门市中心医院法医物证司法鉴定所,2021-02-21,2018-04-16,chyu973@163.com,0750-3165721
020-87619176,510600,广州市梅东路17号,法医物证司法鉴定,郑立新,唐运革,440112187,广东省计划生育专科医院法医物证司法鉴定所,2022-03-07,2018-05-01,-,-
0755-25660899,518004,"深圳市南山区桃源街道学苑大道1001号智园A7栋12楼",法医物证司法鉴定,张核子,张核子,440313195,广东华曦法医物证司法鉴定所,2023-05-01,2018-04-16,56772319@qq.com,-
0753-2623613,-,梅县区公园北路毅新国际公馆11-12号店,"法医临床司法鉴定（活体年龄鉴定除外），法医精神病司法鉴定，痕迹司法鉴定",陈国藩,林养明,441417268,广东华诚法医临床司法鉴定所,2022-07-17,2018-04-16,25201505@qq.com,-
0751-8608089,-,韶关市浈江区生态路8号景秀江山二层商铺,"法医病理司法鉴定，法医临床司法鉴定（视觉功能鉴定、听觉功能鉴定、性功能鉴定、活体年龄鉴定除外），痕迹司法鉴定（限交通事故痕迹鉴定）",甘书魁,张海锋,440219303,广东公廉司法鉴定所,2024-04-11,2019-04-22,337314052@qq.com,0751-8608089
020-37619420,510070,广州市白云区嘉禾街鹤龙路223-228号220房,-,邓坤才,王伟彪,440107150,广东正源法医临床司法鉴定所,2022-08-20,2017-11-15,2212479581@qq.com,-
13560370847,518000,"深圳市宝安区新安街道创业二路北二巷5号七星创意工场创业楼509号","法医临床司法鉴定（性功能鉴定除外），文书司法鉴定（污损文件鉴定、文件制作时间鉴定除外）",文阳辉,张达武,440314205,广东华泰司法鉴定所,2021-03-23,2018-12-03,huataijianding@163.com,0755-33233108
0668-2276896,525200,茂名市人民南路新福一街51号2楼,-,邓培兴,邓培兴,440902040,广东油城司法会计鉴定所,2018-01-18,2017-04-05,gdmmyc@163.com,0668-2276896
0757-83133033-201、303,528000,佛山市禅城区绿景二路38号碧翠雅轩商务楼二楼,-,刘方权,刘方权,440602030,广东公信司法会计鉴定所,2018-04-20,2017-03-27,-,0757-83382078
0754-88207409,515021,汕头市金湖路50号,法医精神病司法鉴定,高镇松,陈泽华,440502024,汕头市第四人民医院法医精神病司法鉴定所,2023-05-14,2018-10-10,2032934338@qq.com,0754-88112041
020－61118543,510010,广州市番禺区南村镇兴南大道521、523号,法医物证司法鉴定,尹爱华,黄汉林,440105097,广东省妇幼保健院法医物证司法鉴定所,2023-06-06,2018-06-07,-,-
0760-8885618,528400,中山市石岐区兴中道11号兴中大厦4楼,-,赵红,赵红,442003053,广东执信司法会计鉴定所,2018-01-07,2017-04-05,zxcpa@zhixin.cn,0760-88884683
0756-3322336,519015,"珠海市香洲柠溪路338号Ⅰ段太和商务中心第10层A座",-,崔松宁,崔松宁,440403074,广东中拓正泰司法会计鉴定所,2018-06-10,2017-03-13,ztzt@ztzt.cn,0756-3322339
0768-2389474,521011,广东省潮州市城新路19号新楼2楼,-,杨奋伟,杨奋伟,445103066,广东盛德司法会计鉴定所,2018-05-20,2017-03-20,-,-
020-81217833,510130,"广州市海珠区福场路5号富力金禧花园（B栋）3202房",-,杨山,杨山,440105106,广东信怡建筑工程造价司法鉴定所,2018-06-24,2017-03-01,gxccc@gxccc.com,020-34466986
0751-8736706,512028,韶关市西郊六公里沐溪大道13号,"法医毒物司法鉴定（限乙醇检测），微量物证司法鉴定（限金属分析）",朱兴保,朱兴保,440212188,广东韶州微量司法鉴定所,2022-05-31,2018-04-16,645402238@qq.com,0751-8722283
15919003389,510630,"广州市越秀区越秀南路204/206/208号五楼、十七楼","法医病理司法鉴定，法医临床司法鉴定（听觉功能鉴定、性功能鉴定除外），法医物证司法鉴定，法医毒物司法鉴定（金属毒物检验除外），文书司法鉴定，痕迹司法鉴定，微量物证司法鉴定，声像资料司法鉴定（含电子数据）",张宁,梁德华,440113194,广东华生司法鉴定中心,2023-03-14,2018-05-30,1552515309@qq.com,37286636
0663-3259966,515599,"广东省揭阳市揭东县城206国道缶灶路段南侧东景园B1幢18-19号",法医临床司法鉴定，法医毒物司法鉴定（限乙醇检测）,林炳城,黄玉兴,445213196,广东正理法医临床司法鉴定所,2020-09-13,2018-11-29,2031649307（qq邮箱）,0663-3529955
0754-8464597,515041,汕头市榕江路4号金华大厦1304房,司法会计鉴定,彭小兰,彭小兰,4404303,广东斯威司法会计鉴定所,-,-,-,-
0662-3656388,529500,阳江市江城区东山路东山大厦B座4号铺及二楼,"法医病理司法鉴定，法医临床司法鉴定，法医毒物司法鉴定",谢汝扬,谢汝扬,4414202,广东创世纪司法鉴定所,2014-06-07,2009-06-08,-,-
020-34383217,510240,广州市宝岗大道100号12楼,建筑工程造价司法鉴定,胡爱农,胡爱农,4401609,广东粤国建筑工程造价司法鉴定所,2010-01-06,2005-01-07,-,-
020-36229300,-,广州市白云区机场路松云街39号,"法医临床司法鉴定（视觉功能鉴定、听觉功能鉴定、性功能鉴定、活体年龄鉴定除外）",吕俊苞,牛洪义,440117282,广州中兴运动损伤专科医院司法鉴定所,2022-12-28,2018-05-01,zxydsszkyy@163.com,020-36229300
020-83548669,-,广州市东风中路335号,污染物性质鉴定，空气污染环境损害鉴定,叶脉,汪永红,440118294,广东省环境科学研究院环境损害司法鉴定中心,2023-07-10,2018-07-11,6109940@qq.com,020-83548669
020-34454208,-,广州市海珠区新港西路105号,生态系统环境损害鉴定（仅限于动物物种鉴定）,阳建春,邹发生,440118299,华南动物物种环境损害司法鉴定中心,2023-12-09,2018-12-10,scwic@scwic.cn,020-34454208
0660-3485222,-,汕尾市区汕尾大道荷苞岭段东侧,法医物证司法鉴定,马新民,张阮场,441516249,广东博信法医物证司法鉴定所,2021-11-09,2018-04-16,3309269948@qq.com,-
0762-3292120,517000,江门市蓬江区建安街1号105、108、110室,"法医病理司法鉴定，法医临床司法鉴定（视觉功能鉴定、听觉功能鉴定、性功能鉴定、活体年龄鉴定除外），法医毒物司法鉴定（限乙醇检测、挥发性毒物类检测、医用合成药类检测、毒品类检测、杀虫剂检测、杀鼠药检测），痕迹司法鉴定（限交通事故痕迹鉴定）",周宝理,徐代化,440707148,广东南天司法鉴定所江门分所,2020-09-30,2019-01-15,ntjiangmen@126.com,0750-3309899
0754-88529977,-,汕头市金源园12幢119、210号,"法医临床司法鉴定（视觉功能鉴定、听觉功能鉴定、性功能鉴定、活体年龄鉴定除外），法医精神病司法鉴定，法医物证司法鉴定，法医毒物司法鉴定（限乙醇检测），文书司法鉴定，痕迹司法鉴定（限交通事故痕迹鉴定）",林伟华,林俊霞,440516253,广东精正司法鉴定中心,2021-12-15,2018-07-25,-,-
0755-28333070,-,深圳市大鹏新区中山路5号,"地表水和沉积物环境损害鉴定，近海洋与海岸带环境损害鉴定，生态系统环境损害鉴定",谢芳,谢芳,440318296,深圳市大鹏环境损害司法鉴定所,2023-07-12,2018-07-13,stbhhjjcz@dpxq.gov.cn,0755-28333653
0750-3092222,529000,江门市蓬江区华园东路1号103,"法医临床司法鉴定（视觉功能鉴定、听觉功能鉴定、性功能鉴定、活体年龄鉴定除外）",谢武中,梁玉英,440717259,广东五邑司法鉴定所,2022-01-19,2018-04-16,451000000@qq.com,-
0754-88426168,515031,汕头市华坞新村9座,-,郑晓春,苏滨,440503076,广东永正建筑工程质量司法鉴定所,2017-12-27,2017-03-13,2029476972@qq.com,0754-88426128
020-37605705,510075,广东省广州市环市东路509号宝山大厦3楼,-,龚洁敏,龚洁敏,440102009,广东粤诚司法会计鉴定所,2018-06-23,2017-03-01,-,020-37604704
0760-8882436,528400,中山市东区兴中道新兴花园翠园街2-8栋首层,"法医临床司法鉴定（性功能鉴定除外），法医精神病司法鉴定，法医物证司法鉴定，法医毒物司法鉴定（限乙醇检测），文书司法鉴定（特种文件鉴定、朱墨时序鉴定、污损文件鉴定、文件制作时间鉴定除外），痕迹司法鉴定",陈敏,陈星华,442002044,广东公量司法鉴定中心,2023-01-02,2019-05-15,1467668402@qq.com,0760-88328318
0769-2498888,523008,东莞市南城区鸿福路200号海德广场2栋八楼,-,梁笑莲,梁笑莲,441903047,广东德正司法会计鉴定所,2020-01-05,2017-03-27,dgcpa@dgcpa.cn,0769-22482391
0760-88233668,528400,中山市东区中山五路南弘业大厦1301（之二）,-,欧兆威,欧兆威,442003051,广东天盈司法会计鉴定所,2019-12-11,2017-04-05,-,0760-88233663
0757-2331781,528300,佛山市顺德区大良新宁路25号,-,吕家旭,吕家旭,440603055,广东中德正司法会计鉴定所,2018-04-20,2017-03-27,1565025445@qq.com,0757-22331778
0750-3313005,528000,佛山市禅城区金澜南路102号,法医精神病司法鉴定,黎雪松,傅礼洪,440603082,佛山市第三人民医院法医精神病司法鉴定所,2019-06-29,2018-04-16,25510805@qq.com,-
0760-22833230,-,"广东省中山市小榄镇东生西路125号小榄副食品批发市场B幢二楼二排8-9号","法医临床司法鉴定（视觉功能鉴定、听觉功能鉴定、性功能鉴定、活体年龄鉴定除外）",熊学文,王志明,442018286,广东中恒盛司法鉴定所,2023-02-07,2018-04-16,719625168@qq.com,0760-22833230
0754-88842918,515041,"汕头市龙湖区碧霞庄北区22幢105号房、301号房","法医病理司法鉴定，法医临床司法鉴定，法医毒物司法鉴定（金属毒物检测除外），文书司法鉴定（污损文件鉴定、文件制作时间鉴定除外），痕迹司法鉴定，声像资料司法鉴定（含电子数据鉴定）",杨辉,陈锡贵,440507152,广东韩江司法鉴定中心,2020-08-23,2018-12-14,1579156498@qq.com,0754-88842918
0752-22270615,516001,惠州市麦兴路31号,"法医病理司法鉴定，法医临床司法鉴定（视觉功能鉴定、听觉功能鉴定、性功能鉴定、活体年龄鉴定除外），法医物证司法鉴定，文书司法鉴定（污损文件鉴定、文件制作时间鉴定除外），痕迹司法鉴定",邹冬梅,邹冬梅,441308156,广东西湖司法鉴定所,2021-12-26,2018-04-16,-,-
0769-22896222,515031,东莞市松山湖科技园新城大道1号广东医学院,"法医病理司法鉴定，法医临床司法鉴定（视觉功能鉴定、听觉功能鉴定、性功能鉴定、活体年龄鉴定除外），法医精神病司法鉴定，法医物证司法鉴定，法医毒物司法鉴定（限乙醇检测、水溶性无机毒物检测）",唐剑频,唐剑频,441909170,广东医科大学司法鉴定中心,2020-09-30,2018-06-26,gysfjianding@126.com,0769-22896076
18666366428,528200,佛山市禅城区南浦村14座首层8-13轴,"法医临床司法鉴定（视觉功能鉴定、听觉功能鉴定、性功能鉴定、活体年龄鉴定除外）",杨文开,赖晓晖,440614208,广东正华法医临床司法鉴定所,2021-05-05,2018-04-27,-,0757-66851985
0752-3369263,516200,惠州市惠城区江北水北新村九号区31号铺,"法医临床司法鉴定（视觉功能鉴定、听觉功能鉴定、性功能鉴定、活体年龄鉴定除外），法医精神病司法鉴定，法医物证司法鉴定，文书司法鉴定（文件制作时间鉴定除外），痕迹司法鉴定",王志明,傅煜,441314211,广东中法司法鉴定所,2021-07-20,2019-01-16,zfsfjds@163.com,0752-2251110
0757-22310787,523300,"佛山市顺德区大良街道办事处德和社区居民委员会南国东路东延线1号","法医临床司法鉴定（视觉功能鉴定、听觉功能鉴定、性功能鉴定除外）",梁任权,高臻钊,440614217,广东德胜法医临床司法鉴定所,2021-11-29,2018-04-16,-,22318907
0750-3311911,529000,"广东省江门市高第里172号、广东省江门市接龙里55-56号第二层","法医病理司法鉴定，法医临床司法鉴定（视觉功能鉴定、听觉功能鉴定、性功能鉴定、活体年龄鉴定除外），法医物证司法鉴定，法医毒物司法鉴定（限乙醇检测），文书司法鉴定（特种文件鉴定、朱墨时序鉴定、污损文件鉴定、文件制作时间鉴定除外），痕迹司法鉴定（限交通事故痕迹鉴定），声像资料司法鉴定（限电子数据鉴定）",张天才,何海生,440707144,广东天地方正司法鉴定中心,2022-02-14,2019-03-06,502531732@qq.com,0750-3300100
020-83322904,510030,广州市越秀区连新路31号2楼,建筑工程造价,钟峰,钟峰,4401601,广东建华建筑工程造价司法鉴定所,-,-,-,-
0757-22153399,-,佛山市三水区西南街道广海大道东8号1401,"法医临床司法鉴定（视觉功能鉴定、听觉功能鉴定、性功能鉴定、活体年龄鉴定除外）",卢冰楷,黄玉英,440618290,广东求实司法鉴定所,2023-05-13,2018-05-14,2708138888@qq.com,0757-22153399
0759-3289599,-,茂名市站前五路111号1416、1417房,"法医临床司法鉴定（视觉功能鉴定、听觉功能鉴定、性功能鉴定、活体年龄鉴定除外）",梁鹿章,刘宇铭,440917271,广东中鼎司法鉴定中心茂名分所,2022-09-25,2018-04-16,gdzd2007@163.com,0759-3289599
020-85546818,-,广东省广州市天河区员村西街7号大院,"污染物性质鉴定，地表水和沉积物环境损害鉴定，空气污染环境损害鉴定，土壤与地下水环境损害鉴定，近海洋与海岸带环境损害鉴定，生态系统环境损害鉴定，其他环境损害鉴定（仅限于噪声类、光污染）",董林,吴国增,440118301,华南环境损害司法鉴定中心,2023-12-24,2018-12-25,kfc@scies.com,020-85557065
0769-22255855,523000,东莞市东城区光明路25号,"法医临床司法鉴定（视觉功能鉴定、听觉功能鉴定、性功能鉴定、活体年龄鉴定除外），法医物证司法鉴定，法医毒物司法鉴定（除草剂检测、有毒植物类检测、有毒动物类检测、金属毒物检测、水溶性无机毒物检测除外）",曲春冰,曲春冰,441916245,广东正航司法鉴定所,2021-09-12,2018-04-16,13925862025@163.com,0769-22255855
0763-3248888,-,清远市新城振兴路五号同兴阁8号楼首层04号,痕迹司法鉴定（限交通事故痕迹鉴定）,房敏,李北财,441817272,广东达康痕迹司法鉴定所,2022-09-25,2018-07-12,qydk0763@163.com,0763-3248888
0752-2288513,516001,惠州市鹅岭北路41号,法医临床司法鉴定（性功能鉴定、活体年龄鉴定除外）,黄玉良,黄玉良,441307145,广东科正法医临床司法鉴定所,2020-09-30,2018-04-16,leecxin@126.com,0752-2288522
0753-2251666,514021,梅州市丽都东路52号二楼,法医临床司法鉴定,李清兰,陈金星,441404096,广东阳光法医临床司法鉴定所,2020-09-30,2019-04-03,FYLCSFJDS@126.com,0753-2293888
0754-8733380,515041,汕头市衡山路7号亿兴大厦901房,-,蔡泽彬,蔡泽彬,440502025,广东中联建司法会计鉴定所,2017-12-27,2017-03-13,zhonglianjian@sina.com,0754--88733380
0755-82203222,518002,"深圳市福田区滨河路与彩田路交汇处联合广场A栋塔楼A701-A712",司法会计司法鉴定,饶永,饶永,440302017,广东鹏城司法会计鉴定所,2018-06-16,2013-06-16,-,-
0762-3388320,517000,河源市建设大道德润东方银座A座8楼,-,周建生,周建生,441603077,广东翔宇司法会计鉴定所,2018-05-16,2017-03-20,1044413922@qq.com,0762-3821009
020－81808503,510370,广州市荔湾区明心路36号,法医精神病司法鉴定,王旭荣,宁玉萍,440104086,广州市精神病医院司法鉴定所,2020-01-18,2018-05-01,-,020-81808503
18938093882,518102,深圳市宝安区西乡街道新湖路共乐华庭三楼323A号,"法医临床司法鉴定（听觉功能鉴定、性功能鉴定、活体年龄鉴定除外）",黄新,黄新,440914213,广东永恒法医临床司法鉴定所,2021-08-03,2018-04-16,156801373@qq.com,0755-23228112
020-84833212,510000,广州市番禺区市桥街工业路103号,"法医临床司法鉴定（视觉功能鉴定、听觉功能鉴定、性功能鉴定、活体年龄鉴定除外）",何应辉,梁万彬,440115220,广东华杰法医临床司法鉴定所,2022-01-05,2018-05-21,2765066059@qq.com,-
0751-8217700,512000,韶关市浈江区北江北路1号财富广场A单元817,法医物证司法鉴定,杨义斌,曹英华,440215228,广东大中法医物证司法鉴定所,2020-11-25,2018-04-16,349569809@qq.com,-
0768-2308333,-,潮州市潮枫路云梯村路口一巷二号办公楼401室,"法医临床司法鉴定（视觉功能鉴定、听觉功能鉴定、性功能鉴定、活体年龄鉴定除外），文书司法鉴定（污损文件鉴定、文件制作时间鉴定除外），痕迹司法鉴定",潘林青,潘林青,445118297,广东潮源司法鉴定所,2023-07-18,2019-04-26,719649857@qq.com,0768-2308333
020-87332131,510080,广州市中山二路74号,"法医病理司法鉴定，法医临床司法鉴定，法医精神病司法鉴定，法医物证司法鉴定，法医毒物司法鉴定（金属毒物检测、水溶性无机毒物检测除外）",赵虎,赵虎,440102001,中山大学法医鉴定中心,2020-02-10,2018-05-01,zdfy@163.com,87334353
0769-23362257,523400,"东莞市莞城街道八达路140号恒丰商业大厦1201室","法医病理司法鉴定（死亡原因鉴定项目除外），法医临床司法鉴定（视觉功能鉴定、听觉功能鉴定、性功能鉴定、活体年龄鉴定除外），法医精神病司法鉴定",王艾平,潘林青,441917263,广东德方法医临床司法鉴定所,2022-04-16,2019-04-18,331975049@qq.com,0769-23362257
0755-83285566,518035,深圳市笋岗西路3002号深圳市第二人民医院内,法医病理司法鉴定，法医临床司法鉴定,熊建义,熊建义,440305118,深圳市第二人民医院法医临床司法鉴定所,2022-01-17,2019-02-27,guankp123@sina.com,0755-83249112
0668-2998669,525200,广东省茂名市双山五路19号301房,-,杨伟康,杨伟康,440902041,广东德信建筑工程造价司法鉴定所,2018-01-18,2017-04-05,13828680388@139.com,0668-2998669
0763-6978787,511500,"清远市新城振兴路九号晟禾？汇江花园五号楼负一层商铺12号",法医物证司法鉴定,蔡福营,扶植国,441816238,广东华天法医物证司法鉴定所,2021-08-03,2018-04-16,huatiansifa@126.com,/
020-38867839,510620,广州市广州大道中路1190、1198号301A,-,何伟斌,马阳萍,440102010,广东天华华粤司法会计鉴定所,2018-07-28,2015-12-09,80503247@qq.com,020-38862489
0759-3126279,524043,"湛江市开发区人民大道中51号之一威格大厦1001-1002房",-,汪秀平,汪秀平,440802036,广东正大建筑工程造价司法鉴定所,2021-05-05,2017-04-17,Zjzdgs168@163.com,0759-3126279
0755-82127988,518008,"深圳市福田区彩田南路中深花园B栋1001、1003",-,林国齐,陈叔军,440302021,广东广深司法会计鉴定所,2018-06-16,2017-04-13,-,0755-83951061
0760-8319788,528403,中山市东区起湾道盛景园C座七栋二楼,-,胡敏珊,胡敏珊,442002045,广东成诺司法会计鉴定所,2018-01-07,2017-04-05,promise@zspromise.com,0760-23321686
0754-8855016,515041,汕头市金砂东路丰泽大厦504室,-,陈建平,陈建平,440502026,广东鮀岛司法会计鉴定所,2017-12-27,2017-03-13,2979435014@qq.com,0754-88854834
020-22912632,511458,广州市南沙区海滨路1121号A栋,"声像资料司法鉴定（录音资料鉴定除外、含电子数据鉴定）",丁丽萍,丁丽萍,440117258,广东中科司法鉴定所,2022-01-18,2018-05-01,ke_ji@gz.iscas.ac.cn,020-22912622
0755-25916668,518000,深圳市前海深港合作区前湾一路1号A栋201室,"文书司法鉴定，痕迹司法鉴定，声像资料司法鉴定（含电子数据鉴定），知识产权司法鉴定",胡海洋,周涛,440305110,广东安证计算机司法鉴定所,2019-12-11,2018-07-25,855517@qq.com,0755-83982189
020-34138970,510000,广州市海珠区新海街9号之十,痕迹司法鉴定（限交通事故痕迹鉴定）,周焕成,邵智存,440113193,广东安盈痕迹司法鉴定所,2022-12-28,2018-05-01,3442727844,020-34138970
13702886788,525000,茂名市光华南路151号中燃大厦第十一层写字楼,"法医临床司法鉴定（视觉功能鉴定、听觉功能鉴定、性功能鉴定、活体年龄鉴定除外）",傅小玻,曾真,440914209,广东正诚法医临床司法鉴定所,2021-06-05,2018-04-16,-,-
020-85591286,510620,广州市体育西路57号红盾大厦13楼,司法会计司法鉴定,黄印能,黄印能,4401308,广东康元司法会计鉴定所,2007-12-05,2002-12-06,-,-
0763-3505555,-,"清远市清城区曙光二路东八座2层至3层（清远市妇幼保健院正门左侧50米）","法医病理司法鉴定，法医临床司法鉴定（视觉功能鉴定、听觉功能鉴定、性功能鉴定、活体年龄鉴定除外），法医毒物司法鉴定（限乙醇检测），痕迹司法鉴定（限交通事故痕迹鉴定）",梁薛杰,梁薛杰,441817269,广东正义司法鉴定所,2022-07-31,2018-11-14,13924420099@139.cn,0763-3505555
020-83870092,510050,广州市北较场横路1号7号楼101房,法医临床司法鉴定,郭景元,郭景元,440105122,广东珠江法医临床司法鉴定所,-,-,-,-
0760-23763993,528463,中山市小榄镇东生西路128号,"法医临床司法鉴定（视觉功能鉴定、听觉功能鉴定、性功能鉴定、活体年龄鉴定除外）",温翠仪,刘国花,442017264,广东众群法医临床司法鉴定所,2022-04-16,2018-04-16,158180242@qq.163,-
0754-8469459,515041,汕头市大北山路3号3楼（财政审计大楼）,-,陈东升,陈东升,440503063,广东大地司法会计鉴定所,2017-12-27,2017-03-13,gdstdadi@163.com,0754-88467294
020-82755998,511300,广州市增城荔城街民乐路20号802房,-,吴叶娥,吴叶娥,440102011,广东红日司法会计鉴定所,2021-07-19,2017-03-01,51797151@qq.com,020-61738320
0668－3218578,525000,茂名市油城五路七号,"法医临床司法鉴定（视觉功能鉴定、听觉功能鉴定、活体年龄鉴定、性功能鉴定除外）",梁群益,梁群益,440902038,广东国泰法医临床司法鉴定所,2023-01-18,2018-04-16,sifajiandingsuo@163.com,0668—2276751
0754-88900837,515031,汕头市新陵路22号,"法医病理司法鉴定，法医临床司法鉴定，法医精神病司法鉴定，法医物证司法鉴定，法医毒物司法鉴定，微量物证司法鉴定",苏敏,苏敏,440502022,汕头大学司法鉴定中心,2023-02-06,2018-04-16,jdzx@stu.edu.cn,0754-88900837
0750-3635118,529000,江门市蓬江区华园东路45号115、116卡,"法医病理司法鉴定，法医临床司法鉴定（视觉功能鉴定、听觉功能鉴定、性功能鉴定、活体年龄鉴定除外），法医精神病司法鉴定",丁一训,王志兵,440716241,广东法信司法鉴定所,2021-08-14,2018-08-14,119585808@qq.com,0750-3553997
0668-2895008,525000,茂名市人民南路龙湖二街1号二楼,-,黄翔,黄翔,440902042,广东盈恒信司法会计鉴定所,2020-09-30,2017-04-05,YINGHENGXIN@163.COM,0668-2895008
020-87624886,510075,"广州市越秀区东风东路703号大院29号文化大楼第五层502房",-,周一鸣,周一鸣,440103046,广东至正司法会计鉴定所,2018-06-24,2017-03-01,gdzzcpa@163.com,020-87607158
0760-8928286,528400,"中山市石岐区南边二街八巷1-4号5卡之一及二层A区",-,陈玉珊,陈玉珊,442003052,广东永信司法会计鉴定所,2018-01-07,2017-04-05,yongxincpa@hotmail.com,0760-88928286
020-38817609,510620,广州市天河直街115号恒安大厦一楼、三楼,"法医临床司法鉴定（视觉功能鉴定、听觉功能鉴定、性功能鉴定除外），文书司法鉴定（污损文件鉴定、文件制作时间鉴定除外），痕迹司法鉴定",黎伯焜,梁洪杰,440105120,广东衡正司法鉴定所,2023-05-28,2018-05-29,694484748@qq.com,020-38814699
0759-2352106,524012,湛江市霞山区湖光路三岭山,法医精神病司法鉴定,唐旭,万诚,440803085,湛江市第三人民医院法医精神病司法鉴定所,2020-09-30,2018-04-16,-,0759-2352101
0768-2201625,521000,广东省潮州市潮枫路陈桥综合楼二楼,-,陈茂水,陈茂水,445105111,广东诚审建筑工程质量司法鉴定所,-,-,-,-
0754-8971261,515011,汕头市跃进路利鸿基中心大厦1711,-,李作精,朱桂源,440505116,广东嘉信司法会计鉴定所,2017-12-27,2017-03-13,jiaxin1261@yeah.net,0754-88971263
020-81918552,510120,广州市惠福西路123号北座7楼,法医精神病司法鉴定,贾福军,贾福军,440105121,广东精卫法医精神病司法鉴定所,2023-06-14,2018-06-15,gmhcps@139.com,020-81865140
0755-88309001,518040,深圳市福田区深南大道6025号英龙大厦4层,-,许继军,郭秀霞,440309175,广东深华法医临床司法鉴定所,2021-12-31,2017-03-06,-,-
0663-8653272,522000,揭阳市榕城区科委宿舍楼D幢105号,法医临床司法鉴定,李邦才,杨葵龙,445213202,广东榕江法医临床司法鉴定所,2020-09-13,2018-04-16,-,-
0751-8428282,512000,韶关市浈江区园前东路3号（原园前路1号）,"法医临床司法鉴定（视觉功能鉴定、听觉功能鉴定、性功能鉴定、活体年龄鉴定除外）",陈沐吉,李建麟,440216234,广东鉴证痕迹司法鉴定所,2021-05-30,2019-03-26,gdjzhjsfjds@163.com,0751-8428282
020-85531700,510620,广州市体育西路57号红盾大厦13楼,司法会计司法鉴定,黄印能,杨剑涛,440110178,"万隆亚洲(广东)司法会计鉴定所",2015-01-19,2010-01-20,-,-
0769-22991733,523000,东莞市南城区三元路8号报业大厦副楼一层单位,"法医临床司法鉴定（性功能鉴定、活体年龄鉴定除外），法医毒物司法鉴定（限乙醇检测），痕迹司法鉴定",刘大桥,张庆年,441916246,广东至信司法鉴定所,2021-09-29,2019-04-29,-,0769-22662018
0751-8913003,512000,韶关市武江区惠民南路169号向新楼二楼,"法医病理司法鉴定，法医临床司法鉴定（视觉功能鉴定、听觉功能鉴定、性功能鉴定和活体年龄鉴定除外），法医毒物司法鉴定（限乙醇检测）",高凤宝,何海生,440206129,广东北江法医临床司法鉴定所,2020-09-30,2018-04-16,631497758@qq.com,0751-8911120
0662-3428880,529500,阳江市石湾北路市建设局,-,姜健,姜健,441703084,广东信必达建筑工程造价司法鉴定所,2019-03-26,2017-03-28,yjsxbd@163.com,0662-3428280
020－81292202,510510,广州市多宝路63号门诊七楼,法医物证司法鉴定,黎青,陈德,440104087,广州医科大学附属第三医院法医物证司法鉴定所,2023-11-22,2018-11-23,81292522@163.com,020-81292522
0755－25104299,518003,深圳市深南东路文华大厦28D,-,张广清,张广清,440304089,广东方达司法会计鉴定所,2018-06-16,2017-04-13,fangdacpa@126.com,25129895
020-83192188,510030,广州市越秀区盘福路医国后街1号大院自编1号10楼,-,伍捷,麦小慧,440105099,广东建伟建筑工程造价司法鉴定所,2018-06-24,2017-03-01,jwzjzx@vip.163.com,020-83365230
020－61118543,510075,广州市广州大道北193号南塔20楼,-,陈伟欢,陈伟欢,440105098,广东粤监建筑工程质量司法鉴定所,2018-06-24,2017-03-01,-,38686981
0753-2244005,514021,梅州市梅江三路142号,-,杨健,杨健,441405112,广东正德司法会计鉴定所,2018-05-30,2017-04-18,490138041@qq.com,0753-2263898
0660-8905563,516001,陆丰市东海镇城东大道34号,法医临床司法鉴定,吴锐,姜戈红,441508157,陆丰市人民医院法医临床司法鉴定所,2023-06-20,2018-06-21,office88@126.com,0660-8990043
0769-23198113,523000,东莞市南城区银丰路北侧金运楼02号二楼,"法医临床司法鉴定（视觉功能鉴定、听觉功能鉴定、性功能鉴定、活体年龄鉴定除外），法医物证司法鉴定",王军,黄汝培,441908161,广东链信司法鉴定所,2020-09-30,2018-04-16,gdlxjas@163.com,0769-23198123
0759-3307908,524000,湛江市赤坎区军民路1号C栋,"法医临床司法鉴定（听觉功能鉴定、性功能鉴定、活体年龄鉴定除外），法医毒物司法鉴定（限乙醇检测）",唐祥新,黄进芳,440812186,广东正和法医临床司法鉴定所,2022-03-01,2018-04-16,-,-
0757-83163125,528000,"佛山市禅城区岭南大道81号佛山市第一人民医院1号楼1楼","法医病理司法鉴定，法医临床司法鉴定（视觉功能鉴定、听觉功能鉴定、性功能鉴定除外），法医物证司法鉴定，法医毒物司法鉴定（限乙醇检测）",张雨,刘镜棠,440612189,广东经纬司法鉴定所,2020-09-30,2018-04-16,1255176781@qq.com,0757-83103511
020-32211083,510663,"广州市高新技术产业开发区科学城荔枝山路8号D栋4楼","法医物证司法鉴定，法医毒物司法鉴定（金属毒物检测除外）",刘晓云,刘晓云,440112192,广东正孚法医毒物司法鉴定所,2020-08-05,2018-05-01,xyliu@wondfo.com.cn,020-32296065
13825061890,525011,茂名市茂南区双山四路30号2楼,"法医临床司法鉴定（视觉功能鉴定、听觉功能鉴定、性功能鉴定、活体年龄鉴定除外），法医毒物司法鉴定（限乙醇检测）",黄宇卓,李洪娟,440914212,广东弘诚法医临床司法鉴定所,2021-07-07,2018-05-10,3117547868@qq.com,0668-2268933
