F3070220000027_000022002,F3070220000027_000022003,F3070220000027_000022006,F3070220000027_000022007,F3070220000027_000022009
02,广东洋盛痕迹司法鉴定所,"超出登记的司法鉴定业务范围开展司法鉴定活动 ",广东省司法厅,粤司罚决字〔2017〕2号
02,广东洋盛痕迹司法鉴定所,"超出登记的执业类别执业 ",广东省司法厅,"粤司罚决字〔2017〕3号 "
02,南方医科大学司法鉴定中心,"在未亲自对被鉴定人进行身体检查的情况下，仅根据审查鉴定材料出具鉴定意见",广东省司法厅,粤司罚决字〔2017〕6号
02,广东洋盛痕迹司法鉴定所,"超出登记的执业类别执业 ",广东省司法厅,"粤司罚决字〔2017〕4号 "
02,广东清正法医临床司法鉴定所,代替其他司法鉴定人在鉴定书上签名,广东省司法厅,粤司罚决字〔2017〕5号
02,广东华曦法医物证司法鉴定所,违规异地设立接案点,广东省司法厅,"粤司罚决字〔2017〕1号 "
02,广东众合司法鉴定所,违法司法鉴定人回避规定,深圳市司法局,深司罚决字〔2018〕9号
02,广东众合司法鉴定所,在他人不知情的情况下代签名两份司法鉴定意见书,深圳市司法局,深司罚决字〔2018〕8号
