F3070220000164_000009004,F3070220000164_000009003,F3070220000164_000009002,F3070220000164_000009001,F3070220000164_000009006,F3070220000164_000009005
副研究员,男,吴茂芹,省情专家,"0001-01-01 00:00:00",公共政策
教授,男,曾庆榴,省情专家,"0001-01-01 00:00:00",民国广东史、广东地方党史
高级统计师,男,邱俊,省情专家,"0001-01-01 00:00:00",宏观经济、地方志
研究员,男,林有能,省情专家,"0001-01-01 00:00:00",岭南地方文化、禅文化
研究员,男,李庆新,省情专家,"0001-01-01 00:00:00",中国海洋史、中外关系史、广东地方史
教授,男,陈春声,省情专家,"0001-01-01 00:00:00",历史人类学
教授,男,徐颂军,省情专家,"0001-01-01 00:00:00",环境生态、林业生态、生态旅游
研究馆员,男,肖洽龙,省情专家,"0001-01-01 00:00:00",文物博物馆学
研究馆员,男,倪俊明,省情专家,"0001-01-01 00:00:00",广东文献、地方史
副研究员,男,吴茂芹,省情专家,"2018-05-30 17:02:21",公共政策
教授,男,曾庆榴,省情专家,"2018-05-30 17:02:21",民国广东史、广东地方党史
高级统计师,男,邱俊,省情专家,"2018-05-30 17:02:21",宏观经济、地方志
研究员,男,林有能,省情专家,"2018-05-30 17:02:21",岭南地方文化、禅文化
研究员,男,李庆新,省情专家,"2018-05-30 17:02:21",中国海洋史、中外关系史、广东地方史
教授,男,陈春声,省情专家,"2018-05-30 17:02:21",历史人类学
教授,男,徐颂军,省情专家,"2018-05-30 17:02:21",环境生态、林业生态、生态旅游
研究馆员,男,肖洽龙,省情专家,"2018-05-30 17:02:21",文物博物馆学
研究馆员,男,倪俊明,省情专家,"2018-05-30 17:02:21",广东文献、地方史
