F3070225300024_000009008,F3070225300024_000009009,F3070225300024_000009011,F3070225300024_000009022,F3070225300024_000009001,F3070225300024_000009012,F3070225300024_000009002,F3070225300024_000009013,F3070225300024_000009003,F3070225300024_000009014,F3070225300024_000009004,F3070225300024_000009015,F3070225300024_000009005,F3070225300024_000009016,F3070225300024_000009006,F3070225300024_000009017,F3070225300024_000009007,F3070225300024_000009018,F3070225300024_000009020,F3070225300024_000009010,F3070225300024_000009021
释悟茂,新兴县民族宗教事务局,-,-,佛教（汉语系）,-,新兴县岱山古寺,寺观教堂,广东省云浮市新兴县太平镇社圩,-,"2001-11-23 00:00:00.0",待核实,-,-,-,-,1.0,-,-,"2003-07-16 00:00:00",开放
释同皓,新兴县民族宗教事务局,-,-,佛教（汉语系）,-,新兴县云华禅寺,固定处所,广东省云浮市新兴县东成镇云河村委会云河村,-,"2012-12-23 00:00:00.0",714453210599011883,-,-,-,-,2.0,-,-,"2013-07-21 00:00:00",开放
释心印,新兴县民族宗教事务局,-,-,佛教（汉语系）,-,新兴县龙潭寺,寺观教堂,广东省云浮市新兴县六祖镇龙山旅游区内,-,"2000-08-06 00:00:00.0",待核实,-,-,-,-,2.0,-,-,"2004-07-05 00:00:00",开放
释心仁,新兴县民族宗教事务局,-,-,佛教（汉语系）,-,龙台古寺,寺观教堂,广东省云浮市新兴县六祖镇西睦村委会,-,"1998-09-28 00:00:00.0",待核实,-,-,-,-,2.0,-,-,"2000-07-05 00:00:00",开放
陈示科,云城区民族宗教事务局,-,-,天主教,-,云城区竹园天主教堂,寺观教堂,广东省云浮市云城区岩前路43号,-,"1994-09-08 00:00:00.0",71445302756467321U,-,-,-,-,3.0,-,-,"2003-10-02 00:00:00",开放
释心印,新兴县民族宗教事务局,-,-,佛教（汉语系）,-,新兴县藏佛寺,寺观教堂,广东省云浮市新兴县六祖镇龙山旅游区内,-,"1998-08-23 00:00:00.0",71445321729196001X,-,-,-,-,2.0,-,-,"1999-07-14 00:00:00",开放
释贤戒,新兴县民族宗教事务局,-,-,佛教（汉语系）,-,新兴县兴隆寺,固定处所,广东省云浮市新兴县车岗镇,-,"2010-06-08 00:00:00.0",71445321568210019C,-,-,-,-,2.0,-,-,"2012-07-02 00:00:00",开放
陈示科,新兴县民族宗教事务局,-,-,天主教,-,新兴县坡边天主教堂,寺观教堂,广东省云浮市新兴县新城镇坡边村,-,"1988-12-22 00:00:00.0",待核实,-,-,-,-,0.0,-,-,"1989-07-12 00:00:00",开放
陈西就,罗定市民族宗教事务局,-,-,基督教,-,罗定市基督教礼拜堂,寺观教堂,广东省云浮市罗定市罗城街道人民北路46号,-,"1986-03-03 00:00:00.0",待核实,-,-,-,-,2.0,-,-,"1987-04-03 00:00:00",开放
释仁慧,新兴县民族宗教事务局,-,-,佛教（汉语系）,-,福兴禅寺,固定处所,广东省云浮市新兴县水台镇六乡村委会高地村,-,"2013-08-08 00:00:00.0",待核实,-,-,-,-,2.0,-,-,"2015-07-15 00:00:00",开放
陈小玲,新兴县民族宗教事务局,-,-,基督教,-,新兴县新城基督教堂,寺观教堂,广东省云浮市新兴县新城镇西街33号,-,"1995-06-20 00:00:00.0",待核实,-,-,-,-,3.0,-,-,"1997-07-08 00:00:00",开放
未备案,新兴县民族宗教事务局,-,-,佛教（汉语系）,-,新兴县竹园庵,寺观教堂,广东省云浮市新兴县六祖镇,-,"1987-08-12 00:00:00.0",待核实,-,-,-,-,1.0,-,-,"1988-07-20 00:00:00",开放
释悟鑫,郁南县民族宗教事务局,-,-,佛教（汉语系）,-,郁南县平台镇华元寺,固定处所,广东省云浮市郁南县平台镇平台村委下村,-,"2013-12-03 00:00:00.0",71445322086803954Y,-,-,-,-,1.0,-,-,"2016-08-05 00:00:00",开放
（未备案）,罗定市民族宗教事务局,-,-,佛教（汉语系）,-,广东罗定开元寺,固定处所,广东省云浮市罗定市太平镇安村,-,"2013-02-05 00:00:00.0",待核实,-,-,-,-,2.0,-,-,"2014-07-03 00:00:00",开放
释妙泽,新兴县民族宗教事务局,-,-,佛教（汉语系）,-,新兴县龙华古寺,固定处所,广东省云浮市新兴县东成镇都村,-,"2009-09-22 00:00:00.0",待核实,-,-,-,-,1.0,-,-,"2011-06-20 00:00:00",开放
（未备案）,罗定市民族宗教事务局,-,-,佛教（汉语系）,-,罗定开阳寺,固定处所,广东省云浮市罗定市附城街道同仁村,-,"2014-08-22 00:00:00.0",待核实,-,-,-,-,2.0,-,-,"2015-09-09 00:00:00",开放
释如禅,新兴县民族宗教事务局,-,-,佛教（汉语系）,-,新兴县金台寺,固定处所,广东省云浮市新兴县新城镇南外村,-,"2008-11-22 00:00:00.0",待核实,-,-,-,-,2.0,-,-,"2009-11-25 00:00:00",开放
释如禅,新兴县民族宗教事务局,-,-,佛教（汉语系）,-,国恩寺,寺观教堂,广东省云浮市新兴县六祖镇龙山旅游区内,-,"1981-08-22 00:00:00.0",714453214565077909,-,-,-,-,20.0,-,-,"1986-08-26 00:00:00",开放
释传圣,新兴县民族宗教事务局,-,-,佛教（汉语系）,-,新兴县云礼观音禅寺,固定处所,广东省云浮市新兴县稔村镇云礼村委会云礼村,-,"2013-10-22 00:00:00.0",待核实,-,-,-,-,1.0,-,-,"2015-06-16 00:00:00",开放
释法兴,新兴县民族宗教事务局,-,-,佛教（汉语系）,-,新兴县水流庵,寺观教堂,广东省云浮市新兴县新城镇,-,"1997-12-23 00:00:00.0",待核实,-,-,-,-,1.0,-,-,"1999-07-28 00:00:00",开放
廖升祺,新兴县民族宗教事务局,-,-,基督教,-,天堂基督教堂,寺观教堂,广东省云浮市新兴县天堂镇解放路37号,-,"1987-02-28 00:00:00.0",待核实,-,-,-,-,2.0,-,-,"1991-07-16 00:00:00",开放
释旦明,新兴县民族宗教事务局,-,-,佛教（汉语系）,-,新兴县晚霞寺,寺观教堂,广东省云浮市新兴县新城镇枫洞村,-,"1994-08-22 00:00:00.0",71445321779957833U,-,-,-,-,5.0,-,-,"1996-07-17 00:00:00",开放
释悟鑫,郁南县民族宗教事务局,-,-,佛教（汉语系）,-,郁南县建成龙蟠寺,固定处所,广东省云浮市郁南县建成镇西镇村委杨冲坑村,-,"2013-03-26 00:00:00.0",714453220702590420,-,-,-,-,1.0,-,-,"2015-05-28 00:00:00",开放
（未备案）,新兴县民族宗教事务局,-,-,佛教（汉语系）,-,新兴县夏卢六祖故居,寺观教堂,广东省云浮市新兴县六祖镇夏卢村,-,"1995-07-13 00:00:00.0",待核实,-,-,-,-,1.0,-,-,"1996-06-24 00:00:00",开放
释一如,郁南县民族宗教事务局,-,-,佛教（汉语系）,-,郁地县都城普光禅寺,寺观教堂,广东省云南浮市郁南县都城镇大王山,-,"2009-11-24 00:00:00.0",71445322553698293W,-,-,-,-,1.0,-,-,"2013-07-10 00:00:00",开放
范松明,郁南县民族宗教事务局,-,-,基督教,-,郁南县建城镇横枝塘基督教活动点,固定处所,广东省云浮市郁南县建城镇罗旁宝岗路33号,-,"1994-06-09 00:00:00.0",71445322562623322R,-,-,-,-,0.0,-,-,"1996-07-10 00:00:00",开放
释弘昇,新兴县民族宗教事务局,-,-,佛教（汉语系）,-,新兴县三宝寺,寺观教堂,广东省云浮市新兴县太平镇坡田村,-,"1998-07-13 00:00:00.0",待核实,-,-,-,-,5.0,-,-,"2000-08-22 00:00:00",开放
梁荣华,云城区民族宗教事务局,-,-,基督教,-,云城区腰古镇福音堂,寺观教堂,广东省云浮市云城区腰古镇河旁街95号,-,"1994-09-02 00:00:00.0",71445302722914744F,-,-,-,-,1.0,-,-,"1995-09-08 00:00:00",开放
释悟鑫,郁南县民族宗教事务局,-,-,佛教（汉语系）,-,郁南县连滩镇逍遥佛祖寺,固定处所,广东省云浮市郁南县连滩镇逍遥村委彭寨村,-,"2016-08-30 00:00:00.0",71445322MCU4936164,-,-,-,-,2.0,-,-,"2017-04-06 00:00:00",开放
（未备案）,罗定市民族宗教事务局,-,-,佛教（汉语系）,-,罗定灵山寺,固定处所,广东省云浮市罗定市罗镜镇椽安村,-,"2012-12-27 00:00:00.0",待核实,-,-,-,-,3.0,-,-,"2013-12-30 00:00:00",开放
陈丽英,云城区民族宗教事务局,-,-,基督教,-,云城区基督教云城福音聚会点,固定处所,广东省云浮市云城区城中路108号,-,"2005-12-31 00:00:00.0",71445302682457736D,-,-,-,-,1.0,-,-,"2008-10-27 00:00:00",开放
释法胜,新兴县民族宗教事务局,-,-,佛教（汉语系）,-,新兴县护龙寺,固定处所,广东省云浮市新城大稳村,-,"2010-08-23 00:00:00.0",71445321559139724P,-,-,-,-,2.0,-,-,"2011-10-12 00:00:00",开放
释登明,郁地县民族宗教事务局,-,-,佛教（汉语系）,-,郁南县建城龙井寺,固定处所,广东省云浮市郁南县建城镇天马山,-,"2011-08-14 00:00:00.0",714453220553175580,-,-,-,-,1.0,-,-,"2014-08-05 00:00:00",开放
无,郁南县民族宗教事务局,-,-,基督教,-,郁地县都城基督教活动点,固定处所,广东省云浮市郁南都城镇木场路23号,-,"2007-03-22 00:00:00.0",71445322562631939U,-,-,-,-,0.0,-,-,"2008-03-26 00:00:00",开放
