F3070220000050_000012007,F3070220000050_000012005,F3070220000050_000012006,F3070220000050_000012003,F3070220000050_000012004,F3070220000050_000012001,F3070220000050_000012002
"2018-01-29 07:49:31",广东省茂名市质量计量监督检测所,广东省质量技术监督局,"2017-11-06 00:00:00",广东省茂名市高水路鲤鱼岭六号大院,"2018(粤)质监认字097号","2020-11-05 00:00:00"
"2018-06-29 09:48:28",广东省医疗器械研究所,广东省质量技术监督局,"2015-10-21 00:00:00",广州市天河区广州大道中1307号,"2018(粤)质监认字217号","2018-10-20 00:00:00"
"2018-04-25 16:49:32",广东省河源市质量计量监督检测所,广东省质量技术监督局,"2018-04-25 00:00:00",河源市建设大道西18号,"2018(粤)质监认字149号","2021-04-24 00:00:00"
"2018-03-09 16:10:53",广东省汕头市质量计量监督检测所,广东省质量技术监督局,"2018-03-09 00:00:00",广东省汕头市东厦北路155号,"2017(粤)质监认字044号","2021-03-08 00:00:00"
"2018-04-19 16:38:11",广东省江门市质量计量监督检测所,广东省质量技术监督局,"2018-04-19 00:00:00",江门市蓬江区建设三路48号,"2018(粤)质监认字086号","2021-04-18 00:00:00"
"2018-06-05 09:16:57",广东省揭阳市质量计量监督检测所,广东省质量技术监督局,"2015-10-08 00:00:00",揭阳市区莲花大道东质监检测综合楼,"2018(粤)质监认字205号","2018-10-07 00:00:00"
"2018-03-20 22:55:28",广州纤维产品检测研究院,广东省质量技术监督局,"2018-05-03 00:00:00",广州市番禺区石楼镇潮田工业区珠江路1-2号,"2018(粤)质监认字153号","2018-09-14 00:00:00"
"2018-01-12 16:44:50",广州质量监督检测研究院,广东省质量技术监督局,"2018-03-06 00:00:00",广州市番禺区石楼潮田工业区珠江路1-2号,"2018(粤)质监认字054号","2020-02-15 00:00:00"
"2018-08-03 12:25:45",广东省揭阳市质量计量监督检测所,广东省质量技术监督局,"2015-10-08 00:00:00",揭阳市区莲花大道东质监检测综合楼,"2018(粤)质监认字199号","2018-10-07 00:00:00"
"2018-12-20 17:24:17",广东省江门市质量计量监督检测所,广东省质量技术监督局,"2017-04-10 00:00:00",江门市蓬江区建设三路48号,"2018(粤)质监认字265号","2020-04-09 00:00:00"
"2018-12-06 12:53:42",广东省医疗器械研究所,广东省质量技术监督局,"2018-12-06 00:00:00",广州市天河区广州大道中1307号,"2018(粤)质监认字220号","2021-12-05 00:00:00"
"2018-12-04 00:24:13",广东省机械研究所,广东省质量技术监督局,"2018-12-03 00:00:00","广东省广州市黄埔区大沙地东319号保利中誉广场主楼209房","2018(粤)质监认字240号","2021-12-02 00:00:00"
"2018-11-22 16:11:07",广东省惠州市石油产品质量监督检验中心,广东省质量技术监督局,"2018-11-22 00:00:00",惠州市江北文明二路33号,"2018(粤)质监认字263号","2021-11-21 00:00:00"
"2018-11-01 22:06:24",广东省医疗器械质量监督检验所,广东省质量技术监督局,"2018-11-01 00:00:00",广州开发区科学城光谱西路1号,"2018(粤)质监认字235号","2021-10-31 00:00:00"
"2018-09-30 08:35:50",广东省造纸研究所,广东省质量技术监督局,"2015-11-23 00:00:00",广州市新港西路154号,"2018(粤)质监认字253号","2018-11-22 00:00:00"
"2018-09-18 16:26:20",广东省东莞市质量监督检测中心,广东省质量技术监督局,"2017-06-16 00:00:00",东莞市松山湖科技产业园区工业南路2号,"2018(粤)质监认字252号","2020-06-15 00:00:00"
"2019-01-24 08:30:44",广东省东莞市质量监督检测中心,广东省质量技术监督局,"2018-12-28 00:00:00",东莞市松山湖科技产业园区工业南路2号,"2017(粤)质监认字008号","2020-06-14 00:00:00"
"2019-01-14 17:19:48",广东省东莞市质量监督检测中心,广东省质量技术监督局,"2018-12-28 00:00:00",东莞市松山湖科技产业园区工业南路2号,"2018(粤)质监认字164号","2020-06-15 00:00:00"
"2018-08-17 16:49:04",广东省珠海市质量计量监督检测所,广东省质量技术监督局,"2018-08-17 00:00:00",珠海市香洲南屏科技工业园屏东六路泰北街1号,"2018(粤)质监认字245号","2021-08-16 00:00:00"
"2017-11-22 08:46:05","深圳市计量质量检测研究院(国家高新技术计量站、国家数字电子产品质量监督检验中心)",广东省质量技术监督局,"2017-07-13 00:00:00",深圳市南山区西丽街道同发路4号,"2017(粤)质监认字019号","2020-07-12 00:00:00"
"2018-06-06 08:08:59",广东省梅州市质量计量监督检测所,广东省质量技术监督局,"2015-09-25 00:00:00",梅州市江南彬芳大道南,"2018(粤)质监认字208号","2018-09-24 00:00:00"
"2018-06-04 11:43:10",广东省揭阳市质量计量监督检测所,广东省质量技术监督局,"2018-06-04 00:00:00",揭阳市区莲花大道东质监检测综合楼,"2018(粤)质监认字201号","2021-06-03 00:00:00"
"2017-11-23 16:49:22",广东省潮州市质量计量监督检测所,广东省质量技术监督局,"2018-06-12 00:00:00",潮州市潮州大道凤新东路质监大院内,"2017(粤)质监认字028号","2018-12-16 00:00:00"
"2018-07-02 14:50:59","广东产品质量监督检验研究院(国家质量技术监督局广州电气安全检验所、广东省试验认证研究院、华安实验室)",广东省质量技术监督局,"2018-07-02 00:00:00",广州市黄埔区科学大道10号,"2018(粤)质监认字219号","2021-07-01 00:00:00"
"2018-04-19 16:37:18",广东省江门市质量计量监督检测所,广东省质量技术监督局,"2018-04-19 00:00:00",江门市蓬江区建设三路48号,"2018(粤)质监认字091号","2021-04-18 00:00:00"
"2018-03-14 16:07:14","广东产品质量监督检验研究院(国家质量技术监督局广州电气安全检验所、广东省试验认证研究院、华安实验室)",广东省质量技术监督局,"2018-07-02 00:00:00",广州开发区科学城揽月路80号,"2017(粤)质监认字035号","2021-03-13 00:00:00"
"2018-02-26 16:25:59",广东省阳江市质量计量监督检测所,广东省质量技术监督局,"2016-08-15 00:00:00",广东省阳江市环山东路7号,"2018(粤)质监认字132号","2019-08-14 00:00:00"
"2018-06-27 08:21:03",广东省茂名市质量计量监督检测所,广东省质量技术监督局,"2017-11-06 00:00:00",广东省茂名市高水路鲤鱼岭六号大院,"2018(粤)质监认字215号","2020-11-05 00:00:00"
"2018-06-06 10:08:20",佛山市质量计量监督检测中心,广东省质量技术监督局,"2018-06-06 00:00:00",佛山市禅城区影荫二街2号,"2018(粤)质监认字162号","2021-06-05 00:00:00"
"2018-06-04 11:43:10",广东省揭阳市质量计量监督检测所,广东省质量技术监督局,"2018-06-04 00:00:00",揭阳市区莲花大道东质监检测综合楼,"2018(粤)质监认字201号","2021-06-03 00:00:00"
"2018-01-12 15:27:21",广州质量监督检测研究院,广东省质量技术监督局,"2018-03-06 00:00:00",广州市番禺区石楼潮田工业区珠江路1-2号,"2018(粤)质监认字052号","2020-02-13 00:00:00"
"2018-01-12 16:50:37",广州质量监督检测研究院,广东省质量技术监督局,"2018-03-06 00:00:00",广州市番禺区石楼潮田工业区珠江路1-2号,"2018(粤)质监认字058号","2020-02-15 00:00:00"
"2018-06-04 11:36:40","广东省特种设备检测研究院(广东省特种设备事故调查中心)",广东省质量技术监督局,"2018-06-04 00:00:00",广州市天河区黄埔大道中路146-150号6B房,"2018(粤)质监认字160号","2021-06-03 00:00:00"
"2018-01-29 07:49:31",广东省茂名市质量计量监督检测所,广东省质量技术监督局,"2017-11-06 00:00:00",广东省茂名市高水路鲤鱼岭六号大院,"2018(粤)质监认字097号","2020-11-05 00:00:00"
"2018-06-04 12:33:07","广东省特种设备检测研究院(广东省特种设备事故调查中心)",广东省质量技术监督局,"2018-06-04 00:00:00",广州市天河区黄埔大道中路146-150号6B房,"2018(粤)质监认字154号","2021-06-03 00:00:00"
"2018-04-13 17:46:11",广东省东莞市质量监督检测中心,广东省质量技术监督局,"2018-03-16 00:00:00",东莞市松山湖科技产业园区工业南路2号,"2017(粤)质监认字008号","2020-06-14 00:00:00"
"2018-07-04 23:18:32",广东省云浮市质量计量监督检测所,广东省质量技术监督局,"2018-07-04 00:00:00",云浮市云城区城北武警支队西南侧,"2018(粤)质监认字221号","2021-07-03 00:00:00"
"2018-07-06 16:35:12",广东省中山市质量计量监督检测所,广东省质量技术监督局,"2015-10-21 00:00:00",中山市东区博爱六路48号,"2018(粤)质监认字222号","2018-10-20 00:00:00"
"2018-08-02 11:10:33",广东省医疗器械质量监督检验所,广东省质量技术监督局,"2015-08-25 00:00:00",广州开发区科学城光谱西路1号,"2018(粤)质监认字236号","2018-08-24 00:00:00"
"2019-01-15 14:21:07",广东省东莞市质量监督检测中心,广东省质量技术监督局,"2018-12-28 00:00:00",东莞市松山湖科技产业园区工业南路2号,"2018(粤)质监认字165号","2020-06-15 00:00:00"
"2019-01-10 08:45:06",广东省东莞市质量监督检测中心,广东省质量技术监督局,"2017-06-16 00:00:00",东莞市松山湖科技产业园区工业南路2号,"2019(粤)质监认字287号","2020-06-15 00:00:00"
"2019-01-10 08:40:56",广东省东莞市质量监督检测中心,广东省质量技术监督局,"2018-12-28 00:00:00",东莞市松山湖科技产业园区工业南路2号,"2018(粤)质监认字170号","2020-06-15 00:00:00"
"2018-12-26 12:59:16",广东省云浮市质量计量监督检测所,广东省质量技术监督局,"2018-03-23 00:00:00",云浮市云城区城北武警支队西南侧,"2018(粤)质监认字271号","2021-03-22 00:00:00"
"2018-12-26 12:55:19",广东省云浮市质量计量监督检测所,广东省质量技术监督局,"2016-12-27 00:00:00",云浮市云城区城北武警支队西南侧,"2018(粤)质监认字269号","2019-12-26 00:00:00"
"2018-12-20 18:19:02",广州质量监督检测研究院,广东省质量技术监督局,"2018-03-06 00:00:00",广州市番禺区石楼潮田工业区珠江路1-2号,"2018(粤)质监认字075号","2020-02-16 00:00:00"
"2019-02-01 11:04:27",中国质量认证中心,广东省质量技术监督局,"2019-02-01 00:00:00",北京市丰台区南四环西路188号9区,"2019(粤)质监认字290号","2022-01-31 00:00:00"
"2019-06-06 15:33:54",广东省特种设备检测研究院东莞检测院,广东省市场监督管理局,"2019-06-06 00:00:00",东莞市东城主山高田坊市质量技术监督局大院内,"2019(粤)质监认字297号","2022-06-05 00:00:00"
"2018-05-17 16:48:06","广州特种承压设备检测研究院(广州市特种设备事故鉴定中心、广州市危险化学品储运罐体检测中心)",广东省质量技术监督局,"2018-05-17 00:00:00",广州市黄埔区科研路9号,"2018(粤)质监认字117号","2021-05-16 00:00:00"
"2018-03-14 15:42:46","广东产品质量监督检验研究院(国家质量技术监督局广州电气安全检验所、广东省试验认证研究院、华安实验室)",广东省质量技术监督局,"2018-06-29 00:00:00",广州市黄埔区科学大道10号,"2017(粤)质监认字039号","2021-03-13 00:00:00"
"2018-03-09 16:11:37",广东省汕头市质量计量监督检测所,广东省质量技术监督局,"2018-03-09 00:00:00",广东省汕头市东厦北路155号,"2017(粤)质监认字041号","2021-03-08 00:00:00"
"2018-07-02 14:49:46",广州能源检测研究院,广东省质量技术监督局,"2018-07-02 00:00:00",广州市番禺区石楼镇珠江路1-2号,"2018(粤)质监认字218号","2021-07-01 00:00:00"
"2017-11-22 08:59:30","深圳市计量质量检测研究院(国家高新技术计量站、国家数字电子产品质量监督检验中心)",广东省质量技术监督局,"2016-10-17 00:00:00",深圳市南山区西丽街道同发路4号,"2017(粤)质监认字020号","2019-10-16 00:00:00"
"2018-06-06 12:37:57",广东省惠州市质量计量监督检测所,广东省质量技术监督局,"2018-06-06 00:00:00",惠州市江北文华二路质量检测大楼,"2018(粤)质监认字150号","2021-06-05 00:00:00"
"2018-05-17 19:56:52","广州特种承压设备检测研究院(广州市特种设备事故鉴定中心、广州市危险化学品储运罐体检测中心)",广东省质量技术监督局,"2018-05-17 00:00:00",广州市黄埔区科研路9号,"2018(粤)质监认字095号","2021-05-16 00:00:00"
"2018-05-17 16:54:55","广东省珠宝玉石及贵金属检测中心(广东省技术监督珠宝贵金属质量检验站)",广东省质量技术监督局,"2018-05-17 00:00:00",广州市东风东路751号,"2018(粤)质监认字125号","2021-05-16 00:00:00"
"2018-03-14 15:48:17","广东产品质量监督检验研究院(国家质量技术监督局广州电气安全检验所、广东省试验认证研究院、华安实验室)",广东省质量技术监督局,"2018-03-14 00:00:00",广州开发区科学城揽月路80号,"2017(粤)质监认字037号","2021-03-13 00:00:00"
"2018-06-06 10:18:32",佛山市质量计量监督检测中心,广东省质量技术监督局,"2018-06-06 00:00:00",佛山市禅城区影荫二街2号,"2018(粤)质监认字166号","2021-06-05 00:00:00"
"2018-05-17 16:48:06","广州特种承压设备检测研究院(广州市特种设备事故鉴定中心、广州市危险化学品储运罐体检测中心)",广东省质量技术监督局,"2018-05-17 00:00:00",广州市黄埔区科研路9号,"2018(粤)质监认字117号","2021-05-16 00:00:00"
"2018-06-06 11:34:15",佛山市质量计量监督检测中心,广东省质量技术监督局,"2018-06-06 00:00:00",佛山市禅城区影荫二街2号,"2018(粤)质监认字161号","2021-06-05 00:00:00"
"2018-04-19 16:34:49",广州能源检测研究院,广东省质量技术监督局,"2018-04-19 00:00:00",广州市番禺区石楼镇珠江路1-2号,"2018(粤)质监认字051号","2021-04-18 00:00:00"
"2017-11-22 09:29:39","深圳市计量质量检测研究院(国家高新技术计量站、国家数字电子产品质量监督检验中心)",广东省质量技术监督局,"2017-01-20 00:00:00",深圳市南山区西丽街道同发路4号,"2017(粤)质监认字023号","2020-01-19 00:00:00"
"2018-06-04 14:56:36",广东省茂名市质量计量监督检测所,广东省质量技术监督局,"2018-06-04 00:00:00",广东省茂名市高水路鲤鱼岭六号大院,"2018(粤)质监认字042号","2021-06-03 00:00:00"
"2018-04-25 16:49:32",广东省河源市质量计量监督检测所,广东省质量技术监督局,"2018-04-25 00:00:00",河源市建设大道西18号,"2018(粤)质监认字149号","2021-04-24 00:00:00"
"2018-01-26 10:13:41","深圳市计量质量检测研究院(国家高新技术计量站、国家数字电子产品质量监督检验中心)",广东省质量技术监督局,"2018-01-26 00:00:00",深圳市南山区西丽街道同发路4号,"2017(粤)质监认字015号","2021-01-25 00:00:00"
"2018-05-17 16:54:55","广东省珠宝玉石及贵金属检测中心(广东省技术监督珠宝贵金属质量检验站)",广东省质量技术监督局,"2018-05-17 00:00:00",广州市东风东路751号,"2018(粤)质监认字125号","2021-05-16 00:00:00"
"2018-03-14 15:48:17","广东产品质量监督检验研究院(国家质量技术监督局广州电气安全检验所、广东省试验认证研究院、华安实验室)",广东省质量技术监督局,"2018-03-14 00:00:00",广州开发区科学城揽月路80号,"2017(粤)质监认字037号","2021-03-13 00:00:00"
"2018-07-27 11:03:10","广州特种承压设备检测研究院(广州市特种设备事故鉴定中心、广州市危险化学品储运罐体检测中心)",广东省质量技术监督局,"2018-07-27 00:00:00",广州市黄埔区科研路9号,"2018(粤)质监认字095号","2021-05-16 00:00:00"
"2018-09-13 16:52:39",华南农业大学,广东省质量技术监督局,"2018-09-13 00:00:00",广东省广州市天河区五山,"2018(粤)质监认字213号","2021-09-12 00:00:00"
"2018-08-24 15:18:52",广州市番禺质量技术监督检测所,广东省质量技术监督局,"2018-08-24 00:00:00",广州市番禺区市桥街东平路46号,"2018(粤)质监认字104号","2021-08-23 00:00:00"
"2019-01-03 09:19:39",广东省梅州市质量计量监督检测所,广东省质量技术监督局,"2017-11-16 00:00:00",梅州市江南彬芳大道南,"2019(粤)质监认字284号","2020-11-15 00:00:00"
"2018-12-28 16:55:04",广东省汕头市质量计量监督检测所,广东省质量技术监督局,"2018-12-28 00:00:00",广东省汕头市东厦北路155号,"2018(粤)质监认字250号","2021-12-27 00:00:00"
"2018-08-16 14:38:07",广东省工程技术研究所,广东省质量技术监督局,"2015-06-03 00:00:00",广州市白云区嘉罗路218号大院自编2栋,"2018(粤)质监认字243号","2018-06-02 00:00:00"
"2018-03-09 16:10:53",广东省汕头市质量计量监督检测所,广东省质量技术监督局,"2018-03-09 00:00:00",广东省汕头市东厦北路155号,"2017(粤)质监认字044号","2021-03-08 00:00:00"
"2017-11-09 09:30:09",广州市增城质量技术监督检测所,广东省质量技术监督局,"2016-07-20 00:00:00",广州市增城区荔城街挂绿路14号,"2017(粤)质监认字009号","2019-07-19 00:00:00"
"2018-06-15 17:44:15",广东省石油化工研究院,广东省质量技术监督局,"2018-06-27 00:00:00",广州市天河区棠下车陂西路318号,"2018(粤)质监认字212号","2018-08-09 00:00:00"
"2018-06-05 09:15:51",广东省汕尾市质量计量监督检测所,广东省质量技术监督局,"2015-10-26 00:00:00",广东省汕尾市城区香湖路厦楼美地段,"2018(粤)质监认字204号","2018-10-25 00:00:00"
"2018-03-14 16:07:27","广东产品质量监督检验研究院(国家质量技术监督局广州电气安全检验所、广东省试验认证研究院、华安实验室)",广东省质量技术监督局,"2018-03-14 00:00:00",广州开发区科学城揽月路80号,"2017(粤)质监认字032号","2021-03-13 00:00:00"
"2018-06-06 11:40:48",广东省惠州市质量计量监督检测所,广东省质量技术监督局,"2018-06-06 00:00:00",惠州市江北文华二路质量检测大楼,"2018(粤)质监认字112号","2021-06-05 00:00:00"
"2017-11-22 09:29:39","深圳市计量质量检测研究院(国家高新技术计量站、国家数字电子产品质量监督检验中心)",广东省质量技术监督局,"2017-01-20 00:00:00",深圳市南山区西丽街道同发路4号,"2017(粤)质监认字023号","2020-01-19 00:00:00"
"2018-03-09 16:11:09",广东省汕头市质量计量监督检测所,广东省质量技术监督局,"2018-03-09 00:00:00",广东省汕头市东厦北路155号,"2017(粤)质监认字043号","2021-03-08 00:00:00"
"2018-06-05 09:21:27",广东省梅州市质量计量监督检测所,广东省质量技术监督局,"2015-09-25 00:00:00",梅州市江南彬芳大道南,"2018(粤)质监认字206号","2018-09-24 00:00:00"
"2018-03-09 16:11:37",广东省汕头市质量计量监督检测所,广东省质量技术监督局,"2018-03-09 00:00:00",广东省汕头市东厦北路155号,"2017(粤)质监认字041号","2021-03-08 00:00:00"
"2018-02-26 16:25:06",广东省潮州市质量计量监督检测所,广东省质量技术监督局,"2017-03-28 00:00:00",潮州市潮州大道凤新东路质监大院内,"2018(粤)质监认字131号","2023-03-27 00:00:00"
"2018-07-02 14:49:46",广州能源检测研究院,广东省质量技术监督局,"2018-07-02 00:00:00",广州市番禺区石楼镇珠江路1-2号,"2018(粤)质监认字218号","2021-07-01 00:00:00"
"2018-06-15 17:44:15",广东省石油化工研究院,广东省质量技术监督局,"2018-06-27 00:00:00",广州市天河区棠下车陂西路318号,"2018(粤)质监认字212号","2018-08-09 00:00:00"
"2018-03-14 16:07:56","广东产品质量监督检验研究院(国家质量技术监督局广州电气安全检验所、广东省试验认证研究院、华安实验室)",广东省质量技术监督局,"2018-07-02 00:00:00",广州开发区科学城揽月路80号,"2017(粤)质监认字031号","2021-03-13 00:00:00"
"2018-01-26 16:45:48","深圳市计量质量检测研究院(国家高新技术计量站、国家数字电子产品质量监督检验中心)",广东省质量技术监督局,"2018-01-26 00:00:00",深圳市南山区西丽街道同发路4号,"2017(粤)质监认字016号","2021-01-25 00:00:00"
"2018-02-26 16:25:59",广东省阳江市质量计量监督检测所,广东省质量技术监督局,"2016-08-15 00:00:00",广东省阳江市环山东路7号,"2018(粤)质监认字132号","2019-08-14 00:00:00"
"2018-06-04 12:36:21",广东省茂名市质量计量监督检测所,广东省质量技术监督局,"2018-06-04 00:00:00",广东省茂名市高水路鲤鱼岭六号大院,"2018(粤)质监认字088号","2021-06-03 00:00:00"
"2018-03-16 11:33:37",广东省中山市质量计量监督检测所,广东省质量技术监督局,"2018-03-16 00:00:00",中山市东区博爱六路48号,"2018(粤)质监认字093号","2021-03-15 00:00:00"
"2018-07-13 14:40:39",广东广业检测有限公司,广东省质量技术监督局,"2015-11-25 00:00:00",广东省广州市荔湾区南岸路塘前新街6号,"2018(粤)质监认字226号","2018-11-24 00:00:00"
"2018-08-01 09:12:09",广东省揭阳市质量计量监督检测所,广东省质量技术监督局,"2015-10-08 00:00:00",揭阳市区莲花大道东质监检测综合楼,"2018(粤)质监认字199号","2018-10-07 00:00:00"
"2018-08-02 11:04:02",广东省医疗器械质量监督检验所,广东省质量技术监督局,"2015-08-25 00:00:00",广州开发区科学城光谱西路1号,"2018(粤)质监认字235号","2018-08-24 00:00:00"
"2018-12-04 00:27:31",广东省造纸研究所,广东省质量技术监督局,"2018-12-03 00:00:00",广州市新港西路154号,"2018(粤)质监认字253号","2021-12-02 00:00:00"
"2018-10-12 16:29:19",广东省揭阳市质量计量监督检测所,广东省质量技术监督局,"2018-10-12 00:00:00",揭阳市区莲花大道东质监检测综合楼,"2018(粤)质监认字239号","2021-10-11 00:00:00"
"2018-09-12 17:22:42",广东省梅州市质量计量监督检测所,广东省质量技术监督局,"2018-09-12 00:00:00",梅州市江南彬芳大道南,"2018(粤)质监认字208号","2021-09-11 00:00:00"
"2019-01-04 11:50:20",广东省工程技术研究所,广东省质量技术监督局,"2019-01-04 00:00:00",广州市白云区嘉罗路218号大院自编2栋,"2019(粤)质监认字285号","2022-01-03 00:00:00"
"2019-01-31 11:47:14",广东省肇庆市质量计量监督检测所,广东省质量技术监督局,"2019-01-31 00:00:00",广东省肇庆市鼎湖区新城十五区宝鼎路,"2019(粤)质监认字289号","2022-01-30 00:00:00"
"2018-08-17 16:56:37",广东省通讯终端产品质量监督检验中心,广东省质量技术监督局,"2018-08-17 00:00:00",广东省河源市高新技术开发区科技大道,"2018(粤)质监认字246号","2021-08-16 00:00:00"
"2018-08-06 16:14:24",广东省东莞市质量监督检测中心,广东省质量技术监督局,"2018-08-06 00:00:00",东莞市松山湖科技产业园区工业南路2号,"2018(粤)质监认字238号","2021-08-05 00:00:00"
"2018-08-06 15:10:12",深圳市特种设备安全检验研究院,广东省质量技术监督局,"2018-08-06 00:00:00",深圳市罗湖区清水河街道红岗路1032号特检大厦,"2018(粤)质监认字198号","2021-08-05 00:00:00"
"2018-05-28 09:48:46",广东省揭阳市质量计量监督检测所,广东省质量技术监督局,"2015-10-08 00:00:00",揭阳市区莲花大道东质监检测综合楼,"2018(粤)质监认字200号","2018-10-07 00:00:00"
"2018-03-09 16:10:34",广东省汕头市质量计量监督检测所,广东省质量技术监督局,"2018-03-09 00:00:00",广东省汕头市东厦北路155号,"2017(粤)质监认字040号","2021-03-08 00:00:00"
"2018-04-19 16:52:56",广东省江门市质量计量监督检测所,广东省质量技术监督局,"2018-04-19 00:00:00",江门市蓬江区建设三路48号,"2018(粤)质监认字073号","2021-04-18 00:00:00"
"2018-04-17 08:09:09",广东省珠海市质量计量监督检测所,广东省质量技术监督局,"2015-08-24 00:00:00",珠海市香洲南屏科技工业园屏东六路泰北街1号,"2018(粤)质监认字175号","2018-08-23 00:00:00"
"2018-06-12 16:28:52",广东省潮州市质量计量监督检测所,广东省质量技术监督局,"2018-06-12 00:00:00",潮州市潮州大道凤新东路质监大院内,"2018(粤)质监认字030号","2021-06-11 00:00:00"
"2018-06-04 12:39:22",广东省揭阳市质量计量监督检测所,广东省质量技术监督局,"2018-06-04 00:00:00",揭阳市区莲花大道东质监检测综合楼,"2018(粤)质监认字202号","2021-06-03 00:00:00"
"2018-06-04 17:43:42",广东省清远市质量计量监督检测所,广东省质量技术监督局,"2018-06-04 00:00:00","清远市新城银泉南路十三号汇贤花园树贤楼首层、三层至六层","2018(粤)质监认字191号","2021-06-03 00:00:00"
"2018-06-06 12:40:15",佛山市质量计量监督检测中心,广东省质量技术监督局,"2018-06-06 00:00:00",佛山市禅城区影荫二街2号,"2018(粤)质监认字155号","2021-06-05 00:00:00"
"2018-06-20 09:04:18",华南农业大学,广东省质量技术监督局,"2015-10-21 00:00:00",广东省广州市天河区五山,"2018(粤)质监认字213号","2018-10-20 00:00:00"
"2018-03-20 22:55:28",广州纤维产品检测研究院,广东省质量技术监督局,"2018-05-03 00:00:00",广州市番禺区石楼镇潮田工业区珠江路1-2号,"2018(粤)质监认字153号","2018-09-14 00:00:00"
"2018-03-09 16:13:02",广东省汕头市质量计量监督检测所,广东省质量技术监督局,"2018-03-09 00:00:00",广东省汕头市东厦北路155号,"2018(粤)质监认字151号","2021-03-08 00:00:00"
"2018-06-06 10:16:58",广东省惠州市质量计量监督检测所,广东省质量技术监督局,"2018-06-06 00:00:00",惠州市江北文华二路质量检测大楼,"2018(粤)质监认字111号","2021-06-05 00:00:00"
"2018-03-14 16:36:54","广东产品质量监督检验研究院(国家质量技术监督局广州电气安全检验所、广东省试验认证研究院、华安实验室)",广东省质量技术监督局,"2018-03-14 00:00:00",广州开发区科学城揽月路80号,"2017(粤)质监认字036号","2021-03-13 00:00:00"
"2018-06-06 10:20:42",佛山市质量计量监督检测中心,广东省质量技术监督局,"2018-06-06 00:00:00",佛山市禅城区影荫二街2号,"2018(粤)质监认字152号","2021-06-05 00:00:00"
"2018-02-26 16:23:23",广东省潮州市质量计量监督检测所,广东省质量技术监督局,"2015-12-17 00:00:00",潮州市潮州大道凤新东路质监大院内,"2018(粤)质监认字130号","2021-12-16 00:00:00"
"2018-06-12 16:28:52",广东省潮州市质量计量监督检测所,广东省质量技术监督局,"2018-06-12 00:00:00",潮州市潮州大道凤新东路质监大院内,"2018(粤)质监认字030号","2021-06-11 00:00:00"
"2018-08-17 16:41:38",广东省珠海市质量计量监督检测所,广东省质量技术监督局,"2018-08-17 00:00:00",珠海市香洲南屏科技工业园屏东六路泰北街1号,"2018(粤)质监认字175号","2021-08-16 00:00:00"
"2018-06-15 11:55:14","广东省测试分析研究所(中国广州分析测试中心)",广东省质量技术监督局,"2018-06-15 00:00:00",广州市先烈中路100号34幢,"2018(粤)质监认字211号","2021-06-14 00:00:00"
"2018-01-12 15:27:21",广州质量监督检测研究院,广东省质量技术监督局,"2018-03-06 00:00:00",广州市番禺区石楼潮田工业区珠江路1-2号,"2018(粤)质监认字052号","2020-02-13 00:00:00"
"2018-04-19 16:30:58",广州能源检测研究院,广东省质量技术监督局,"2018-04-19 00:00:00",广州市番禺区石楼镇珠江路1-2号,"2018(粤)质监认字050号","2021-04-18 00:00:00"
"2018-06-06 10:08:45",佛山市质量计量监督检测中心,广东省质量技术监督局,"2018-06-06 00:00:00",佛山市禅城区影荫二街2号,"2018(粤)质监认字157号","2021-06-05 00:00:00"
"2018-01-26 15:18:21","深圳市计量质量检测研究院(国家高新技术计量站、国家数字电子产品质量监督检验中心)",广东省质量技术监督局,"2018-01-26 00:00:00",深圳市南山区西丽街道同发路4号,"2017(粤)质监认字018号","2021-01-25 00:00:00"
"2018-04-13 17:35:41",广东省工业分析检测中心,广东省质量技术监督局,"2015-07-09 00:00:00",广州市天河区长兴路363号,"2018(粤)质监认字173号","2018-07-08 00:00:00"
"2018-05-11 18:00:49",广东省珠海市质量计量监督检测所,广东省质量技术监督局,"2018-05-04 00:00:00",珠海市香洲南屏科技工业园屏东六路泰北街1号,"2018(粤)质监认字174号","2018-08-23 00:00:00"
"2018-04-26 17:31:22","广东产品质量监督检验研究院(国家质量技术监督局广州电气安全检验所、广东省试验认证研究院、华安实验室)",广东省质量技术监督局,"2018-03-14 00:00:00",广州开发区科学城揽月路80号,"2017(粤)质监认字026号","2021-03-13 00:00:00"
"2018-06-04 19:02:23",广东省金银珠宝检测中心有限公司,广东省质量技术监督局,"2018-06-04 00:00:00",广东省广州市越秀区农林下路81号之三二楼,"2018(粤)质监认字192号","2021-06-03 00:00:00"
"2017-11-20 16:20:07",广州市增城质量技术监督检测所,广东省质量技术监督局,"2015-12-29 00:00:00",广州市增城区荔城街挂绿路14号,"2017(粤)质监认字010号","2018-12-28 00:00:00"
"2018-07-02 14:50:59","广东产品质量监督检验研究院(国家质量技术监督局广州电气安全检验所、广东省试验认证研究院、华安实验室)",广东省质量技术监督局,"2018-07-02 00:00:00",广州市黄埔区科学大道10号,"2018(粤)质监认字219号","2021-07-01 00:00:00"
"2018-06-01 15:07:14",深圳市特种设备安全检验研究院,广东省质量技术监督局,"2015-08-24 00:00:00",深圳市罗湖区清水河街道红岗路1032号特检大厦,"2018(粤)质监认字198号","2018-08-23 00:00:00"
"2018-04-19 16:30:58",广州能源检测研究院,广东省质量技术监督局,"2018-04-19 00:00:00",广州市番禺区石楼镇珠江路1-2号,"2018(粤)质监认字050号","2021-04-18 00:00:00"
"2018-01-26 15:18:21","深圳市计量质量检测研究院(国家高新技术计量站、国家数字电子产品质量监督检验中心)",广东省质量技术监督局,"2018-01-26 00:00:00",深圳市南山区西丽街道同发路4号,"2017(粤)质监认字018号","2021-01-25 00:00:00"
"2018-06-06 12:40:15",佛山市质量计量监督检测中心,广东省质量技术监督局,"2018-06-06 00:00:00",佛山市禅城区影荫二街2号,"2018(粤)质监认字155号","2021-06-05 00:00:00"
"2018-01-31 09:32:32",广州市番禺质量技术监督检测所,广东省质量技术监督局,"2015-09-25 00:00:00",广州市番禺区市桥街东平路46号,"2018(粤)质监认字104号","2018-09-24 00:00:00"
"2018-07-03 14:17:36",广东省医疗器械研究所,广东省质量技术监督局,"2015-10-21 00:00:00",广州市天河区广州大道中1307号,"2018(粤)质监认字220号","2018-10-20 00:00:00"
"2018-07-13 16:40:49",广东广业检测有限公司,广东省质量技术监督局,"2016-07-26 00:00:00",广东省广州市荔湾区南岸路塘前新街6号,"2018(粤)质监认字227号","2019-07-25 00:00:00"
"2018-11-22 15:57:39","广州特种承压设备检测研究院(广州市特种设备事故鉴定中心、广州市危险化学品储运罐体检测中心)",广东省质量技术监督局,"2018-11-22 00:00:00",广州市黄埔区科研路9号,"2018(粤)质监认字262号","2021-11-21 00:00:00"
"2018-11-02 08:42:56",广东科鉴检测工程技术有限公司,广东省质量技术监督局,"2017-06-30 00:00:00","广州高新技术产业开发区科学城玉树工业园敬业三街2号J栋103房","2018(粤)质监认字257号","2023-06-29 00:00:00"
"2018-11-01 22:03:53",广东省中山市质量计量监督检测所,广东省质量技术监督局,"2018-11-01 00:00:00",中山市东区博爱六路48号,"2018(粤)质监认字222号","2021-10-31 00:00:00"
"2018-10-12 15:49:53",广东省揭阳市质量计量监督检测所,广东省质量技术监督局,"2018-10-12 00:00:00",揭阳市区莲花大道东质监检测综合楼,"2018(粤)质监认字205号","2021-10-11 00:00:00"
"2018-09-27 09:00:01",广东省汕尾市质量计量监督检测所,广东省质量技术监督局,"2018-09-27 00:00:00",广东省汕尾市城区香湖路厦楼美地段,"2018(粤)质监认字204号","2021-09-26 00:00:00"
"2018-09-18 16:23:35",广东省东莞市质量监督检测中心,广东省质量技术监督局,"2017-08-25 00:00:00",东莞市松山湖科技产业园区工业南路2号,"2018(粤)质监认字251号","2020-08-24 00:00:00"
"2019-01-03 09:18:50",广东省梅州市质量计量监督检测所,广东省质量技术监督局,"2017-11-27 00:00:00",梅州市江南彬芳大道南,"2019(粤)质监认字283号","2020-11-26 00:00:00"
"2018-12-29 07:32:54","广东省计量科学研究院(华南国家计量测试中心)",广东省质量技术监督局,"2017-12-20 00:00:00",广州市广园中路松柏东街30号,"2018(粤)质监认字280号","2020-12-19 00:00:00"
"2018-06-04 19:02:23",广东省金银珠宝检测中心有限公司,广东省质量技术监督局,"2018-06-04 00:00:00",广东省广州市越秀区农林下路81号之三二楼,"2018(粤)质监认字192号","2021-06-03 00:00:00"
"2018-06-04 11:36:40","广东省特种设备检测研究院(广东省特种设备事故调查中心)",广东省质量技术监督局,"2018-06-04 00:00:00",广州市天河区黄埔大道中路146-150号6B房,"2018(粤)质监认字160号","2021-06-03 00:00:00"
"2018-03-21 09:24:14",广东省东莞市质量监督检测中心,广东省质量技术监督局,"2017-06-16 00:00:00",东莞市松山湖科技产业园区工业南路2号,"2018(粤)质监认字158号","2020-06-15 00:00:00"
"2018-03-16 11:32:39",广东省云浮市质量计量监督检测所,广东省质量技术监督局,"2018-03-16 00:00:00",云浮市云城区城北武警支队西南侧,"2018(粤)质监认字102号","2021-03-15 00:00:00"
"2018-01-12 16:49:43",广州质量监督检测研究院,广东省质量技术监督局,"2018-03-06 00:00:00",广州市番禺区石楼潮田工业区珠江路1-2号,"2018(粤)质监认字056号","2020-02-15 00:00:00"
"2018-01-26 15:19:10","深圳市计量质量检测研究院(国家高新技术计量站、国家数字电子产品质量监督检验中心)",广东省质量技术监督局,"2018-01-26 00:00:00",深圳市南山区西丽街道同发路4号,"2017(粤)质监认字013号","2021-01-25 00:00:00"
"2018-05-17 16:56:51",广东省粮食科学研究所,广东省质量技术监督局,"2018-05-17 00:00:00",广东省广州市越秀区越秀北路222号2-4楼,"2018(粤)质监认字100号","2021-05-16 00:00:00"
"2018-03-14 16:25:13","广东产品质量监督检验研究院(国家质量技术监督局广州电气安全检验所、广东省试验认证研究院、华安实验室)",广东省质量技术监督局,"2018-03-14 00:00:00",广州开发区科学城揽月路80号,"2017(粤)质监认字034号","2021-03-13 00:00:00"
"2018-04-02 14:59:16",广东省东莞市质量监督检测中心,广东省质量技术监督局,"2017-06-15 00:00:00",东莞市松山湖科技产业园区工业南路2号,"2018(粤)质监认字168号","2020-06-14 00:00:00"
"2018-06-06 11:38:13",佛山市质量计量监督检测中心,广东省质量技术监督局,"2018-06-06 00:00:00",佛山市禅城区影荫二街2号,"2018(粤)质监认字167号","2021-06-05 00:00:00"
"2018-05-09 17:10:55",广东省珠海市质量计量监督检测所,广东省质量技术监督局,"2018-01-03 00:00:00",珠海市香洲南屏科技工业园屏东六路泰北街1号,"2018(粤)质监认字193号","2021-01-02 00:00:00"
"2017-11-23 16:49:22",广东省潮州市质量计量监督检测所,广东省质量技术监督局,"2018-06-12 00:00:00",潮州市潮州大道凤新东路质监大院内,"2017(粤)质监认字028号","2018-12-16 00:00:00"
"2018-02-13 16:15:49",广州计量检测技术研究院,广东省质量技术监督局,"2015-08-31 00:00:00",广州市黄埔区科学城尖塔山路19号,"2018(粤)质监认字127号","2018-08-30 00:00:00"
"2017-11-30 14:38:03",广州市花都质量技术监督检测所,广东省质量技术监督局,"2017-11-16 00:00:00",广州市花都区新华街公益路12号之一,"2017(粤)质监认字038号","2020-11-15 00:00:00"
"2018-04-19 17:00:57",广东省江门市质量计量监督检测所,广东省质量技术监督局,"2018-06-15 00:00:00",江门市蓬江区建设三路48号,"2018(粤)质监认字077号","2021-04-18 00:00:00"
"2018-04-19 16:37:18",广东省江门市质量计量监督检测所,广东省质量技术监督局,"2018-04-19 00:00:00",江门市蓬江区建设三路48号,"2018(粤)质监认字091号","2021-04-18 00:00:00"
"2018-05-21 08:20:06",广东省珠海市质量计量监督检测所,广东省质量技术监督局,"2017-01-05 00:00:00",珠海市香洲南屏科技工业园屏东六路泰北街1号,"2018(粤)质监认字197号","2020-01-04 00:00:00"
"2018-11-01 21:58:07",广东广业检测有限公司,广东省质量技术监督局,"2018-11-01 00:00:00",广东省广州市荔湾区南岸路塘前新街6号,"2018(粤)质监认字226号","2021-10-31 00:00:00"
"2018-11-01 22:01:49",广东省医疗器械质量监督检验所,广东省质量技术监督局,"2018-11-01 00:00:00",广州开发区科学城光谱西路1号,"2018(粤)质监认字236号","2021-10-31 00:00:00"
"2018-11-01 22:04:38",广东省江门市质量计量监督检测所,广东省质量技术监督局,"2018-11-01 00:00:00",江门市蓬江区建设三路48号,"2018(粤)质监认字256号","2021-10-31 00:00:00"
"2019-01-03 08:31:14",广州质量监督检测研究院,广东省质量技术监督局,"2018-10-12 00:00:00",广州市番禺区石楼潮田工业区珠江路1-2号,"2018(粤)质监认字052号","2020-02-13 00:00:00"
"2018-12-29 10:24:28",广东省阳江市质量计量监督检测所,广东省质量技术监督局,"2016-08-15 00:00:00",广东省阳江市环山东路7号,"2018(粤)质监认字282号","2019-08-14 00:00:00"
"2018-12-27 10:32:44",广东省河源市质量计量监督检测所,广东省质量技术监督局,"2017-12-20 00:00:00",河源市建设大道西18号,"2018(粤)质监认字274号","2020-12-19 00:00:00"
"2018-12-24 17:49:36",佛山市质量计量监督检测中心,广东省质量技术监督局,"2017-01-09 00:00:00",佛山市禅城区影荫二街2号,"2018(粤)质监认字268号","2020-01-08 00:00:00"
"2019-01-31 10:32:10","深圳市计量质量检测研究院(国家高新技术计量站、国家数字电子产品质量监督检验中心)",广东省质量技术监督局,"2018-07-11 00:00:00",深圳市南山区西丽街道同发路4号,"2017(粤)质监认字020号","2019-10-16 00:00:00"
"2019-08-28 10:50:05","广东产品质量监督检验研究院(国家质量技术监督局广州电气安全检验所、广东省试验认证研究院、华安实验室)",广东省市场监督管理局,"2019-08-28 00:00:00",广州市黄埔区科学大道10号,"2017(粤)质监认字039号","2021-03-13 00:00:00"
"2018-08-17 16:42:49",广东省中山市质量计量监督检测所,广东省质量技术监督局,"2018-08-17 00:00:00",中山市东区博爱六路48号,"2018(粤)质监认字244号","2021-08-16 00:00:00"
"2018-06-12 16:26:30",广东省潮州市质量计量监督检测所,广东省质量技术监督局,"2018-06-12 00:00:00",潮州市潮州大道凤新东路质监大院内,"2018(粤)质监认字029号","2021-06-11 00:00:00"
"2018-04-19 16:36:22",广州能源检测研究院,广东省质量技术监督局,"2018-07-02 00:00:00",广州市番禺区石楼镇珠江路1-2号,"2018(粤)质监认字049号","2021-04-18 00:00:00"
"2018-01-12 16:44:50",广州质量监督检测研究院,广东省质量技术监督局,"2018-03-06 00:00:00",广州市番禺区石楼潮田工业区珠江路1-2号,"2018(粤)质监认字054号","2020-02-15 00:00:00"
"2018-04-12 15:09:01",佛山市质量计量监督检测中心,广东省质量技术监督局,"2018-04-12 00:00:00",佛山市禅城区影荫二街2号,"2018(粤)质监认字146号","2021-04-11 00:00:00"
"2018-06-07 11:29:36",广东省惠州市质量计量监督检测所,广东省质量技术监督局,"2018-06-07 00:00:00",惠州市江北文华二路质量检测大楼,"2018(粤)质监认字210号","2021-06-06 00:00:00"
"2017-11-09 09:30:09",广州市增城质量技术监督检测所,广东省质量技术监督局,"2016-07-20 00:00:00",广州市增城区荔城街挂绿路14号,"2017(粤)质监认字009号","2019-07-19 00:00:00"
"2018-06-06 10:08:45",佛山市质量计量监督检测中心,广东省质量技术监督局,"2018-06-06 00:00:00",佛山市禅城区影荫二街2号,"2018(粤)质监认字157号","2021-06-05 00:00:00"
"2018-06-05 09:14:42",广东省汕尾市质量计量监督检测所,广东省质量技术监督局,"2015-10-26 00:00:00",广东省汕尾市城区香湖路厦楼美地段,"2018(粤)质监认字203号","2021-10-25 00:00:00"
"2018-04-19 16:36:22",广州能源检测研究院,广东省质量技术监督局,"2018-07-02 00:00:00",广州市番禺区石楼镇珠江路1-2号,"2018(粤)质监认字049号","2021-04-18 00:00:00"
"2018-03-09 16:13:02",广东省汕头市质量计量监督检测所,广东省质量技术监督局,"2018-03-09 00:00:00",广东省汕头市东厦北路155号,"2018(粤)质监认字151号","2021-03-08 00:00:00"
"2018-02-08 14:19:46",广东省潮州市质量计量监督检测所,广东省质量技术监督局,"2018-06-12 00:00:00",潮州市潮州大道凤新东路质监大院内,"2018(粤)质监认字124号","2023-03-27 00:00:00"
"2018-07-13 16:57:44",广东省清远市质量计量监督检测所,广东省质量技术监督局,"2015-10-26 00:00:00","清远市新城银泉南路十三号汇贤花园树贤楼首层、三层至六层","2018(粤)质监认字228号","2018-10-25 00:00:00"
"2018-07-27 11:15:42",广东省阳江市质量计量监督检测所,广东省质量技术监督局,"2018-07-27 00:00:00",广东省阳江市环山东路7号,"2018(粤)质监认字231号","2021-07-26 00:00:00"
"2018-07-27 11:02:46",广州市光机电技术研究院,广东省质量技术监督局,"2018-07-27 00:00:00",广州高新技术产业开发区科学城科研路3号,"2018(粤)质监认字084号","2021-07-26 00:00:00"
"2018-11-07 08:02:27",广州特种机电设备检测研究院,广东省质量技术监督局,"2016-10-17 00:00:00",广州市六榕路65号六榕大厦6楼,"2018(粤)质监认字260号","2018-12-01 00:00:00"
"2018-10-25 19:15:55",广东省清远市质量计量监督检测所,广东省质量技术监督局,"2018-10-25 00:00:00","清远市新城银泉南路十三号汇贤花园树贤楼首层、三层至六层","2018(粤)质监认字223号","2021-10-24 00:00:00"
"2018-10-12 16:27:29",广州质量监督检测研究院,广东省质量技术监督局,"2018-10-12 00:00:00",广州市番禺区石楼潮田工业区珠江路1-2号,"2018(粤)质监认字254号","2021-10-11 00:00:00"
"2018-09-12 17:24:46",广东省梅州市质量计量监督检测所,广东省质量技术监督局,"2018-09-12 00:00:00",梅州市江南彬芳大道南,"2018(粤)质监认字207号","2021-09-11 00:00:00"
"2018-09-12 17:25:21","广东省特种设备检测研究院(广东省特种设备事故调查中心)",广东省质量技术监督局,"2018-09-12 00:00:00",广州市天河区黄埔大道中路146-150号6B房,"2018(粤)质监认字249号","2021-09-11 00:00:00"
"2018-06-06 11:34:15",佛山市质量计量监督检测中心,广东省质量技术监督局,"2018-06-06 00:00:00",佛山市禅城区影荫二街2号,"2018(粤)质监认字161号","2021-06-05 00:00:00"
"2018-01-26 15:18:41","深圳市计量质量检测研究院(国家高新技术计量站、国家数字电子产品质量监督检验中心)",广东省质量技术监督局,"2018-01-26 00:00:00",深圳市南山区西丽街道同发路4号,"2017(粤)质监认字017号","2021-01-25 00:00:00"
"2018-03-14 16:36:54","广东产品质量监督检验研究院(国家质量技术监督局广州电气安全检验所、广东省试验认证研究院、华安实验室)",广东省质量技术监督局,"2018-03-14 00:00:00",广州开发区科学城揽月路80号,"2017(粤)质监认字036号","2021-03-13 00:00:00"
"2018-06-01 15:07:14",深圳市特种设备安全检验研究院,广东省质量技术监督局,"2015-08-24 00:00:00",深圳市罗湖区清水河街道红岗路1032号特检大厦,"2018(粤)质监认字198号","2018-08-23 00:00:00"
"2018-01-25 09:48:21",广东省中山市质量计量监督检测所,广东省质量技术监督局,"2018-03-16 00:00:00",中山市东区博爱六路48号,"2018(粤)质监认字090号","2018-10-25 00:00:00"
"2018-07-27 11:24:05","广东省特种设备检测研究院(广东省特种设备事故调查中心)",广东省质量技术监督局,"2018-07-27 00:00:00",广州市天河区黄埔大道中路146-150号6B房,"2018(粤)质监认字232号","2021-07-26 00:00:00"
"2018-09-12 08:18:17",广州市加能轻工产品检验有限公司,广东省质量技术监督局,"2016-01-15 00:00:00",广州市越秀区环市东路水荫路17号之二,"2018(粤)质监认字247号","2019-01-14 00:00:00"
"2018-12-27 14:27:12",广州市番禺质量技术监督检测所,广东省质量技术监督局,"2018-08-24 00:00:00",广州市番禺区市桥街东平路46号,"2018(粤)质监认字104号","2020-02-16 00:00:00"
"2018-12-24 08:22:30",广州质量监督检测研究院,广东省质量技术监督局,"2017-02-16 00:00:00",广州市番禺区石楼潮田工业区珠江路1-2号,"2018(粤)质监认字266号","2020-02-15 00:00:00"
"2019-03-05 15:21:35","广东产品质量监督检验研究院(国家质量技术监督局广州电气安全检验所、广东省试验认证研究院、华安实验室)",广东省质量技术监督局,"2019-03-05 00:00:00",广州市黄埔区科学大道10号,"2019(粤)质监认字292号","2022-03-04 00:00:00"
"2019-08-06 08:39:41",广东省汕尾市质量计量监督检测所,广东省市场监督管理局,"2019-08-05 00:00:00",广东省汕尾市城区香湖路厦楼美地段,"2019(粤)质监认字304号","2022-08-04 00:00:00"
"2018-06-04 17:43:42",广东省清远市质量计量监督检测所,广东省质量技术监督局,"2018-06-04 00:00:00","清远市新城银泉南路十三号汇贤花园树贤楼首层、三层至六层","2018(粤)质监认字191号","2021-06-03 00:00:00"
"2018-01-26 15:19:10","深圳市计量质量检测研究院(国家高新技术计量站、国家数字电子产品质量监督检验中心)",广东省质量技术监督局,"2018-01-26 00:00:00",深圳市南山区西丽街道同发路4号,"2017(粤)质监认字013号","2021-01-25 00:00:00"
"2018-04-26 17:31:22","广东产品质量监督检验研究院(国家质量技术监督局广州电气安全检验所、广东省试验认证研究院、华安实验室)",广东省质量技术监督局,"2018-03-14 00:00:00",广州开发区科学城揽月路80号,"2017(粤)质监认字026号","2021-03-13 00:00:00"
"2017-11-22 10:34:48","深圳市计量质量检测研究院(国家高新技术计量站、国家数字电子产品质量监督检验中心)",广东省质量技术监督局,"2018-01-26 00:00:00",深圳市南山区西丽街道同发路4号,"2017(粤)质监认字024号","2018-09-16 00:00:00"
"2018-05-17 16:55:13",广东省特种设备检测研究院江门检测院,广东省质量技术监督局,"2018-05-17 00:00:00",广东省江门市建设三路48号江门市质监局大楼六楼,"2018(粤)质监认字196号","2021-05-16 00:00:00"
"2018-07-06 12:40:09","深圳市计量质量检测研究院(国家高新技术计量站、国家数字电子产品质量监督检验中心)",广东省质量技术监督局,"2018-07-06 00:00:00",深圳市南山区西丽街道同发路4号,"2018(粤)质监认字024号","2021-07-05 00:00:00"
"2018-07-26 15:01:05",广东省湛江市质量计量监督检测所,广东省质量技术监督局,"2015-11-17 00:00:00",广东省湛江市麻章区瑞云南路8号,"2018(粤)质监认字230号","2018-11-16 00:00:00"
"2018-07-27 12:33:38",广东省东莞市质量监督检测中心,广东省质量技术监督局,"2018-07-27 00:00:00",东莞市松山湖科技产业园区工业南路2号,"2018(粤)质监认字233号","2021-07-26 00:00:00"
"2018-12-06 17:22:53",广州市增城质量技术监督检测所,广东省质量技术监督局,"2018-12-06 00:00:00",广州市增城区荔城街挂绿路14号,"2018(粤)质监认字010号","2021-12-05 00:00:00"
"2018-11-01 21:59:42",广东省中山市质量计量监督检测所,广东省质量技术监督局,"2018-11-01 00:00:00",中山市东区博爱六路48号,"2018(粤)质监认字209号","2021-10-31 00:00:00"
"2018-10-23 08:24:28","深圳市计量质量检测研究院(国家高新技术计量站、国家数字电子产品质量监督检验中心)",广东省质量技术监督局,"2017-01-20 00:00:00",深圳市南山区西丽街道同发路4号,"2017(粤)质监认字022号","2023-01-19 00:00:00"
"2018-09-27 08:59:06",广东省汕尾市质量计量监督检测所,广东省质量技术监督局,"2018-09-27 00:00:00",广东省汕尾市城区香湖路厦楼美地段,"2018(粤)质监认字203号","2021-09-26 00:00:00"
"2018-09-12 17:23:48",广东省梅州市质量计量监督检测所,广东省质量技术监督局,"2018-09-12 00:00:00",梅州市江南彬芳大道南,"2018(粤)质监认字206号","2021-09-11 00:00:00"
"2019-03-05 15:21:22","广东产品质量监督检验研究院(国家质量技术监督局广州电气安全检验所、广东省试验认证研究院、华安实验室)",广东省质量技术监督局,"2019-03-05 00:00:00",广州市黄埔区科学大道10号,"2019(粤)质监认字291号","2022-03-04 00:00:00"
"2019-06-06 15:32:19",广东省智能制造研究所,广东省市场监督管理局,"2019-06-06 00:00:00",广州市先烈中路100号大院15号楼,"2019(粤)质监认字296号","2022-06-05 00:00:00"
"2019-08-22 08:07:07",广东省通讯终端产品质量监督检验中心,广东省市场监督管理局,"2019-08-21 00:00:00",广东省河源市高新技术开发区科技大道,"2019(粤)质监认字307号","2022-08-20 00:00:00"
"2018-06-06 10:26:13",广东省惠州市质量计量监督检测所,广东省质量技术监督局,"2018-06-06 00:00:00",惠州市江北文华二路质量检测大楼,"2018(粤)质监认字120号","2021-06-05 00:00:00"
"2018-05-10 17:35:55",广东省梅州市质量计量监督检测所,广东省质量技术监督局,"2015-10-19 00:00:00",梅州市江南彬芳大道南,"2018(粤)质监认字195号","2018-04-07 00:00:00"
"2018-06-06 10:12:28",广东省惠州市质量计量监督检测所,广东省质量技术监督局,"2018-06-06 00:00:00",惠州市江北文华二路质量检测大楼,"2018(粤)质监认字115号","2021-06-05 00:00:00"
"2018-06-15 11:44:57",广东省肇庆市质量计量监督检测所,广东省质量技术监督局,"2018-06-15 00:00:00",广东省肇庆市鼎湖区新城十五区宝鼎路,"2018(粤)质监认字169号","2021-06-14 00:00:00"
"2018-02-02 10:07:41",广东省茂名市质量计量监督检测所,广东省质量技术监督局,"2017-06-16 00:00:00",广东省茂名市高水路鲤鱼岭六号大院,"2018(粤)质监认字108号","2020-06-15 00:00:00"
"2018-02-26 16:23:23",广东省潮州市质量计量监督检测所,广东省质量技术监督局,"2015-12-17 00:00:00",潮州市潮州大道凤新东路质监大院内,"2018(粤)质监认字130号","2021-12-16 00:00:00"
"2018-01-26 10:13:41","深圳市计量质量检测研究院(国家高新技术计量站、国家数字电子产品质量监督检验中心)",广东省质量技术监督局,"2018-01-26 00:00:00",深圳市南山区西丽街道同发路4号,"2017(粤)质监认字015号","2021-01-25 00:00:00"
"2018-01-26 16:45:48","深圳市计量质量检测研究院(国家高新技术计量站、国家数字电子产品质量监督检验中心)",广东省质量技术监督局,"2018-01-26 00:00:00",深圳市南山区西丽街道同发路4号,"2017(粤)质监认字016号","2021-01-25 00:00:00"
"2018-06-04 12:33:07","广东省特种设备检测研究院(广东省特种设备事故调查中心)",广东省质量技术监督局,"2018-06-04 00:00:00",广州市天河区黄埔大道中路146-150号6B房,"2018(粤)质监认字154号","2021-06-03 00:00:00"
"2018-06-04 12:36:21",广东省茂名市质量计量监督检测所,广东省质量技术监督局,"2018-06-04 00:00:00",广东省茂名市高水路鲤鱼岭六号大院,"2018(粤)质监认字088号","2021-06-03 00:00:00"
"2017-11-22 08:46:05","深圳市计量质量检测研究院(国家高新技术计量站、国家数字电子产品质量监督检验中心)",广东省质量技术监督局,"2017-07-13 00:00:00",深圳市南山区西丽街道同发路4号,"2017(粤)质监认字019号","2020-07-12 00:00:00"
"2017-11-22 09:06:39","深圳市计量质量检测研究院(国家高新技术计量站、国家数字电子产品质量监督检验中心)",广东省质量技术监督局,"2017-07-13 00:00:00",深圳市南山区西丽街道同发路4号,"2017(粤)质监认字021号","2020-07-12 00:00:00"
"2018-05-10 17:35:55",广东省梅州市质量计量监督检测所,广东省质量技术监督局,"2015-10-19 00:00:00",梅州市江南彬芳大道南,"2018(粤)质监认字195号","2018-04-07 00:00:00"
"2018-04-23 14:34:28",广东省江门市质量计量监督检测所,广东省质量技术监督局,"2018-06-15 00:00:00",江门市蓬江区建设三路48号,"2018(粤)质监认字190号","2021-04-18 00:00:00"
"2018-04-19 16:52:56",广东省江门市质量计量监督检测所,广东省质量技术监督局,"2018-04-19 00:00:00",江门市蓬江区建设三路48号,"2018(粤)质监认字073号","2021-04-18 00:00:00"
"2018-06-06 12:37:57",广东省惠州市质量计量监督检测所,广东省质量技术监督局,"2018-06-06 00:00:00",惠州市江北文华二路质量检测大楼,"2018(粤)质监认字150号","2021-06-05 00:00:00"
"2018-05-17 16:47:48","广州特种承压设备检测研究院(广州市特种设备事故鉴定中心、广州市危险化学品储运罐体检测中心)",广东省质量技术监督局,"2018-05-17 00:00:00",广州市黄埔区科研路9号,"2018(粤)质监认字119号","2021-05-16 00:00:00"
"2017-11-22 09:27:38","深圳市计量质量检测研究院(国家高新技术计量站、国家数字电子产品质量监督检验中心)",广东省质量技术监督局,"2017-01-20 00:00:00",深圳市南山区西丽街道同发路4号,"2017(粤)质监认字022号","2020-01-19 00:00:00"
"2018-06-06 10:18:32",佛山市质量计量监督检测中心,广东省质量技术监督局,"2018-06-06 00:00:00",佛山市禅城区影荫二街2号,"2018(粤)质监认字166号","2021-06-05 00:00:00"
"2018-05-16 17:13:04",广东省珠海市质量计量监督检测所,广东省质量技术监督局,"2016-05-24 00:00:00",珠海市香洲南屏科技工业园屏东六路泰北街1号,"2018(粤)质监认字106号","2018-08-23 00:00:00"
"2018-07-11 15:14:15",广东省茂名市质量计量监督检测所,广东省质量技术监督局,"2018-07-11 00:00:00",广东省茂名市高水路鲤鱼岭六号大院,"2018(粤)质监认字224号","2021-07-10 00:00:00"
"2018-07-26 14:56:28",广东省揭阳市质量计量监督检测所,广东省质量技术监督局,"2015-10-08 00:00:00",揭阳市区莲花大道东质监检测综合楼,"2018(粤)质监认字199号","2018-10-07 00:00:00"
"2018-12-06 12:50:54",广州市加能轻工产品检验有限公司,广东省质量技术监督局,"2018-12-06 00:00:00",广州市越秀区环市东路水荫路17号之二,"2018(粤)质监认字247号","2021-12-05 00:00:00"
"2018-11-13 08:14:23","中国电子产品可靠性与环境试验研究所(工业和信息化部电子第五研究所)(中国赛宝实验室)",广东省质量技术监督局,"2018-10-25 00:00:00",广东省广州市天河区东莞庄路110号,"2018(粤)质监认字261号","2020-10-24 00:00:00"
"2019-01-15 14:18:44",广东省东莞市质量监督检测中心,广东省质量技术监督局,"2018-12-28 00:00:00",东莞市松山湖科技产业园区工业南路2号,"2018(粤)质监认字159号","2020-06-15 00:00:00"
"2019-01-10 08:39:58",广东省东莞市质量监督检测中心,广东省质量技术监督局,"2017-06-16 00:00:00",东莞市松山湖科技产业园区工业南路2号,"2019(粤)质监认字286号","2020-06-15 00:00:00"
"2018-12-26 12:56:59",广东省云浮市质量计量监督检测所,广东省质量技术监督局,"2018-03-23 00:00:00",云浮市云城区城北武警支队西南侧,"2018(粤)质监认字270号","2021-03-22 00:00:00"
"2019-02-01 16:49:31","深圳市计量质量检测研究院(国家高新技术计量站、国家数字电子产品质量监督检验中心)",广东省质量技术监督局,"2019-01-16 00:00:00",深圳市南山区西丽街道同发路4号,"2017(粤)质监认字022号","2020-01-19 00:00:00"
"2019-03-05 15:21:54","广东产品质量监督检验研究院(国家质量技术监督局广州电气安全检验所、广东省试验认证研究院、华安实验室)",广东省质量技术监督局,"2019-03-05 00:00:00",广州市黄埔区科学大道10号,"2019(粤)质监认字293号","2022-03-04 00:00:00"
"2018-04-25 16:50:09",广东省河源市质量计量监督检测所,广东省质量技术监督局,"2018-04-25 00:00:00",河源市建设大道西18号,"2018(粤)质监认字133号","2021-04-24 00:00:00"
"2018-05-09 17:10:55",广东省珠海市质量计量监督检测所,广东省质量技术监督局,"2018-01-03 00:00:00",珠海市香洲南屏科技工业园屏东六路泰北街1号,"2018(粤)质监认字193号","2021-01-02 00:00:00"
"2018-06-29 09:50:40",广东省梅州市质量计量监督检测所,广东省质量技术监督局,"2017-11-16 00:00:00",梅州市江南彬芳大道南,"2018(粤)质监认字207号","2020-11-15 00:00:00"
"2018-04-25 16:49:53",广东省河源市质量计量监督检测所,广东省质量技术监督局,"2018-04-25 00:00:00",河源市建设大道西18号,"2018(粤)质监认字128号","2021-04-24 00:00:00"
"2018-03-14 15:41:23","广东产品质量监督检验研究院(国家质量技术监督局广州电气安全检验所、广东省试验认证研究院、华安实验室)",广东省质量技术监督局,"2018-07-02 00:00:00",广州开发区科学城揽月路80号,"2017(粤)质监认字033号","2021-03-13 00:00:00"
"2017-11-30 14:38:03",广州市花都质量技术监督检测所,广东省质量技术监督局,"2017-11-16 00:00:00",广州市花都区新华街公益路12号之一,"2017(粤)质监认字038号","2020-11-15 00:00:00"
"2018-06-27 12:40:33",广东省冶金产品质量监督检测中心,广东省质量技术监督局,"2018-06-27 00:00:00",广州市天河区金慧街88号大院,"2018(粤)质监认字194号","2021-06-26 00:00:00"
"2018-06-15 17:45:17",广东省揭阳市质量计量监督检测所,广东省质量技术监督局,"2015-10-08 00:00:00",揭阳市区莲花大道东质监检测综合楼,"2018(粤)质监认字199号","2018-10-07 00:00:00"
"2018-01-26 16:44:50","深圳市计量质量检测研究院(国家高新技术计量站、国家数字电子产品质量监督检验中心)",广东省质量技术监督局,"2018-01-26 00:00:00",深圳市南山区西丽街道同发路4号,"2017(粤)质监认字014号","2021-01-25 00:00:00"
"2018-03-16 11:26:41",广东省云浮市质量计量监督检测所,广东省质量技术监督局,"2018-03-16 00:00:00",云浮市云城区城北武警支队西南侧,"2017(粤)质监认字047号","2021-03-15 00:00:00"
"2018-05-16 17:13:04",广东省珠海市质量计量监督检测所,广东省质量技术监督局,"2016-05-24 00:00:00",珠海市香洲南屏科技工业园屏东六路泰北街1号,"2018(粤)质监认字106号","2018-08-23 00:00:00"
"2018-06-15 11:44:57",广东省肇庆市质量计量监督检测所,广东省质量技术监督局,"2018-06-15 00:00:00",广东省肇庆市鼎湖区新城十五区宝鼎路,"2018(粤)质监认字169号","2021-06-14 00:00:00"
"2018-03-09 16:10:34",广东省汕头市质量计量监督检测所,广东省质量技术监督局,"2018-03-09 00:00:00",广东省汕头市东厦北路155号,"2017(粤)质监认字040号","2021-03-08 00:00:00"
"2018-06-29 09:48:28",广东省医疗器械研究所,广东省质量技术监督局,"2015-10-21 00:00:00",广州市天河区广州大道中1307号,"2018(粤)质监认字217号","2018-10-20 00:00:00"
"2018-01-12 16:49:43",广州质量监督检测研究院,广东省质量技术监督局,"2018-03-06 00:00:00",广州市番禺区石楼潮田工业区珠江路1-2号,"2018(粤)质监认字056号","2020-02-15 00:00:00"
"2018-06-04 12:39:22",广东省揭阳市质量计量监督检测所,广东省质量技术监督局,"2018-06-04 00:00:00",揭阳市区莲花大道东质监检测综合楼,"2018(粤)质监认字202号","2021-06-03 00:00:00"
"2018-03-21 09:25:15",广东省东莞市质量监督检测中心,广东省质量技术监督局,"2017-06-16 00:00:00",东莞市松山湖科技产业园区工业南路2号,"2018(粤)质监认字159号","2020-06-15 00:00:00"
"2018-05-17 19:56:52","广州特种承压设备检测研究院(广州市特种设备事故鉴定中心、广州市危险化学品储运罐体检测中心)",广东省质量技术监督局,"2018-05-17 00:00:00",广州市黄埔区科研路9号,"2018(粤)质监认字095号","2021-05-16 00:00:00"
"2018-06-20 09:04:18",华南农业大学,广东省质量技术监督局,"2015-10-21 00:00:00",广东省广州市天河区五山,"2018(粤)质监认字213号","2018-10-20 00:00:00"
"2018-03-14 16:25:13","广东产品质量监督检验研究院(国家质量技术监督局广州电气安全检验所、广东省试验认证研究院、华安实验室)",广东省质量技术监督局,"2018-03-14 00:00:00",广州开发区科学城揽月路80号,"2017(粤)质监认字034号","2021-03-13 00:00:00"
"2018-12-19 10:20:49",广东省河源市质量计量监督检测所,广东省质量技术监督局,"2018-12-19 00:00:00",河源市建设大道西18号,"2018(粤)质监认字264号","2021-12-18 00:00:00"
"2018-10-31 14:00:13",广东省石油与精细化工研究院,广东省质量技术监督局,"2018-10-31 00:00:00",广东省广州市天河区车陂西路318号,"2018(粤)质监认字212号","2021-10-30 00:00:00"
"2019-01-03 08:41:42",广东省东莞市质量监督检测中心,广东省质量技术监督局,"2017-06-16 00:00:00",东莞市松山湖科技产业园区工业南路2号,"2018(粤)质监认字158号","2020-06-15 00:00:00"
"2018-12-29 07:39:03",广东省通讯终端产品质量监督检验中心,广东省质量技术监督局,"2016-01-06 00:00:00",广东省河源市高新技术开发区科技大道,"2018(粤)质监认字281号","2019-01-05 00:00:00"
"2018-12-28 16:44:48",广东省测绘产品质量监督检验中心,广东省质量技术监督局,"2018-12-28 00:00:00",广州市环市东路468号,"2018(粤)质监认字255号","2021-12-27 00:00:00"
"2019-05-29 08:24:13","广东省特种设备检测研究院(广东省特种设备事故调查中心)",广东省市场监督管理局,"2019-05-28 00:00:00",广州市天河区黄埔大道中路146-150号6B房,"2019(粤)质监认字295号","2022-05-27 00:00:00"
"2019-08-28 10:14:56",广州市增城质量技术监督检测所,广东省市场监督管理局,"2019-08-28 00:00:00",广州市增城区荔城街挂绿路14号,"2019(粤)质监认字009号","2022-08-27 00:00:00"
"2018-08-16 14:36:29",广东省中山市质量计量监督检测所,广东省质量技术监督局,"2015-10-26 00:00:00",中山市东区博爱六路48号,"2018(粤)质监认字242号","2018-10-25 00:00:00"
"2018-06-29 09:42:10",广东省生物工程研究所（广州甘蔗糖业研究所）,广东省质量技术监督局,"2015-10-26 00:00:00",广州市石榴岗路10号,"2018(粤)质监认字216号","2018-10-25 00:00:00"
"2018-02-13 16:15:49",广州计量检测技术研究院,广东省质量技术监督局,"2015-08-31 00:00:00",广州市黄埔区科学城尖塔山路19号,"2018(粤)质监认字127号","2018-08-30 00:00:00"
"2018-05-17 16:47:48","广州特种承压设备检测研究院(广州市特种设备事故鉴定中心、广州市危险化学品储运罐体检测中心)",广东省质量技术监督局,"2018-05-17 00:00:00",广州市黄埔区科研路9号,"2018(粤)质监认字119号","2021-05-16 00:00:00"
"2018-02-26 16:08:59",广东省潮州市质量计量监督检测所,广东省质量技术监督局,"2018-06-12 00:00:00",潮州市潮州大道凤新东路质监大院内,"2018(粤)质监认字129号","2023-03-27 00:00:00"
"2018-02-08 14:19:46",广东省潮州市质量计量监督检测所,广东省质量技术监督局,"2018-06-12 00:00:00",潮州市潮州大道凤新东路质监大院内,"2018(粤)质监认字124号","2023-03-27 00:00:00"
"2018-03-16 11:33:37",广东省中山市质量计量监督检测所,广东省质量技术监督局,"2018-03-16 00:00:00",中山市东区博爱六路48号,"2018(粤)质监认字093号","2021-03-15 00:00:00"
"2018-06-29 09:42:10",广东省生物工程研究所（广州甘蔗糖业研究所）,广东省质量技术监督局,"2015-10-26 00:00:00",广州市石榴岗路10号,"2018(粤)质监认字216号","2018-10-25 00:00:00"
"2018-06-04 12:36:39",广东省中山市质量计量监督检测所,广东省质量技术监督局,"2018-06-04 00:00:00",中山市东区博爱六路48号,"2018(粤)质监认字134号","2021-06-03 00:00:00"
"2018-04-19 16:45:54",广东省江门市质量计量监督检测所,广东省质量技术监督局,"2018-04-19 00:00:00",江门市蓬江区建设三路48号,"2018(粤)质监认字071号","2021-04-18 00:00:00"
"2018-03-14 15:42:46","广东产品质量监督检验研究院(国家质量技术监督局广州电气安全检验所、广东省试验认证研究院、华安实验室)",广东省质量技术监督局,"2018-06-29 00:00:00",广州市黄埔区科学大道10号,"2017(粤)质监认字039号","2021-03-13 00:00:00"
"2018-05-28 09:48:46",广东省揭阳市质量计量监督检测所,广东省质量技术监督局,"2015-10-08 00:00:00",揭阳市区莲花大道东质监检测综合楼,"2018(粤)质监认字200号","2018-10-07 00:00:00"
"2018-06-06 10:16:00",广东省惠州市质量计量监督检测所,广东省质量技术监督局,"2018-06-06 00:00:00",惠州市江北文华二路质量检测大楼,"2018(粤)质监认字110号","2021-06-05 00:00:00"
"2018-02-02 10:07:41",广东省茂名市质量计量监督检测所,广东省质量技术监督局,"2017-06-16 00:00:00",广东省茂名市高水路鲤鱼岭六号大院,"2018(粤)质监认字108号","2020-06-15 00:00:00"
"2018-06-05 09:15:51",广东省汕尾市质量计量监督检测所,广东省质量技术监督局,"2015-10-26 00:00:00",广东省汕尾市城区香湖路厦楼美地段,"2018(粤)质监认字204号","2018-10-25 00:00:00"
"2018-03-30 16:20:06",广东省东莞市质量监督检测中心,广东省质量技术监督局,"2017-06-16 00:00:00",东莞市松山湖科技产业园区工业南路2号,"2018(粤)质监认字164号","2020-06-15 00:00:00"
"2018-03-14 16:07:14","广东产品质量监督检验研究院(国家质量技术监督局广州电气安全检验所、广东省试验认证研究院、华安实验室)",广东省质量技术监督局,"2018-07-02 00:00:00",广州开发区科学城揽月路80号,"2017(粤)质监认字035号","2021-03-13 00:00:00"
"2018-04-12 15:09:01",佛山市质量计量监督检测中心,广东省质量技术监督局,"2018-04-12 00:00:00",佛山市禅城区影荫二街2号,"2018(粤)质监认字146号","2021-04-11 00:00:00"
"2018-06-06 10:16:58",广东省惠州市质量计量监督检测所,广东省质量技术监督局,"2018-06-06 00:00:00",惠州市江北文华二路质量检测大楼,"2018(粤)质监认字111号","2021-06-05 00:00:00"
"2018-07-04 23:20:03",广东省工业分析检测中心,广东省质量技术监督局,"2018-07-04 00:00:00",广州市天河区长兴路363号,"2018(粤)质监认字173号","2021-07-03 00:00:00"
"2018-08-01 09:18:25","广东省计量科学研究院(华南国家计量测试中心)",广东省质量技术监督局,"2015-10-21 00:00:00",广州市广园中路松柏东街30号,"2018(粤)质监认字234号","2018-10-20 00:00:00"
"2018-07-26 14:57:42",广州市花都质量技术监督检测所,广东省质量技术监督局,"2017-02-22 00:00:00",广州市花都区新华街公益路12号之一,"2018(粤)质监认字229号","2020-02-21 00:00:00"
"2018-08-14 16:53:48",广东省机械研究所,广东省质量技术监督局,"2015-08-31 00:00:00","广东省广州市黄埔区大沙地东319号保利中誉广场主楼209房","2018(粤)质监认字241号","2018-08-30 00:00:00"
"2018-09-13 16:59:44","广东省计量科学研究院(华南国家计量测试中心)",广东省质量技术监督局,"2018-09-13 00:00:00",广州市广园中路松柏东街30号,"2018(粤)质监认字234号","2021-09-12 00:00:00"
"2018-08-24 15:20:56",广州纤维产品检测研究院,广东省质量技术监督局,"2018-08-24 00:00:00",广州市番禺区石楼镇潮田工业区珠江路1-2号,"2018(粤)质监认字153号","2021-08-23 00:00:00"
"2019-01-10 08:45:52",广东省东莞市质量监督检测中心,广东省质量技术监督局,"2017-06-16 00:00:00",东莞市松山湖科技产业园区工业南路2号,"2019(粤)质监认字288号","2020-06-15 00:00:00"
"2018-12-29 07:23:37",威凯检测技术有限公司,广东省质量技术监督局,"2016-06-21 00:00:00",广州市萝岗区天泰一路3号,"2018(粤)质监认字279号","2019-06-20 00:00:00"
"2018-12-27 09:54:17","中国电子产品可靠性与环境试验研究所(工业和信息化部电子第五研究所)(中国赛宝实验室)",广东省质量技术监督局,"2017-08-11 00:00:00",广东省广州市天河区东莞庄路110号,"2018(粤)质监认字273号","2020-08-10 00:00:00"
"2019-08-22 08:06:27",广东省通讯终端产品质量监督检验中心,广东省市场监督管理局,"2019-08-21 00:00:00",广东省河源市高新技术开发区科技大道,"2019(粤)质监认字306号","2022-08-20 00:00:00"
"2018-08-17 16:40:38",广东省珠海市质量计量监督检测所,广东省质量技术监督局,"2018-08-17 00:00:00",珠海市香洲南屏科技工业园屏东六路泰北街1号,"2018(粤)质监认字106号","2021-08-16 00:00:00"
"2018-01-19 10:10:51",广州市光机电技术研究院,广东省质量技术监督局,"2015-06-25 00:00:00",广州高新技术产业开发区科学城科研路3号,"2018(粤)质监认字084号","2018-06-24 00:00:00"
"2018-06-05 09:21:27",广东省梅州市质量计量监督检测所,广东省质量技术监督局,"2015-09-25 00:00:00",梅州市江南彬芳大道南,"2018(粤)质监认字206号","2018-09-24 00:00:00"
"2018-06-06 10:16:00",广东省惠州市质量计量监督检测所,广东省质量技术监督局,"2018-06-06 00:00:00",惠州市江北文华二路质量检测大楼,"2018(粤)质监认字110号","2021-06-05 00:00:00"
"2018-06-06 10:14:00",广东省惠州市质量计量监督检测所,广东省质量技术监督局,"2018-06-06 00:00:00",惠州市江北文华二路质量检测大楼,"2018(粤)质监认字109号","2021-06-05 00:00:00"
"2018-03-21 09:25:15",广东省东莞市质量监督检测中心,广东省质量技术监督局,"2017-06-16 00:00:00",东莞市松山湖科技产业园区工业南路2号,"2018(粤)质监认字159号","2020-06-15 00:00:00"
"2018-01-25 09:48:21",广东省中山市质量计量监督检测所,广东省质量技术监督局,"2018-03-16 00:00:00",中山市东区博爱六路48号,"2018(粤)质监认字090号","2018-10-25 00:00:00"
"2018-06-04 14:56:36",广东省茂名市质量计量监督检测所,广东省质量技术监督局,"2018-06-04 00:00:00",广东省茂名市高水路鲤鱼岭六号大院,"2018(粤)质监认字042号","2021-06-03 00:00:00"
"2018-04-13 17:26:21",广东省东莞市质量监督检测中心,广东省质量技术监督局,"2017-06-16 00:00:00",东莞市松山湖科技产业园区工业南路2号,"2018(粤)质监认字171号","2020-06-15 00:00:00"
"2018-06-06 08:08:59",广东省梅州市质量计量监督检测所,广东省质量技术监督局,"2015-09-25 00:00:00",梅州市江南彬芳大道南,"2018(粤)质监认字208号","2018-09-24 00:00:00"
"2018-01-19 10:10:51",广州市光机电技术研究院,广东省质量技术监督局,"2015-06-25 00:00:00",广州高新技术产业开发区科学城科研路3号,"2018(粤)质监认字084号","2018-06-24 00:00:00"
"2018-03-21 09:24:14",广东省东莞市质量监督检测中心,广东省质量技术监督局,"2017-06-16 00:00:00",东莞市松山湖科技产业园区工业南路2号,"2018(粤)质监认字158号","2020-06-15 00:00:00"
"2018-06-12 16:26:30",广东省潮州市质量计量监督检测所,广东省质量技术监督局,"2018-06-12 00:00:00",潮州市潮州大道凤新东路质监大院内,"2018(粤)质监认字029号","2021-06-11 00:00:00"
"2018-03-16 11:32:39",广东省云浮市质量计量监督检测所,广东省质量技术监督局,"2018-03-16 00:00:00",云浮市云城区城北武警支队西南侧,"2018(粤)质监认字102号","2021-03-15 00:00:00"
"2018-05-11 18:00:49",广东省珠海市质量计量监督检测所,广东省质量技术监督局,"2018-05-04 00:00:00",珠海市香洲南屏科技工业园屏东六路泰北街1号,"2018(粤)质监认字174号","2018-08-23 00:00:00"
"2018-03-09 16:11:09",广东省汕头市质量计量监督检测所,广东省质量技术监督局,"2018-03-09 00:00:00",广东省汕头市东厦北路155号,"2017(粤)质监认字043号","2021-03-08 00:00:00"
"2018-01-26 16:44:50","深圳市计量质量检测研究院(国家高新技术计量站、国家数字电子产品质量监督检验中心)",广东省质量技术监督局,"2018-01-26 00:00:00",深圳市南山区西丽街道同发路4号,"2017(粤)质监认字014号","2021-01-25 00:00:00"
"2018-02-26 16:08:59",广东省潮州市质量计量监督检测所,广东省质量技术监督局,"2018-06-12 00:00:00",潮州市潮州大道凤新东路质监大院内,"2018(粤)质监认字129号","2023-03-27 00:00:00"
"2018-08-03 12:24:54","深圳电气科学研究院(深圳电气科学研究所中心实验室、深圳电气产品质量检测中心、深圳电力、电器智能化工程技术开发中心)",广东省质量技术监督局,"2015-12-02 00:00:00","深圳市光明新区光明街道招商局光明科技园B3栋1B单元、B6栋1B单元、B6栋2B单元","2018(粤)质监认字237号","2018-12-01 00:00:00"
"2018-12-19 10:21:07",广东省生物工程研究所（广州甘蔗糖业研究所）,广东省质量技术监督局,"2018-12-19 00:00:00",广州市石榴岗路10号,"2018(粤)质监认字216号","2021-12-18 00:00:00"
"2018-12-04 00:34:06","深圳电气科学研究院(深圳电气科学研究所中心实验室、深圳电气产品质量检测中心、深圳电力、电器智能化工程技术开发中心)",广东省质量技术监督局,"2018-12-03 00:00:00","深圳市光明新区光明街道招商局光明科技园B3栋1B单元、B6栋1B单元、B6栋2B单元","2018(粤)质监认字237号","2021-12-02 00:00:00"
"2018-11-01 21:57:10",广东省中山市质量计量监督检测所,广东省质量技术监督局,"2018-11-01 00:00:00",中山市东区博爱六路48号,"2018(粤)质监认字090号","2021-10-31 00:00:00"
"2018-09-12 17:21:15",广东省梅州市质量计量监督检测所,广东省质量技术监督局,"2018-09-12 00:00:00",梅州市江南彬芳大道南,"2018(粤)质监认字248号","2021-09-11 00:00:00"
"2018-12-28 16:44:25","广东省计量科学研究院(华南国家计量测试中心)",广东省质量技术监督局,"2018-12-28 00:00:00",广州市广园中路松柏东街30号,"2018(粤)质监认字278号","2021-12-27 00:00:00"
"2018-12-24 14:26:41","广东产品质量监督检验研究院(国家质量技术监督局广州电气安全检验所、广东省试验认证研究院、华安实验室)",广东省质量技术监督局,"2017-06-22 00:00:00",广州市黄埔区科学大道10号,"2018(粤)质监认字267号","2020-06-21 00:00:00"
"2019-02-01 16:50:50","深圳市计量质量检测研究院(国家高新技术计量站、国家数字电子产品质量监督检验中心)",广东省质量技术监督局,"2019-01-24 00:00:00",深圳市南山区西丽街道同发路4号,"2017(粤)质监认字023号","2020-01-19 00:00:00"
"2019-06-28 18:58:13",广东省湛江市质量计量监督检测所,广东省市场监督管理局,"2019-06-28 00:00:00",广东省湛江市麻章区瑞云南路8号,"2019(粤)质监认字301号","2022-06-27 00:00:00"
"2019-07-19 12:07:07",威凯检测技术有限公司,广东省市场监督管理局,"2019-07-19 00:00:00",广州市萝岗区天泰一路3号,"2019(粤)质监认字279号","2022-07-18 00:00:00"
"2018-08-17 17:07:36",广东省珠海市质量计量监督检测所,广东省质量技术监督局,"2018-08-17 00:00:00",珠海市香洲南屏科技工业园屏东六路泰北街1号,"2018(粤)质监认字172号","2021-08-16 00:00:00"
"2018-08-06 16:04:38",广州计量检测技术研究院,广东省质量技术监督局,"2018-08-06 00:00:00",广州市黄埔区科学城尖塔山路19号,"2018(粤)质监认字127号","2021-08-05 00:00:00"
"2018-04-19 16:45:54",广东省江门市质量计量监督检测所,广东省质量技术监督局,"2018-04-19 00:00:00",江门市蓬江区建设三路48号,"2018(粤)质监认字071号","2021-04-18 00:00:00"
"2018-04-13 17:25:25",广东省东莞市质量监督检测中心,广东省质量技术监督局,"2017-06-16 00:00:00",东莞市松山湖科技产业园区工业南路2号,"2018(粤)质监认字170号","2020-06-15 00:00:00"
"2018-03-14 16:07:56","广东产品质量监督检验研究院(国家质量技术监督局广州电气安全检验所、广东省试验认证研究院、华安实验室)",广东省质量技术监督局,"2018-07-02 00:00:00",广州开发区科学城揽月路80号,"2017(粤)质监认字031号","2021-03-13 00:00:00"
"2018-04-19 16:38:11",广东省江门市质量计量监督检测所,广东省质量技术监督局,"2018-04-19 00:00:00",江门市蓬江区建设三路48号,"2018(粤)质监认字086号","2021-04-18 00:00:00"
"2018-06-05 09:14:42",广东省汕尾市质量计量监督检测所,广东省质量技术监督局,"2015-10-26 00:00:00",广东省汕尾市城区香湖路厦楼美地段,"2018(粤)质监认字203号","2021-10-25 00:00:00"
"2018-04-13 17:32:22",广东省珠海市质量计量监督检测所,广东省质量技术监督局,"2015-08-24 00:00:00",珠海市香洲南屏科技工业园屏东六路泰北街1号,"2018(粤)质监认字172号","2018-08-23 00:00:00"
"2018-05-21 08:20:06",广东省珠海市质量计量监督检测所,广东省质量技术监督局,"2017-01-05 00:00:00",珠海市香洲南屏科技工业园屏东六路泰北街1号,"2018(粤)质监认字197号","2020-01-04 00:00:00"
"2018-05-17 16:55:13",广东省特种设备检测研究院江门检测院,广东省质量技术监督局,"2018-05-17 00:00:00",广东省江门市建设三路48号江门市质监局大楼六楼,"2018(粤)质监认字196号","2021-05-16 00:00:00"
"2018-01-12 16:51:28",广州质量监督检测研究院,广东省质量技术监督局,"2018-03-06 00:00:00",广州市番禺区石楼潮田工业区珠江路1-2号,"2018(粤)质监认字060号","2020-02-16 00:00:00"
"2018-02-08 14:13:58",广东省潮州市质量计量监督检测所,广东省质量技术监督局,"2018-06-12 00:00:00",潮州市潮州大道凤新东路质监大院内,"2018(粤)质监认字122号","2020-09-25 00:00:00"
"2018-04-25 16:49:53",广东省河源市质量计量监督检测所,广东省质量技术监督局,"2018-04-25 00:00:00",河源市建设大道西18号,"2018(粤)质监认字128号","2021-04-24 00:00:00"
"2018-03-14 16:07:27","广东产品质量监督检验研究院(国家质量技术监督局广州电气安全检验所、广东省试验认证研究院、华安实验室)",广东省质量技术监督局,"2018-03-14 00:00:00",广州开发区科学城揽月路80号,"2017(粤)质监认字032号","2021-03-13 00:00:00"
"2018-06-06 11:40:48",广东省惠州市质量计量监督检测所,广东省质量技术监督局,"2018-06-06 00:00:00",惠州市江北文华二路质量检测大楼,"2018(粤)质监认字112号","2021-06-05 00:00:00"
"2018-06-06 10:08:20",佛山市质量计量监督检测中心,广东省质量技术监督局,"2018-06-06 00:00:00",佛山市禅城区影荫二街2号,"2018(粤)质监认字162号","2021-06-05 00:00:00"
"2018-06-25 08:10:10",广东省食品工业研究所有限公司,广东省质量技术监督局,"2018-06-11 00:00:00",广州市海珠区新港东路146号,"2018(粤)质监认字163号","2020-11-05 00:00:00"
"2018-07-12 16:58:14",广东省肇庆市质量计量监督检测所,广东省质量技术监督局,"2017-08-11 00:00:00",广东省肇庆市鼎湖区新城十五区宝鼎路,"2018(粤)质监认字225号","2020-08-10 00:00:00"
"2018-08-08 11:08:06",广东省揭阳市质量计量监督检测所,广东省质量技术监督局,"2016-10-21 00:00:00",揭阳市区莲花大道东质监检测综合楼,"2018(粤)质监认字239号","2019-10-20 00:00:00"
"2018-12-06 12:48:58",广东省医疗器械研究所,广东省质量技术监督局,"2018-12-06 00:00:00",广州市天河区广州大道中1307号,"2018(粤)质监认字217号","2021-12-05 00:00:00"
"2018-12-04 00:32:42",广东省机械研究所,广东省质量技术监督局,"2018-12-03 00:00:00","广东省广州市黄埔区大沙地东319号保利中誉广场主楼209房","2018(粤)质监认字241号","2021-12-02 00:00:00"
"2018-11-02 08:44:23",广东省湛江市质量计量监督检测所,广东省质量技术监督局,"2015-11-17 00:00:00",广东省湛江市麻章区瑞云南路8号,"2018(粤)质监认字258号","2018-11-16 00:00:00"
"2018-11-01 22:02:13",广东省中山市质量计量监督检测所,广东省质量技术监督局,"2018-11-01 00:00:00",中山市东区博爱六路48号,"2018(粤)质监认字242号","2021-10-31 00:00:00"
"2018-10-12 16:34:32",广东省揭阳市质量计量监督检测所,广东省质量技术监督局,"2018-10-12 00:00:00",揭阳市区莲花大道东质监检测综合楼,"2018(粤)质监认字199号","2021-10-11 00:00:00"
"2018-12-27 14:25:59","广东省特种设备检测研究院(广东省特种设备事故调查中心)",广东省质量技术监督局,"2017-10-25 00:00:00",广州市天河区黄埔大道中路146-150号6B房,"2018(粤)质监认字277号","2020-10-24 00:00:00"
"2018-12-27 09:39:26",广东省云浮市质量计量监督检测所,广东省质量技术监督局,"2016-12-27 00:00:00",云浮市云城区城北武警支队西南侧,"2018(粤)质监认字272号","2019-12-26 00:00:00"
"2019-07-05 08:08:24",湛江市农产品质量安全监督检测中心,广东省市场监督管理局,"2017-04-10 00:00:00",湛江市赤坎区海田路288号,"2019(粤)质监认字302号","2023-04-09 00:00:00"
"2018-04-02 14:59:16",广东省东莞市质量监督检测中心,广东省质量技术监督局,"2017-06-15 00:00:00",东莞市松山湖科技产业园区工业南路2号,"2018(粤)质监认字168号","2020-06-14 00:00:00"
"2018-06-06 11:38:13",佛山市质量计量监督检测中心,广东省质量技术监督局,"2018-06-06 00:00:00",佛山市禅城区影荫二街2号,"2018(粤)质监认字167号","2021-06-05 00:00:00"
"2018-06-07 10:29:15",广东省中山市质量计量监督检测所,广东省质量技术监督局,"2015-10-26 00:00:00",中山市东区博爱六路48号,"2018(粤)质监认字209号","2018-10-25 00:00:00"
"2018-04-23 14:34:28",广东省江门市质量计量监督检测所,广东省质量技术监督局,"2018-06-15 00:00:00",江门市蓬江区建设三路48号,"2018(粤)质监认字190号","2021-04-18 00:00:00"
"2018-06-06 10:20:42",佛山市质量计量监督检测中心,广东省质量技术监督局,"2018-06-06 00:00:00",佛山市禅城区影荫二街2号,"2018(粤)质监认字152号","2021-06-05 00:00:00"
"2018-01-31 09:32:32",广州市番禺质量技术监督检测所,广东省质量技术监督局,"2015-09-25 00:00:00",广州市番禺区市桥街东平路46号,"2018(粤)质监认字104号","2018-09-24 00:00:00"
"2018-03-14 15:42:24","广东产品质量监督检验研究院(国家质量技术监督局广州电气安全检验所、广东省试验认证研究院、华安实验室)",广东省质量技术监督局,"2018-03-14 00:00:00",广州开发区科学城揽月路80号,"2017(粤)质监认字025号","2021-03-13 00:00:00"
"2017-11-22 09:27:38","深圳市计量质量检测研究院(国家高新技术计量站、国家数字电子产品质量监督检验中心)",广东省质量技术监督局,"2017-01-20 00:00:00",深圳市南山区西丽街道同发路4号,"2017(粤)质监认字022号","2020-01-19 00:00:00"
"2018-06-25 08:10:10",广东省食品工业研究所有限公司,广东省质量技术监督局,"2018-06-11 00:00:00",广州市海珠区新港东路146号,"2018(粤)质监认字163号","2020-11-05 00:00:00"
"2017-12-25 11:34:33",广东省肇庆市质量计量监督检测所,广东省质量技术监督局,"2017-12-25 00:00:00",广东省肇庆市鼎湖区新城十五区宝鼎路,"2017(粤)质监认字045号","2020-12-24 00:00:00"
"2018-06-06 10:26:13",广东省惠州市质量计量监督检测所,广东省质量技术监督局,"2018-06-06 00:00:00",惠州市江北文华二路质量检测大楼,"2018(粤)质监认字120号","2021-06-05 00:00:00"
"2018-06-07 10:29:15",广东省中山市质量计量监督检测所,广东省质量技术监督局,"2015-10-26 00:00:00",中山市东区博爱六路48号,"2018(粤)质监认字209号","2018-10-25 00:00:00"
"2018-04-13 17:25:25",广东省东莞市质量监督检测中心,广东省质量技术监督局,"2017-06-16 00:00:00",东莞市松山湖科技产业园区工业南路2号,"2018(粤)质监认字170号","2020-06-15 00:00:00"
"2018-04-13 17:35:41",广东省工业分析检测中心,广东省质量技术监督局,"2015-07-09 00:00:00",广州市天河区长兴路363号,"2018(粤)质监认字173号","2018-07-08 00:00:00"
"2018-06-06 10:14:00",广东省惠州市质量计量监督检测所,广东省质量技术监督局,"2018-06-06 00:00:00",惠州市江北文华二路质量检测大楼,"2018(粤)质监认字109号","2021-06-05 00:00:00"
"2018-04-19 16:49:16",广东省江门市质量计量监督检测所,广东省质量技术监督局,"2018-06-15 00:00:00",江门市蓬江区建设三路48号,"2018(粤)质监认字082号","2021-04-18 00:00:00"
"2018-06-27 12:40:33",广东省冶金产品质量监督检测中心,广东省质量技术监督局,"2018-06-27 00:00:00",广州市天河区金慧街88号大院,"2018(粤)质监认字194号","2021-06-26 00:00:00"
"2018-04-13 17:32:22",广东省珠海市质量计量监督检测所,广东省质量技术监督局,"2015-08-24 00:00:00",珠海市香洲南屏科技工业园屏东六路泰北街1号,"2018(粤)质监认字172号","2018-08-23 00:00:00"
"2017-12-25 11:34:33",广东省肇庆市质量计量监督检测所,广东省质量技术监督局,"2017-12-25 00:00:00",广东省肇庆市鼎湖区新城十五区宝鼎路,"2017(粤)质监认字045号","2020-12-24 00:00:00"
"2018-07-06 16:37:44",广东省清远市质量计量监督检测所,广东省质量技术监督局,"2015-10-26 00:00:00","清远市新城银泉南路十三号汇贤花园树贤楼首层、三层至六层","2018(粤)质监认字223号","2021-10-25 00:00:00"
"2018-08-01 09:14:44",广东省湛江市质量计量监督检测所,广东省质量技术监督局,"2015-11-17 00:00:00",广东省湛江市麻章区瑞云南路8号,"2018(粤)质监认字230号","2018-11-16 00:00:00"
"2018-08-14 16:52:31",广东省机械研究所,广东省质量技术监督局,"2015-08-31 00:00:00","广东省广州市黄埔区大沙地东319号保利中誉广场主楼209房","2018(粤)质监认字240号","2018-08-30 00:00:00"
"2019-01-10 08:41:57",广东省东莞市质量监督检测中心,广东省质量技术监督局,"2017-06-16 00:00:00",东莞市松山湖科技产业园区工业南路2号,"2018(粤)质监认字171号","2020-06-15 00:00:00"
"2019-01-04 11:49:37",广州特种机电设备检测研究院,广东省质量技术监督局,"2019-01-04 00:00:00",广州市六榕路65号六榕大厦6楼,"2019(粤)质监认字260号","2022-01-03 00:00:00"
"2019-06-28 17:02:19","广东产品质量监督检验研究院(国家质量技术监督局广州电气安全检验所、广东省试验认证研究院、华安实验室)",广东省市场监督管理局,"2019-06-28 00:00:00",广州市黄埔区科学大道10号,"2019(粤)质监认字300号","2022-06-27 00:00:00"
"2019-06-28 16:54:49","广东产品质量监督检验研究院(国家质量技术监督局广州电气安全检验所、广东省试验认证研究院、华安实验室)",广东省市场监督管理局,"2019-06-28 00:00:00",广州市黄埔区科学大道10号,"2019(粤)质监认字299号","2022-06-27 00:00:00"
"2019-08-28 10:07:16","广东省特种设备检测研究院(广东省特种设备事故调查中心)",广东省市场监督管理局,"2019-08-28 00:00:00",广州市天河区黄埔大道中路146-150号6B房,"2019(粤)质监认字308号","2022-08-27 00:00:00"
"2017-11-22 09:06:39","深圳市计量质量检测研究院(国家高新技术计量站、国家数字电子产品质量监督检验中心)",广东省质量技术监督局,"2017-07-13 00:00:00",深圳市南山区西丽街道同发路4号,"2017(粤)质监认字021号","2020-07-12 00:00:00"
"2018-02-26 16:25:06",广东省潮州市质量计量监督检测所,广东省质量技术监督局,"2017-03-28 00:00:00",潮州市潮州大道凤新东路质监大院内,"2018(粤)质监认字131号","2023-03-27 00:00:00"
"2017-11-20 16:20:07",广州市增城质量技术监督检测所,广东省质量技术监督局,"2015-12-29 00:00:00",广州市增城区荔城街挂绿路14号,"2017(粤)质监认字010号","2018-12-28 00:00:00"
"2018-01-12 16:50:37",广州质量监督检测研究院,广东省质量技术监督局,"2018-03-06 00:00:00",广州市番禺区石楼潮田工业区珠江路1-2号,"2018(粤)质监认字058号","2020-02-15 00:00:00"
"2018-01-16 08:08:45",广州质量监督检测研究院,广东省质量技术监督局,"2018-03-06 00:00:00",广州市番禺区石楼潮田工业区珠江路1-2号,"2018(粤)质监认字075号","2020-02-16 00:00:00"
"2018-03-30 16:21:16",广东省东莞市质量监督检测中心,广东省质量技术监督局,"2017-06-16 00:00:00",东莞市松山湖科技产业园区工业南路2号,"2018(粤)质监认字165号","2020-06-15 00:00:00"
"2018-04-19 16:34:49",广州能源检测研究院,广东省质量技术监督局,"2018-04-19 00:00:00",广州市番禺区石楼镇珠江路1-2号,"2018(粤)质监认字051号","2021-04-18 00:00:00"
"2018-04-19 17:00:57",广东省江门市质量计量监督检测所,广东省质量技术监督局,"2018-06-15 00:00:00",江门市蓬江区建设三路48号,"2018(粤)质监认字077号","2021-04-18 00:00:00"
"2018-03-30 16:20:06",广东省东莞市质量监督检测中心,广东省质量技术监督局,"2017-06-16 00:00:00",东莞市松山湖科技产业园区工业南路2号,"2018(粤)质监认字164号","2020-06-15 00:00:00"
"2017-11-22 10:34:48","深圳市计量质量检测研究院(国家高新技术计量站、国家数字电子产品质量监督检验中心)",广东省质量技术监督局,"2018-01-26 00:00:00",深圳市南山区西丽街道同发路4号,"2017(粤)质监认字024号","2018-09-16 00:00:00"
"2018-06-05 09:16:57",广东省揭阳市质量计量监督检测所,广东省质量技术监督局,"2015-10-08 00:00:00",揭阳市区莲花大道东质监检测综合楼,"2018(粤)质监认字205号","2018-10-07 00:00:00"
"2018-04-25 16:50:09",广东省河源市质量计量监督检测所,广东省质量技术监督局,"2018-04-25 00:00:00",河源市建设大道西18号,"2018(粤)质监认字133号","2021-04-24 00:00:00"
"2018-06-06 10:12:28",广东省惠州市质量计量监督检测所,广东省质量技术监督局,"2018-06-06 00:00:00",惠州市江北文华二路质量检测大楼,"2018(粤)质监认字115号","2021-06-05 00:00:00"
"2018-06-15 11:55:14","广东省测试分析研究所(中国广州分析测试中心)",广东省质量技术监督局,"2018-06-15 00:00:00",广州市先烈中路100号34幢,"2018(粤)质监认字211号","2021-06-14 00:00:00"
"2018-06-29 09:50:40",广东省梅州市质量计量监督检测所,广东省质量技术监督局,"2017-11-16 00:00:00",梅州市江南彬芳大道南,"2018(粤)质监认字207号","2020-11-15 00:00:00"
"2018-01-16 08:08:45",广州质量监督检测研究院,广东省质量技术监督局,"2018-03-06 00:00:00",广州市番禺区石楼潮田工业区珠江路1-2号,"2018(粤)质监认字075号","2020-02-16 00:00:00"
"2018-03-14 15:41:23","广东产品质量监督检验研究院(国家质量技术监督局广州电气安全检验所、广东省试验认证研究院、华安实验室)",广东省质量技术监督局,"2018-07-02 00:00:00",广州开发区科学城揽月路80号,"2017(粤)质监认字033号","2021-03-13 00:00:00"
"2018-03-30 16:21:16",广东省东莞市质量监督检测中心,广东省质量技术监督局,"2017-06-16 00:00:00",东莞市松山湖科技产业园区工业南路2号,"2018(粤)质监认字165号","2020-06-15 00:00:00"
"2018-03-14 15:42:24","广东产品质量监督检验研究院(国家质量技术监督局广州电气安全检验所、广东省试验认证研究院、华安实验室)",广东省质量技术监督局,"2018-03-14 00:00:00",广州开发区科学城揽月路80号,"2017(粤)质监认字025号","2021-03-13 00:00:00"
"2018-05-17 16:56:51",广东省粮食科学研究所,广东省质量技术监督局,"2018-05-17 00:00:00",广东省广州市越秀区越秀北路222号2-4楼,"2018(粤)质监认字100号","2021-05-16 00:00:00"
"2018-06-15 17:45:17",广东省揭阳市质量计量监督检测所,广东省质量技术监督局,"2015-10-08 00:00:00",揭阳市区莲花大道东质监检测综合楼,"2018(粤)质监认字199号","2018-10-07 00:00:00"
"2018-06-27 08:21:03",广东省茂名市质量计量监督检测所,广东省质量技术监督局,"2017-11-06 00:00:00",广东省茂名市高水路鲤鱼岭六号大院,"2018(粤)质监认字215号","2020-11-05 00:00:00"
"2018-03-16 11:26:41",广东省云浮市质量计量监督检测所,广东省质量技术监督局,"2018-03-16 00:00:00",云浮市云城区城北武警支队西南侧,"2017(粤)质监认字047号","2021-03-15 00:00:00"
"2018-10-25 19:13:09",广东省清远市质量计量监督检测所,广东省质量技术监督局,"2018-10-25 00:00:00","清远市新城银泉南路十三号汇贤花园树贤楼首层、三层至六层","2018(粤)质监认字228号","2021-10-24 00:00:00"
"2018-10-23 08:30:22",广东省测绘产品质量监督检验中心,广东省质量技术监督局,"2016-01-06 00:00:00",广州市环市东路468号,"2018(粤)质监认字255号","2019-01-05 00:00:00"
"2018-09-18 16:18:26",广东省汕头市质量计量监督检测所,广东省质量技术监督局,"2015-12-29 00:00:00",广东省汕头市东厦北路155号,"2018(粤)质监认字250号","2018-12-28 00:00:00"
"2018-12-28 16:52:30",广东省潮州市质量计量监督检测所,广东省质量技术监督局,"2018-12-28 00:00:00",潮州市潮州大道凤新东路质监大院内,"2018(粤)质监认字028号","2021-12-27 00:00:00"
"2018-12-27 14:22:21",佛山市质量计量监督检测中心,广东省质量技术监督局,"2017-06-30 00:00:00",佛山市禅城区影荫二街2号,"2018(粤)质监认字276号","2020-06-29 00:00:00"
"2018-12-24 14:22:29",广州质量监督检测研究院,广东省质量技术监督局,"2018-03-06 00:00:00",广州市番禺区石楼潮田工业区珠江路1-2号,"2018(粤)质监认字060号","2020-02-16 00:00:00"
"2019-04-04 16:01:43",广东省实验动物监测所,广东省市场监督管理局,"2016-09-18 00:00:00",广州高新科技产业开发区科学城风信路11号,"2019(粤)质监认字294号","2019-09-17 00:00:00"
"2019-06-06 15:37:39",广东省河源市质量计量监督检测所,广东省市场监督管理局,"2019-06-06 00:00:00",河源市建设大道西18号,"2019(粤)质监认字298号","2022-06-05 00:00:00"
"2019-06-26 21:10:56",广东广业检测有限公司,广东省市场监督管理局,"2019-06-26 00:00:00",广东省广州市荔湾区南岸路塘前新街6号,"2019(粤)质监认字227号","2022-06-25 00:00:00"
"2019-08-06 08:39:25",广东省汕尾市质量计量监督检测所,广东省市场监督管理局,"2019-08-05 00:00:00",广东省汕尾市城区香湖路厦楼美地段,"2019(粤)质监认字303号","2022-08-04 00:00:00"
"2018-08-17 16:43:27",广东省珠海市质量计量监督检测所,广东省质量技术监督局,"2018-08-17 00:00:00",珠海市香洲南屏科技工业园屏东六路泰北街1号,"2018(粤)质监认字174号","2021-08-16 00:00:00"
"2018-04-13 17:26:21",广东省东莞市质量监督检测中心,广东省质量技术监督局,"2017-06-16 00:00:00",东莞市松山湖科技产业园区工业南路2号,"2018(粤)质监认字171号","2020-06-15 00:00:00"
"2018-06-04 12:36:39",广东省中山市质量计量监督检测所,广东省质量技术监督局,"2018-06-04 00:00:00",中山市东区博爱六路48号,"2018(粤)质监认字134号","2021-06-03 00:00:00"
"2018-06-07 11:29:36",广东省惠州市质量计量监督检测所,广东省质量技术监督局,"2018-06-07 00:00:00",惠州市江北文华二路质量检测大楼,"2018(粤)质监认字210号","2021-06-06 00:00:00"
"2018-01-12 16:51:28",广州质量监督检测研究院,广东省质量技术监督局,"2018-03-06 00:00:00",广州市番禺区石楼潮田工业区珠江路1-2号,"2018(粤)质监认字060号","2020-02-16 00:00:00"
"2018-02-08 14:13:58",广东省潮州市质量计量监督检测所,广东省质量技术监督局,"2018-06-12 00:00:00",潮州市潮州大道凤新东路质监大院内,"2018(粤)质监认字122号","2020-09-25 00:00:00"
"2018-06-06 13:20:38",佛山市质量计量监督检测中心,广东省质量技术监督局,"2018-06-06 00:00:00",佛山市禅城区影荫二街2号,"2018(粤)质监认字156号","2021-06-05 00:00:00"
"2018-04-19 16:49:16",广东省江门市质量计量监督检测所,广东省质量技术监督局,"2018-06-15 00:00:00",江门市蓬江区建设三路48号,"2018(粤)质监认字082号","2021-04-18 00:00:00"
"2018-04-13 17:46:11",广东省东莞市质量监督检测中心,广东省质量技术监督局,"2018-03-16 00:00:00",东莞市松山湖科技产业园区工业南路2号,"2017(粤)质监认字008号","2020-06-14 00:00:00"
"2018-01-26 15:18:41","深圳市计量质量检测研究院(国家高新技术计量站、国家数字电子产品质量监督检验中心)",广东省质量技术监督局,"2018-01-26 00:00:00",深圳市南山区西丽街道同发路4号,"2017(粤)质监认字017号","2021-01-25 00:00:00"
"2018-06-06 13:20:38",佛山市质量计量监督检测中心,广东省质量技术监督局,"2018-06-06 00:00:00",佛山市禅城区影荫二街2号,"2018(粤)质监认字156号","2021-06-05 00:00:00"
"2018-04-17 08:09:09",广东省珠海市质量计量监督检测所,广东省质量技术监督局,"2015-08-24 00:00:00",珠海市香洲南屏科技工业园屏东六路泰北街1号,"2018(粤)质监认字175号","2018-08-23 00:00:00"
"2017-11-22 08:59:30","深圳市计量质量检测研究院(国家高新技术计量站、国家数字电子产品质量监督检验中心)",广东省质量技术监督局,"2016-10-17 00:00:00",深圳市南山区西丽街道同发路4号,"2017(粤)质监认字020号","2019-10-16 00:00:00"
