F3070225300027_000003002,F3070225300027_000003001,F3070225300027_000003004,F3070225300027_000003003
女,陈玉玲,119211219980691,广东省新兴县公证处
男,朱超文,119211119960694,广东省郁南县公证处
男,彭灿辉,119211120171097,广东省郁南县公证处
男,陈杰,119211119980688,广东省罗定市公证处
男,叶伟雄,119211120000696,广东省郁南县公证处
女,黄盛荣,119212220140884,广东省云浮市东安公证处
男,黄锦良,119212120171114,广东省云浮市安城公证处
男,黄郁新,119211120000697,广东省郁南县公证处
男,谈奕标,119211120000695,广东省郁南县公证处
男,莫伙养,119211119980693,广东省云浮市安城公证处
男,黄锦波,119212120171113,广东省罗定市公证处
女,黎红影,119211219970685,广东省云浮市石都公证处
男,何卫善,119211119940687,广东省云浮市东安公证处
女,李志丽,119211220160991,广东省新兴县公证处
女,林嘉钰,119171220161064,广东省新兴县公证处
男,古海峰,119212120110723,广东省云浮市安城公证处
女,张伟,119211220070683,广东省云浮市石都公证处
女,陆小玲,119211219860682,广东省云浮市石都公证处
