F3070225300062_000027002,F3070225300062_000027003,F3070225300062_000027004,F3070225300062_000027005,F3070225300062_000027006,F3070225300062_000027007,F3070225300062_000027008,F3070225300062_000027001
批发,袁华平,新兴县新城镇环城南路95号,粤云食药监械经营许20150001,"III类：6804眼科手术器械；6815注射穿刺器械；6821医用电子仪器设备；6822医用光学器具、仪器及内窥镜设备﹙隐形眼镜及护理用液除外﹚；6823医用超声仪器及有关设备；6824医用激光仪器设备；6825医用高频仪器设备；6826物理治疗及康复设备；6828医用磁共振设备；6830医用X射线设备；6833医用核素设备；6845体外循环及血液处理设备；6846植入材料和人工器官；6854手术室急救室诊疗室设备及器具；6858医用冷疗、低温、冷藏设备及器具；6863口腔科材料；6864医用卫生材料及辅料；6865医用缝合材料及粘合剂；6866医用高分子材料及制品； ？6870软件，6877介入器材***","2018-03-23 00:00:00","2021-02-01 00:00:00",新兴县医药有限公司
批发,邹翠红,云浮市云城区云景西路42号二楼,粤云食药监械经营许20180002号,"III类：6804眼科手术器械；6815注射穿刺器械；6821医用电子仪器设备；6822医用光学器具、仪器及内窥镜设备﹙隐形眼镜及护理用液除外﹚；6823医用超声仪器及有关设备；6824医用激光仪器设备；6825医用高频仪器设备；6826物理治疗及康复设备；6828医用磁共振设备；6830医用X射线设备；6832医用高能射线设备；6833医用核素设备；6845体外循环及血液处理设备；6846植入材料和人工器官；6854手术室急救室诊疗室设备及器具；6858医用冷疗、低温、冷藏设备及器具；6863口腔科材料；6864医用卫生材料及敷料；6865医用缝合材料及粘合剂；6866医用高分子材料及制品；6870 ？软 件；6877介入器材**","2018-01-29 00:00:00","2019-09-15 00:00:00",云浮市东鸿科技医疗器械有限公司
批发,郑卓权,郁南县都城镇一环西路129号夹层二楼商铺,粤云食药监械经营许20180001号,"III类：6815注射穿刺器械；6821医用电子仪器设备；6865医用缝合材料及粘合剂；6866医用高分子材料及制品***","2018-01-17 00:00:00","2023-01-16 00:00:00",郁南县卓权医疗器械有限公司
批发,陈英权,云浮市市区丰收村委苏屋村60号,粤云食药监械经营许20180005号,"III类：6815注射穿刺器械；6821医用电子仪器设备；6822医用光学器具、仪器及内窥镜设备﹙隐形眼镜及护理用液除外﹚；6823医用超声仪器及有关设备；6824医用激光仪器设备；6825医用高频仪器设备；6826物理治疗及康复设备；6840临床检验分析仪器；6846植入材料和人工器官；6866医用高分子材料及制品； ？6877介入器材***","2018-06-12 00:00:00","2023-06-11 00:00:00",云浮市德康医疗设备有限公司
批发,石挺勤,罗定市素龙街道平南村委会平南村503号,粤云食药监械经营许20180006号,"III类：6804眼科手术器械；6815注射穿刺器械；6821医用电子仪器设备；6822医用光学器具、仪器及内窥镜设备﹙隐形眼镜及护理用液除外﹚；6823医用超声仪器及有关设备；6824医用激光仪器设备；6825医用高频仪器设备；6826物理治疗及康复设备；6828医用磁共振设备；6830医用X射线设备；6832医用高能射线设备；6833医用核素设备；6840临床检验分析仪器；6845体外循环及血液处理设备；6846植入材料和人工器官；6854手术室急救室诊疗室设备及器具；6858医用冷疗、低温、冷藏设备及器具；6863口腔科材料；6864医用卫生材料及辅料；6865医用缝合材料及粘合剂；6866医用高分子材料及制品； ？6870软件，6877介入器材***","2018-06-12 00:00:00","2023-06-11 00:00:00",罗定市铭心生物科技有限公司
批发,陆霖伟,新兴县新城镇凤凰村委第一村民小组（苏荣安房屋）,粤云食药监械经营许20180003号,"III类：6804眼科手术器械；6815注射穿刺器械；6821医用电子仪器设备；6822医用光学器具、仪器及内窥镜设备﹙隐形眼镜及护理用液除外﹚；6823医用超声仪器及有关设备；6824医用激光仪器设备；6825医用高频仪器设备；6826物理治疗及康复设备；6828医用磁共振设备；6830医用X射线设备；6833医用核素设备；6845体外循环及血液处理设备；6846植入材料和人工器官；6854手术室急救室诊疗室设备及器具；6858医用冷疗、低温、冷藏设备及器具；6863口腔科材料；6864医用卫生材料及辅料；6865医用缝合材料及粘合剂；6866医用高分子材料及制品； ？6870软件，6877介入器材***","2018-03-27 00:00:00","2023-03-26 00:00:00",云浮市凯宏医疗器械有限公司
