F3070225300062_000026001,F3070225300062_000026002,F3070225300062_000026003,F3070225300062_000026004,F3070225300062_000026005,F3070225300062_000026006,F3070225300062_000026007
"2017-09-23 00:00:00",粤云食药监械经营备20170012,云浮市佳能贸易有限公司,二类医疗器械经营（批发）备案经营范围,陈朝平,云浮市云城区维福一路维福横一巷1号第七层,II类医疗器械品种（不含体外诊断试剂）
"2017-03-30 00:00:00",粤云食药监械经营备20170003,郁南县卓权医疗器械有限公司,二类医疗器械经营（批发）备案,郑海悦,郁南县都城镇一环西路129号夹层二楼商铺,II类医疗器械品种（体外诊断试剂除外）
"2017-04-26 00:00:00",粤云食药监械经营备20170005,罗定市岭南生物科技有限公司,二类医疗器械经营（批发）备案,陈志坚,罗定市罗城街道沿江三路68号房屋二楼,II类医疗器械品种（体外诊断试剂除外）
"2017-12-28 00:00:00",粤云食药监械经营备20160002,云浮市松仙医药连锁有限公司,"二类医疗器械经营（批发）备案变更企业负责人为刘子琪",刘志伟,云浮市云城区建设北路9号二楼,II类医疗器械品种
"2017-12-28 00:00:00",粤云食药监械经营备20160002,云浮市松仙医药连锁有限公司,二类医疗器械经营（批发）备案变更企业负责人,刘志伟,云浮市云城区建设北路9号二楼,II类医疗器械品种
"2018-03-15 00:00:00",粤云食药监械经营备20150009,云浮市东鸿科技医疗器械有限公司,变更经营地址和库房地址，核减体外诊断试剂经营范围,胡冬华,云浮市云城区云景西路42号二楼,II类医疗器械品种（不含体外诊断试剂）
"2018-03-12 00:00:00",粤云食药监械经营备20180001,云浮市凯宏医疗器械有限公司,二类医疗器械经营（批发）备案,陆霖伟,新兴县新城镇凤凰村委第一村民小组（苏荣安房屋）,II类医疗器械品种（不含体外诊断试剂）
"2018-03-12 00:00:00",粤云食药监械经营备20140003,新兴县医药有限公司,变更法定代表人为袁华平,袁华平,新兴县新城镇环城南路95号,II类医疗器械品种（包括体外诊断试剂）
"2018-05-30 00:00:00",粤云食药监械经营备20180003,云浮市德康医疗设备有限公司,二类医疗器械经营（批发）备案,陈英权,云浮市市区丰收村委苏屋村60号,II类医疗器械品种（不含体外诊断试剂）
"2017-08-08 00:00:00",粤云食药监械经营备20170009,广东玖为生物技术有限公司,二类医疗器械经营（批发）备案,仇怀华,云浮市云城区罗沙开发区金瑞大厦七楼703号,II类医疗器械品种（不含体外诊断试剂）
"2017-08-08 00:00:00",粤云食药监械经营备20170009,广东玖为生物技术有限公司,二类医疗器械经营（批发）备案,仇怀华,云浮市云城区罗沙开发区金瑞大厦七楼703号,II类医疗器械品种（不含体外诊断试剂）
"2017-11-14 00:00:00",粤云食药监械经营备20140002,罗定市光大药业有限公司,二类医疗器械经营（批发）变更经营场所,梁金平,罗定市罗城街道泷江路177号,II类医疗器械品种（含体外诊断试剂）
"2017-12-29 00:00:00",粤云食药监械经营备20170013,罗定市铭心生物科技有限公司,二类医疗器械经营（批发）备案,石挺勤,罗定市素龙街道平南村委会平南村503号,II类医疗器械品种（含体外诊断试剂）
"2017-04-26 00:00:00",粤云食药监械经营备20170005,罗定市岭南生物科技有限公司,二类医疗器械经营（批发）备案,陈志坚,罗定市罗城街道沿江三路68号房屋二楼,II类医疗器械品种（体外诊断试剂除外）
"2017-09-26 00:00:00",粤云食药监械经营备20170011,云浮市华康医疗器械有限公司,二类医疗器械经营（批发）备案,陈国锦,云浮市云城区丰收垌维福小区横一巷58号,II类医疗器械品种（包括体外诊断试剂）
"2018-05-09 00:00:00",粤云食药监械经营备20180002,云浮鼎合医疗器械有限公司,二类医疗器械经营（批发）备案,陈敏芝,"云浮市云城区云城街道星岩路41号交通大楼C梯第六层601号",II类医疗器械品种（不含体外诊断试剂）
