F3070225300023_000006001,F3070225300023_000006004,F3070225300023_000006005,F3070225300023_000006002,F3070225300023_000006003,F3070225300023_000006008,F3070225300023_000006006,F3070225300023_000006007
17042600027,罗定市宏泰建材有限公司,滚压式加工符合掺合料研究与应用,201701-6,工业,"2017-01-01 00:00:00",黎书洋,云科〔2017〕37号
17042700008,云浮市合生石材有限公司,"微薄(1mm至5mm）天然石技术研发及推广应用",201701-1,工业,"2017-01-01 00:00:00",谭恩伟,云科〔2017〕37号
17042100054,云浮市云城区高峰洞殿小学,防震减灾科普宣传创新与示范项目,201707-1,科普,"2017-01-01 00:00:00",李建云,云科〔2017〕37号
17042500015,广东金樱子酿酒有限公司,金樱子果酒、白兰地关键技术研究及示范,201702-5,农业,"2017-01-01 00:00:00",魏国枝,云科〔2017〕37号
17041900030,云浮市新金山生物科技股份有限公司,治疗肥胖症中药5类新药GOS临床前研究,201702-9,农业,"2017-01-01 00:00:00",苏政权,云科〔2017〕37号
17042000002,罗定市恒兆蒸笼有限公司,“罗竹”星创天地空间平台,201702-7,农业,"2017-01-01 00:00:00",刘海庆,云科〔2017〕37号
17042100043,恒星高新科技（新兴）有限公司,"便携式防水蓝牙电子秤的研究与开发——基于蓝牙无线通信技术",201701-5,工业,"2017-01-01 00:00:00",苏振邦,云科〔2017〕37号
17042600024,广东德磁科技有限公司,"高Bs低损耗铁硅铝磁粉芯及电感器件制备新工艺的研究及产业化",201701-7,工业,"2017-01-01 00:00:00",汪民,云科〔2017〕37号
17042100017,云浮市林兴林化有限公司,高档香料异长叶烷酮的产业化应用,201701-3,工业,"2017-01-01 00:00:00",项纪和,云科〔2017〕37号
17042100068,广东新合铝业新兴有限公司,电池用高耐压耐蚀可焊性的铝合金研发,201701-8,工业,"2017-01-01 00:00:00",乡文华,云科〔2017〕37号
17042600021,罗定市嘉裕电子有限公司,"高频变压器工艺优化及全自动测试生产线核心技术研究与应用",201701-4,工业,"2017-01-01 00:00:00",吕莹,云科〔2017〕37号
17042000001,云浮市石材研究院,云浮市石材产业交易科技服务平台建设,201704-2,科技服务,"2017-01-01 00:00:00",叶跃飞,云科〔2017〕37号
17042100099,罗定职业技术学院,水田激光平地技术示范推广及远程管理系统研究,201702-2,农业,"2017-01-01 00:00:00",曾凌峰,云科〔2017〕37号
17042800001,罗定市罗城街北区社区居民委员会,科普创新进社区,201707-2,科普,"2017-01-01 00:00:00",谭建明,云科〔2017〕37号
17041800051,广东雷允上药业有限公司,补肺活血胶囊治疗COPD的临床前药效评价,201702-8,农业,"2017-01-01 00:00:00",谢扬辉,云科〔2017〕37号
17042000071,新兴县翔顺餐厨具有限公司,多层复合料电蚀花纹工艺产品开发项目,201701-2,工业,"2017-01-01 00:00:00",邝玉,云科〔2017〕37号
17042100059,罗定市百草源种养专业合作社,畜禽种养区域生态循环农业关键技术研究与推广应用,201702-3,农业,"2017-01-01 00:00:00",肖文豪,云科〔2017〕37号
17042500017,云浮市伟业园林绿化有限公司,乡土树种无患子的开发利用与示范推广项目,201702-6,农业,"2017-01-01 00:00:00",梁新喜,云科〔2017〕37号
17042100107,云浮市人民医院,云浮市急重症脑血管病救治网络平台建设,201704-1,科技服务,"2017-01-01 00:00:00",苏全喜,云科〔2017〕37号
17041900045,罗定市奔康茧丝绸有限公司,高产、抗性强桑蚕品种“粤蚕8号”的改良与示范推广,201702-4,农业,"2017-01-01 00:00:00",吴仁生,云科〔2017〕37号
17041900007,新兴县微丰农业科技有限公司,紫稻的稳产优质栽培技术示范与推广,201702-1,农业,"2017-01-01 00:00:00",郑经绍,云科〔2017〕37号
