F3070225300029_000028003,F3070225300029_000028002,F3070225300029_000028001,F3070225300029_000028007,F3070225300029_000028006,F3070225300029_000028005,F3070225300029_000028004,F3070225300029_000028008
新兴县新城镇环城北路28号之一锦水大楼,人社民4453214050005号,新兴县智达职业培训学校,新兴县人力资源和社会保障局,在营,0766-2989966,梁辉赞,云浮市新兴县
郁南县都城镇五龙村委会牛圩河A幢,人社民4453220000002号,郁南县长盛职业培训学校,郁南县人力资源和社会保障局,在营,0766-7333313,梁辉赞,云浮市郁南县
郁南县都城镇二环路华辉玩具有限公司宿舍楼首层,人社民4453220000003号,郁南县中兴职业培训学校,郁南县人力资源和社会保障局,在营,0766-7381663,甘建伟,云浮市郁南县
云浮市云城区闻莺二路屏峰三巷13号,云人社民4453005160016号,云浮市新起点职业培训学校,云浮市人力资源和社会保障局,在营,0766-8818983,邱旭,云浮市本级
郁南县都城镇总工会五楼,人社民4453220000001号,郁南县博雅职业培训学校,郁南县人力资源和社会保障局,在营,0766-7383211,曾勇范,云浮市郁南县
云浮市云城区世纪大道中中共云浮市市委党校内,云区人社民4453025160001号,云浮市云城区良盛职业培训学校,云城区人力资源和社会保障局,在营,0766-8486088,刘传良,云浮市云城区
"云浮市星岩一路34号云浮市职工服务类社会组织联合会三楼",云人社民4453004050015号,云浮市百海职业培训学校,云浮市人力资源和社会保障局,在营,0766-8930799,曾兆勇,云浮市本级
云浮市云城区育华路139号二、三楼,云人社民4453005170018号,云浮市宏建职业培训学校,云浮市人力资源和社会保障局,在营,0766-8826465,林文隆,云浮市本级
云浮市云城区云城街道大坎村委元眼根村,云区人社民4453025150001号,云浮市云城区永航职业技术培训学校,云城区人力资源和社会保障局,在营,0766-8810856,陈海涛,云浮市云城区
新兴县新城镇沙亭瓦背洞沙亭居委会房屋一、二层,人社民4453213050002号,新兴县恒通科技职业培训学校,新兴县人力资源和社会保障局,在营,0766-2871183,李杰枢,云浮市新兴县
云浮市云城区华丰路89号民生大厦四楼之二、六楼,云人社民4453005170019号,云浮市国邦职业培训学校,云浮市人力资源和社会保障局,在营,0766-8866079,黄振轩,云浮市本级
云浮市云城区城西颖翠花园第二栋2至3号商铺,云人社民4453005160017号,云浮市兴业职业培训学校,云浮市人力资源和社会保障局,在营,0766-8820926,冯思云,云浮市本级
新兴县六祖大道东江开发区,人社民4453214050001号,新兴县南大职业培训学校,新兴县人力资源和社会保障局,在营,0766-2920826,陆树雄,云浮市新兴县
新兴县新城镇沿江中路38号二楼,人社民4453211405003号,新兴县永盛计算机职业培训学校,新兴县人力资源和社会保障局,在营,0766-2896168,叶彩云,云浮市新兴县
云浮市云城区金华路1号第二层201号房,云人社民4453004050005号,云浮市精英职业培训学校,云浮市人力资源和社会保障局,在营,0766-8922336,徐树德,云浮市本级
云浮市云城区闻莺路41号,云人社民4453004050003号,云浮市辉扬职业培训学校,云浮市人力资源和社会保障局,在营,0766-8819007,陈皆辉,云浮市本级
新兴县新城镇南外新街136号,人社民4453214050004号,新兴县长兴职业培训学校,新兴县人力资源和社会保障局,在营,0766-2882108,陈沃良,云浮市新兴县
云浮市云城区兴云西路68号一、二楼,云人社民4453004050002号,云浮市永盛职业培训学校,云浮市人力资源和社会保障局,在营,0766-8839299,叶永盛,云浮市本级
云浮市云城区星岩一路34号,云人社民4453004050014号,云浮市大众职业培训学校,云浮市人力资源和社会保障局,在营,0766-8107818,阙彩兰,云浮市本级
广东省云浮市云安区六都镇港城大道8号,云安区人社民4453235150004号,云浮市云安区兴安职业培训学校,云安区人力资源和社会保障局,在营,0766-6828690,冯洁群,云浮市云安区
云浮市云城区竹园路8号,云人社民4453004050009号,云浮市中大电子商务职业培训学校,云浮市人力资源和社会保障局,在营,0766-8815555,冯柏令,云浮市本级
