F3070225300095_000003005,F3070225300095_000003004,F3070225300095_000003007,F3070225300095_000003006,F3070225300095_000003001,F3070225300095_000003003,F3070225300095_000003002,F3070225300095_000003010,F3070225300095_000003009,F3070225300095_000003008
120厘米,18米,六都镇城区县人民医院,16米,榕树,110年,"Ficus microcarpa",23°04′43″,112°00′13″,人民医院
85厘米,12米,高峰街东方村委红卫村,10米,荔枝,200年,"Litchi chinensis Sonn.",22°56′47.26″,112°01′37.72″,红卫村
70厘米,19米,六都镇连塘村委连塘村鱼塘边小山,15米,黄榄,110年,"Canarium album (Lour.) Raeusch.",23°04′11.09″,111°59′56.62″,连塘村委
95厘米,11.5米,高峰街竹围村,25米,细叶榕,200年,"Ficus microcarpa",22°57′07.08″,112°01′59.01″,竹围村
60厘米,17米,六都镇连塘村委连塘村鱼塘边小山,15米,乌榄,110年,"Canarium pimela Leenh.",23°04′10.85″,111°59′57.43″,连塘村委
160厘米,17米,六都镇六都村搬运站码头,19米,榕树,110年,"Ficus microcarpa",23°04′54.07″,112°00′10.94″,搬运站码头
75厘米,11米,云城街城北村委西塘村,15米,细叶榕,120年,"Ficus microcarpa",22°56′15.67″,112°01′42.58″,西塘村
89厘米,19米,六都镇六都村六都武馆背,19米,乌榄,110年,"Canarium pimela Leenh.",23°04′48″,112°00′22″,六都村委
60厘米,15米,云浮市中学旧校区,18米,樟树,120年,"Cinnamomum camphora (L.) Presl.",22°56′16.90″,112°02′54.60″,云浮中学
80厘米,19米,六都镇连塘村委连塘村鱼塘边小山,16米,乌榄,110年,"Canarium pimela Leenh.",23°04′10.86″,111°59′57.08″,连塘村委
85厘米,18米,云城街罗沙村委会上棋村,23米,细叶榕,160年,"Ficus microcarpa",22°56′07″,112°04′49″,上棋村
90厘米,10米,云城街大坎村委大郎村,11米,龙眼,150年,"Dimocarpus longan Lour.",22°55′05.06″,112°01′29.26″,大郎村
90厘米,12米,云城街丰收村委李屋,10米,龙眼,120年,"Dimocarpus longan Lour.",22°56′04.01″,112°03′07.15″,丰收村委
120厘米,12米,云浮市星岩路（榕树头）,9米,细叶榕,150年,"Ficus microcarpa",22°09′37″,112°04′15″,云城区城镇综合管理和执法局
130厘米,17米,云城街钟屋,20米,芒果树,130年,"Mangifera indica",22°56′06″,112°02′18″,云城区城镇综合管理和执法局
50厘米,12米,云城街大坎村委大郎村,6米,龙眼,110年,"Dimocarpus longan Lour.",22°55′04.63″,112°01′28.93″,大郎村
