F3070225300029_000029005,F3070225300029_000029006,F3070225300029_000029007,F3070225300029_000029001,F3070225300029_000029002,F3070225300029_000029003,F3070225300029_000029004
0766-8823625,运营,云城区,云城区创业孵化基地,云城区人力资源和社会保障局,云浮市云城区丰乐围7号路25号201室,梁栋尧
13589652111,运营,新兴县,新兴县新成工业园创业孵化基地,新兴县人力资源和社会保障局,云浮市新兴县新成工业园,梁博文
0766-2929083,运营,云浮市,广东温氏集团创业带动就业孵化基地,云浮市人力资源和社会保障局,云浮市新兴县温氏科技园,周佳楠
0766-2967122,运营,云浮市,新兴县创业孵化基地,云浮市人力资源和社会保障局,云浮市新兴县新城镇东堤南路创新中心大楼,曾万祥
0766－3953628,运营,罗定市,罗定市创业带动就业孵化基地,罗定市人力资源和社会保障局,云浮市罗定市附城街道塔脚,简鸿荣
