F3070225300048_000001001,F3070225300048_000001004,F3070225300048_000001005,F3070225300048_000001002,F3070225300048_000001003,F3070225300048_000001008,F3070225300048_000001006,F3070225300048_000001007
云文复〔2018〕1号,阳江市江城区云镭文化传播有限公司,罗清基,"举办涉港澳和在歌舞娱乐场所进行的涉外营业性演出审批",关于同意香港艺员许秋怡赴云浮罗定演出的批复,云浮市文化广电新闻出版局,"2018-01-15 00:00:00","2018-02-14 00:00:00"
云文复〔2018〕2号,云浮市飞云影视演出有限公司,曾庆南,"举办涉港澳和在歌舞娱乐场所进行的涉外营业性演出审批",关于同意香港艺员潘欣妮等六名艺员赴云浮演出的批复,云浮市文化广电新闻出版局,"2018-05-11 00:00:00","2018-05-21 00:00:00"
云文复〔2018〕7号,云浮市飞云影视演出有限公司,曾庆南,"举办涉港澳和在歌舞娱乐场所进行的涉外营业性演出审批",关于同意香港艺员玛莉亚赴云浮郁南演出的批复,云浮市文化广电新闻出版局,"2018-07-24 00:00:00","2018-07-28 00:00:00"
云文复〔2018〕3号,广州市锐丰文化传播有限公司,黄沛凌,"举办涉港澳和在歌舞娱乐场所进行的涉外营业性演出审批",关于同意香港艺员容祖儿、程雅燕赴云浮演出的批复,云浮市文化广电新闻出版局,"2018-05-31 00:00:00","2018-06-10 00:00:00"
云文复〔2018〕4号,阳江市江城区云镭文化传播有限公司,罗清基,"举办涉港澳和在歌舞娱乐场所进行的涉外营业性演出审批",关于同意香港艺员汤宝如赴云浮罗定演出的批复,云浮市文化广电新闻出版局,"2018-06-01 00:00:00","2018-06-10 00:00:00"
云文复〔2018〕6号,云浮市飞云影视演出有限公司,曾庆南,"举办涉港澳和在歌舞娱乐场所进行的涉外营业性演出审批",关于同意香港艺员郭少芸赴云浮演出的批复,云浮市文化广电新闻出版局,"2018-07-05 00:00:00","2018-07-11 00:00:00"
云文复〔2018〕5号,云浮市飞云影视演出有限公司,曾庆南,"举办涉港澳和在歌舞娱乐场所进行的涉外营业性演出审批",关于同意香港艺员李惠敏赴云浮演出的批复,云浮市文化广电新闻出版局,"2018-06-17 00:00:00","2018-07-01 00:00:00"
