F3070225300022_000022001,F3070225300022_000022002,F3070225300022_000022003,F3070225300022_000022004
陈文诗,汉族,高级中学教师资格,美术
梁丽萍,汉族,中等职业学校教师资格,药剂
陈紫连,汉族,高级中学教师资格,美术
陈秋怡,汉族,高级中学教师资格,体育与健康
黄有权,汉族,高级中学教师资格,体育与健康
黎雪焕,汉族,中等职业学校教师资格,会计
梁海清,汉族,中等职业学校教师资格,药剂
罗秀丽,汉族,高级中学教师资格,化学
蔡林生,汉族,中等职业学校教师资格,教育学
陈家宜,汉族,高级中学教师资格,语文
廖巧怡,汉族,高级中学教师资格,地理
谭君婕,汉族,高级中学教师资格,英语
梁德怡,汉族,高级中学教师资格,英语
苏小红,汉族,高级中学教师资格,思想政治
梁树清,汉族,高级中学教师资格,英语
程淑琴,汉族,中等职业学校教师资格,心理教育
曾淑娴,汉族,高级中学教师资格,地理
陈杏妮,汉族,高级中学教师资格,英语
周伙良,汉族,中等职业学校教师资格,汽车运用与维修
莫小坤,汉族,高级中学教师资格,语文
黄志乐,汉族,高级中学教师资格,英语
陈少洁,汉族,高级中学教师资格,英语
梁晓燕,汉族,中等职业学校教师资格,电子商务
何栢龙,汉族,高级中学教师资格,美术
张国志,汉族,高级中学教师资格,物理
董灿玲,汉族,高级中学教师资格,英语
王秋艳,汉族,高级中学教师资格,历史
许静,汉族,高级中学教师资格,语文
杜秋华,汉族,高级中学教师资格,体育与健康
何敏艳,汉族,中等职业学校教师资格,人力资源管理事务
赖翠明,汉族,高级中学教师资格,美术
练锦平,汉族,高级中学教师资格,化学
游灶群,汉族,高级中学教师资格,思想政治
陈桂浩,汉族,高级中学教师资格,体育与健康
祝琼香,汉族,高级中学教师资格,语文
苏思婷,汉族,中等职业学校教师资格,医学检验技术
王憬怡,汉族,高级中学教师资格,语文
莫尔海,汉族,中等职业学校教师资格,美术绘画
谭玉桥,汉族,高级中学教师资格,体育与健康
陈子安,汉族,高级中学教师资格,生物
林小霞,汉族,高级中学教师资格,美术
周进顺,汉族,高级中学教师资格,美术
张爱宁,汉族,高级中学教师资格,语文
黄欣,汉族,高级中学教师资格,信息技术
黎嘉嘉,汉族,高级中学教师资格,英语
范炳坚,汉族,高级中学教师资格,体育与健康
谢伟航,汉族,中等职业学校教师资格,电子技术应用
张柳婵,汉族,高级中学教师资格,美术
梁燕婷,汉族,高级中学教师资格,化学
何绮婷,汉族,高级中学教师资格,英语
黎润彩,汉族,高级中学教师资格,生物
莫婉桦,汉族,高级中学教师资格,英语
李佩华,汉族,中等职业学校教师资格,中医
梁家权,汉族,高级中学教师资格,体育与健康
黄顺霞,汉族,高级中学教师资格,英语
梁乐声,汉族,中等职业学校教师资格,汽车制造与检修
陈锦琼,汉族,高级中学教师资格,心理健康教育
赖晓荣,汉族,高级中学教师资格,语文
赖美倩,汉族,高级中学教师资格,英语
卢宇,汉族,高级中学教师资格,语文
陈星华,汉族,高级中学教师资格,美术
傅永丽,汉族,高级中学教师资格,化学
李岑沛,汉族,高级中学教师资格,英语
欧紫君,汉族,高级中学教师资格,英语
何家满,汉族,高级中学教师资格,信息技术
陈燕瑜,汉族,中等职业学校教师资格,汽车运用与维修
吕秀贤,汉族,高级中学教师资格,生物
叶泂铭,汉族,高级中学教师资格,音乐
吴家燕,汉族,高级中学教师资格,英语
廖洋,汉族,高级中学教师资格,信息技术
秦重慧,汉族,高级中学教师资格,英语
傅振修,汉族,高级中学教师资格,英语
梁潇,汉族,高级中学教师资格,英语
张桂芳,汉族,高级中学教师资格,语文
梁菁菁,汉族,高级中学教师资格,美术
伍培玲,汉族,高级中学教师资格,数学
徐光婉,汉族,中等职业学校教师资格,医学检验技术
莫晓聪,汉族,高级中学教师资格,生物
叶影楠,汉族,高级中学教师资格,音乐
黎碧杏,汉族,中等职业学校教师资格,学前教育
林明静,汉族,高级中学教师资格,英语
孙智敏,汉族,高级中学教师资格,美术
李美嫦,汉族,高级中学教师资格,语文
陈月连,汉族,高级中学教师资格,生物
陈燕清,汉族,中等职业学校教师资格,西餐烹饪
冯玉婷,汉族,中等职业学校教师资格,电子商务
谭玉贤,汉族,高级中学教师资格,语文
郑飞龙,汉族,高级中学教师资格,英语
