F3070225300048_000027014,F3070225300048_000027003,F3070225300048_000027013,F3070225300048_000027002,F3070225300048_000027005,F3070225300048_000027015,F3070225300048_000027004,F3070225300048_000027007,F3070225300048_000027006,F3070225300048_000027009,F3070225300048_000027008,F3070225300048_000027010,F3070225300048_000027012,F3070225300048_000027001,F3070225300048_000027011
对开,云浮广业硫铁矿有限公司　,12,云硫,"2018-06-13 00:00:00",4,云浮广业硫铁矿有限公司,行政许可,连续性内部资料准印证核发,张栋富,／,"2019-06-12 00:00:00",在用,"(粤W)L01600016",云浮市文化广电新闻出版局
对开,广东温氏食品集团股份有限公司,4,温氏,"2018-06-08 00:00:00",36,/,行政许可,连续性内部资料准印证核发,温鹏程,91445300707813507B,"2019-06-08 00:00:00",在用,"(粤W)L01600011",云浮市文化广电新闻出版局
16开,广东省新兴县国恩寺,4,六祖禅,"2018-06-28 00:00:00",65,新兴县人民政府民族宗教事务局,行政许可,连续性内部资料准印证核发,苏锦汉,／,"2019-06-27 00:00:00",在用,"(粤W)L01600020",云浮市文化广电新闻出版局
对开,广东省万事泰集团有限公司,12,万事泰,"2017-11-23 00:00:00",4,／,行政许可,连续性内部资料准印证核发,黄家伟,／,"2019-11-22 00:00:00",在用,"(粤W)L01600026",云浮市文化广电新闻出版局
16开,云浮广业硫铁矿集团有限公司离退办,4,夕阳红,"2018-06-08 00:00:00",32,云浮广业硫铁矿集团有限公司,行政许可,连续性内部资料准印证核发,刘景光,／,"2018-06-07 00:00:00",在用,"(粤W)L01600014",云浮市文化广电新闻出版局
16开,云浮市人民检察院,4,云浮检察,"2018-06-08 00:00:00",60,云浮市人民检察院,行政许可,连续性内部资料准印核发,吴紫燕,/,"2018-06-07 00:00:00",在用,"(粤W)L0160005",云浮市文化广电新闻出版局
大16开,云浮市人民代表大会常务委员会办公室,6,云浮人大,"2018-06-08 00:00:00",56,云浮市人民代表大会常务委员会,行政许可,连续性内部资料准印证核发,江卓坤,／,"2019-06-07 00:00:00",在用,"(粤W)L0160008",云浮市文化广电新闻出版局
对开,广东翔顺集团有限公司,12,翔顺,"2018-07-11 00:00:00",4,/,行政许可,连续性内部资料准印证核发,陈锦嫦,／,"2019-07-10 00:00:00",在用,"(粤W)L01600012",云浮市文化广电新闻出版局
16开,云浮市社会科学联合会,4,云浮论丛,"2018-06-20 00:00:00",68,中共云浮市委宣传部,行政许可,连续性内部资料准印核发,李镜明,/,"2018-06-19 00:00:00",在用,"(粤W)L0160006",云浮市文化广电新闻出版局
大16开,云浮市建设工程造价管理站,4,云浮市工程造价信息,"2018-06-28 00:00:00",243,云浮市住房和城乡建设局,行政许可,连续性内部资料准印证核发,张星源,／,"2019-07-27 00:00:00",在用,"(粤W)L01600021",云浮市文化广电新闻出版局
16开,中共云浮市委党校,4,云浮研究,"2018-06-08 00:00:00",70,中共云浮市委党校,"行政许可 ",连续性内部资料准印核发,黄伙辉,/,"2018-06-07 00:00:00",在用,"(粤W)L0160004",云浮市文化广电新闻出版局
对开,云浮市中等专业学校,4,云浮中专,"2018-06-09 00:00:00",4,/,行政许可,连续性内部资料准印证核发,易忠伟,／,"2019-06-08 00:00:00",在用,"(粤W)L0160009",云浮市文化广电新闻出版局
16开,云安县文学艺术界联合会,2,云安文艺,"2018-06-19 00:00:00",64,中共云安县委宣传部,行政许可,连续性内部资料准印证核发,成树雄,／,"2019-06-18 00:00:00",在用,"(粤W)L01600019",云浮市文化广电新闻出版局
16开,广东粤电云河发电有限公司,4,云电人,"2018-07-24 00:00:00",53,／,行政许可,连续性内部资料准印证核发,白巧贤,／,"2019-07-23 00:00:00",在用,"(粤W)L0170003",云浮市文化广电新闻出版局
对开,云浮市妇幼保健院计划生育服务中心,4,云浮妇幼保健,"2018-06-08 00:00:00",4,云浮市卫生和计划生育局,行政许可,连续性内部资料准印证核发,陈海鸥,／,"2019-06-07 00:00:00",在用,"(粤W)L01600015",云浮市文化广电新闻出版局
对开,云浮市粮食局,12,云浮粮食,"2018-04-02 00:00:00",4,/,行政许可,连续性内部资料准印核发,孙仲熊,/,"2019-04-01 00:00:00",在用,"(粤W)L0170001",云浮市文化广电新闻出版局
大16开,罗定市文学艺术界联合会,4,泷江文艺,"2018-07-06 00:00:00",48,中共罗定市委宣传部,行政许可,连续性内部资料准印证核发,马朝辉,／,"2019-07-05 00:00:00",在用,"(粤W)L0160007",云浮市文化广电新闻出版局
对开,中国邮政集团公司云浮市分公司,12,云浮邮政,"2018-06-08 00:00:00",4,/,行政许可,连续性内部资料准印核发," 杨国华",914453027081493XD,"2018-06-07 00:00:00",在用,"(粤W)L0160003",云浮市文化广电新闻出版局
大16开,罗定职业技术学院,4,罗定职业技术学院论丛,"2018-06-08 00:00:00",96,云浮市教育局,行政许可,连续性内部资料准印证核发,吴渝,／,"2019-06-07 00:00:00",在用,"(粤W)L01600013",云浮市文化广电新闻出版局
大16开,中共云浮市委党校,6,理论前沿,"2017-10-14 00:00:00",15,／,行政许可,连续性内部资料准印证核发,黄伙辉,／,"2018-10-13 00:00:00",在用,"(粤W)L01600025",云浮市文化广电新闻出版局
