F3070225300031_000021010,F3070225300031_000021011,F3070225300031_000021012,F3070225300031_000021001,F3070225300031_000021017,F3070225300031_000021006,F3070225300031_000021018,F3070225300031_000021007,F3070225300031_000021008,F3070225300031_000021009,F3070225300031_000021013,F3070225300031_000021002,F3070225300031_000021014,F3070225300031_000021003,F3070225300031_000021015,F3070225300031_000021004,F3070225300031_000021016,F3070225300031_000021005
云浮市环境保护局,91445302351264382U,-,云环罚〔2018〕52号,-,"该公司石材加工项目未依法报批该建设项目环境影响评价文件，擅自开工建设并建成投入生产",-,"《中华人民共和国环境影响评价法》第三十一条第一款的规定","2018-04-10 00:00:00",罚款5000元,-,"关于卢灿辉（云浮市本色石材有限公司）石材加工项目未依法报批该建设项目环境影响评价文件，擅自开工建设并建成投入生产的案件",-,罚款,-,-,卢灿辉,卢灿辉（云浮市本色石材有限公司）
云浮市环境保护局,91445302398194086F,-,云环罚〔2018〕49号,-,"该公司石材加工项目需配套建设的环境保护设施未依法验收，擅自投入生产",-,"《建设项目环境保护管理条例》（国务院令第682号）第二十三条第一款的规定","2018-03-22 00:00:00",罚款200000元,-,"关于张亚邦（云浮市广金石材有限公司）的石材加工项目需配套建设的环境保护设施未依法验收，擅自投入生产案件",-,罚款,-,-,张亚邦,张亚邦（云浮市广金石材有限公司）
云浮市环境保护局,-,-,云环罚〔2018〕68号,-,"该油墨厂油墨制造项目需配套建设的环境保护设施未建成且未依法验收，油墨制造项目投入生产",-,"《建设项目环境保护管理条例》（国务院令第682号）第二十三条第一款的规定","2018-06-01 00:00:00",罚款220000元,-,"关于谭锦棠（云城区前锋镇金莱昊油墨厂）油墨制造项目需配套建设的环境保护设施未建成且未依法验收，油墨制造项目投入生产的案件",-,罚款,441227197503053311,-,谭锦棠,谭锦棠（云城区前锋镇金莱昊油墨厂）
云浮市环境保护局,-,-,云环罚〔2018〕7号,-,"该石材厂石材加工项目需配套建设的环境保护设施未依法验收，擅自投入生产。",-,"《建设项目环境保护管理条例》（国务院令第682号）第二十三条第一款的规定","2018-03-21 00:00:00",罚款200000元,445302600182571,"关于云城区达强石材厂石材加工项目需配套建设的环境保护设施未依法验收，擅自投入生产案件",-,罚款,-,责令该石材厂限期3个月内改正环境违法行为。,黄达强,黄达强（云城区达强石材厂）
云浮市环境保护局,-,-,云环罚〔2018〕79号,-,"需配套建设的环境防治设施未依法验收，擅自投入生产的案件",-,"《建设项目环境保护管理条例》第二十八条、《云浮市环境保护局环境行政处罚自由裁量权裁量标准（试行）》对《建设项目环境保护管理条例》第二十八条的处罚裁量标准规定","2018-09-03 00:00:00",罚款20000元,　　　　445302000004109,"关于云浮市盛坚石材有限公司需配套建设的环境防治设施未依法验收，擅自投入生产的案件",-,罚款,-,-,李成坚,云浮市盛坚石材有限公司
云浮市环境保护局,-,-,云环罚〔2018〕39号,-,"该石材厂石材加工项目未依据报批该建设项目环境影响评价文件，擅自开工建设",-,"《中华人民共和国环境影响评价法》第三十一条第一款的规定","2018-03-21 00:00:00",罚款9200元,-,"关于李富健（云城区李富健石材厂）石材加工项目未依据报批该建设项目环境影响评价文件，擅自开工建设的案件",-,罚款,441226199210144052,-,李富健,李富健（云城区李富健石材厂）
云浮市环境保护局,-,-,云环罚〔2018〕41号,-,"该石材厂石材加工建设项目需配套建设的环境保护设施未依法验收，擅自投入生产",-,"《建设项目环境保护管理条例》（国务院令第253号）第二十八条、《云浮市环境保护局环境行政处罚自由裁量权裁量标准（试行）》对《建设项目环境保护管理条例》第二十八条的处罚裁量标准的规定","2018-03-21 00:00:00",罚款20000元,445302600222556,"关于吴石元（云城区恒泰石材厂）石材加工建设项目需配套建设的环境保护设施未依法验收，擅自投入生产的案件",-,罚款,-,责令该石材厂石材加工项目停止生产。,吴石元,吴石元（云城区恒泰石材厂）
云浮市环境保护局,-,-,云环罚〔2018〕38号,-,"该石材厂石材加工项目需配套建设的粉尘防治设施未依法验收，石材加工项目投入生产的",-,"《建设项目环境保护管理条例》（国务院令第682号）第二十三条第一款的规定","2018-03-21 00:00:00",罚款200000元,-,"关于李富健（云城区李富健石材厂）石材加工项目需配套建设的粉尘防治设施未依法验收，石材加工项目投入生产的案件",-,罚款,441226199210144052,-,李富健,李富健（云城区李富健石材厂）
云浮市环境保护局,91445302351936732N,-,云环罚〔2018〕36号,-,"该公司石材加工项目需配套建设的环境保护设施未依法验收，擅自投入生产",-,"《建设项目环境保护管理条例》（国务院令第682号）第二十三条第一款的规定","2018-03-21 00:00:00",罚款200000元,-,"关于宋炳贤（云浮市嘉盈石业有限公司）石材加工项目需配套建设的环境保护设施未依法验收，擅自投入生产的案件",-,罚款,-,-,宋炳贤,宋炳贤（云浮市嘉盈石业有限公司）
云浮市环境保护局,-,-,云环罚〔2018〕29号,-,"该配送中心排放化学需氧量、总磷和色度分别超标13.78倍、25.3倍和2.33倍",-,"《中华人民共和国水污染防治法》第七十四条第一款、《云浮市环境保护局环境行政处罚自由裁量权裁量标准（试行）》第二章？3.1裁量标准的规定","2018-02-11 00:00:00",罚款9384元,445302600075198,"关于赵建华（云城区鼎康瑞洁餐具消毒配送中心）排放化学需氧量、总磷和色度分别超标的案件",-,罚款,-,-,赵建华,赵建华（云城区鼎康瑞洁餐具消毒配送中心）
云浮市环境保护局,-,-,云环罚〔2018〕62号,-,"该配送中心超标排放水污染物，排放化学需氧量、总磷、阴离子表面活性剂分别超标9.09倍、3.10倍、1.38倍",-,"《中华人民共和国水污染防治法》第八十三条第（二）项的规定","2018-05-11 00:00:00",罚款100000元,445302600075198,"关于赵建华（云城区鼎康瑞洁餐具消毒配送中心）超标排放水污染物，排放化学需氧量、总磷、阴离子表面活性剂分别超标的案件",-,罚款,-,-,赵建华,赵建华（云城区鼎康瑞洁餐具消毒配送中心）
云浮市环境保护局,913307836952748917,-,云环罚〔2018〕58号,-,"该公司未依法向我局报批，擅自夜间进行产生环境噪声污染的建筑施工作业",-,"《中华人民共和国噪声污染防治法》第五十六条、《广东省实施〈中华人民共和国环境噪声污染防治法〉办法》第三十二条第（八）项、《云浮市环境保护局环境行政处罚自由裁量权裁量标准（试行）》第二章？11.4裁量标准第1项的规定","2018-06-13 00:00:00",罚款10000元,-,"关于韦余春（浙江中垚建设有限公司）未依法向我局报批，擅自夜间进行产生环境噪声污染的建筑施工作业的案件",-,罚款,-,-,韦余春,韦余春（浙江中垚建设有限公司）
云浮市环境保护局,92445302L39591525Y,-,云环罚〔2018〕33号,-,"该宾馆排放噪声超标14.2分贝，造成环境噪声污染的",-,"《中华人民共和国环境噪声污染防治法》第五十九条、《广东省实施<中华人民共和国环境噪声污染防治法>办法》第三十二条第（十一）项、《云浮市环境保护局行政处罚自由裁量标准（试行）》第二章？3.4裁量标准的规定","2018-02-26 00:00:00",罚款1000元,-,"关于麦锦英（云城区星光大道长讯宾馆）排放噪声超标的案件",-,罚款,-,-,麦锦英,麦锦英（云城区星光大道长讯宾馆）
云浮市环境保护局,91445302MA4UT40X0Y,-,云环罚〔2018〕47号,-,"该石材厂石材加工项目需配套建设的环境保护设施未依法验收，擅自投入生产",-,"《建设项目环境保护管理条例》（国务院令第682号）第二十三条第一款的规定","2018-03-22 00:00:00",罚款200000元,-,"关于吴银培（云浮市云城区安塘街夏洞展望石材厂）石材加工项目需配套建设的环境保护设施未依法验收，擅自投入生产的案件",-,罚款,-,-,吴银培,吴银培（云浮市云城区安塘街夏洞展望石材厂）
云浮市环境保护局,-,-,云环罚〔2018〕69号,-,"该油墨厂油墨制造项目未依法报批该建设项目环境影响评价文件，擅自开工建设",-,"《中华人民共和国环境影响评价法》第三十一条第一款的规定","2018-06-01 00:00:00",罚款1000元,-,"关于谭锦棠（云城区前锋镇金莱昊油墨厂）油墨制造项目未依法报批该建设项目环境影响评价文件，擅自开工建设的案件",-,罚款,441227197503053311,-,谭锦棠,谭锦棠（云城区前锋镇金莱昊油墨厂）
云浮市环境保护局,12445302456506181L,-,云环罚〔2018〕11号,-,该医院在禁止焚烧垃圾的区域内焚烧垃圾（废旧处方）,-,"《中华人民共和国大气污染防治法》第一百一十九条第二款的规定","2018-02-07 00:00:00",罚款10000元,-,"关于黄国飞（云浮市云城区人民医院）在禁止焚烧垃圾的区域内焚烧垃圾（废旧处方）的案件",-,罚款,-,-,黄国飞,黄国飞（云浮市云城区人民医院）
云浮市环境保护局,-,-,云环罚〔2018〕30号,-,"该公司石材加工项目需配套建设的环境保护设施未依法验收，擅自投入生产的",-,"《建设项目环境保护管理条例》（国务院令第682号）第二十三条第一款的规定","2018-02-11 00:00:00",罚款200000元,445302000029059,"关于曹航（云浮市胜创石材有限公司）石材加工项目需配套建设的环境保护设施未依法验收，擅自投入生产的案件",-,罚款,-,-,曹航,曹航（云浮市胜创石材有限公司）
云浮市环境保护局,-,-,云环罚〔2018〕60号,-,"该加工场石英石加工项目未依法报批该建设项目环境影响评价文件，擅自开工建设",-,"《中华人民共和国环境影响评价法》第三十一条第一款的规定","2018-05-03 00:00:00",罚款6000元,-,"关于游天德（云城区高峰街游天德石英石加工场）石英石加工项目未依法报批该建设项目环境影响评价文件，擅自开工建设的案件",-,罚款,442827195911280315,-,游天德,游天德（云城区高峰街游天德石英石加工场）
云浮市环境保护局,　　　　913307836952748917,-,云环罚〔2018〕72号,-,"未依法向我局报批，擅自夜间进行产生环境噪声污染的建筑施工作业。",-,"中华人民共和国噪声污染防治法》第五十六条、《广东省实施〈中华人民共和国环境噪声污染防治法〉办法》第三十二条第（八）项、《云浮市环境保护局环境行政处罚自由裁量权裁量标准（试行）》第二章？11.4裁量标准第1项的规定","2018-07-17 00:00:00",罚款10000元,-,"关于浙江中垚建设有限公司未依法向我局报批，擅自夜间进行产生环境噪声污染的建筑施工作业的案件",-,罚款,-,-,韦余春,浙江中垚建设有限公司
云浮市环境保护局,91445300314893876G,-,云环罚〔2018〕21号,-,"该公司未依法报批建设项目环境影响评价文件，擅自开工建设。",-,"《中华人民共和国环境影响评价法》第三十一条第一款的规定","2018-02-06 00:00:00",罚款150000元,-,"关于梁勇为（云浮市大地发展有限公司）未依法报批建设项目环境影响评价文件，擅自开工建设的案件",-,罚款,-,-,梁勇为,梁勇为（云浮市大地发展有限公司）
云浮市环境保护局,91445302MA4UJBCU7B,-,云环罚〔2018〕65号,-,"该公司人造石板材生产线建设项目未依法报批该建设项目环境影响评价文件，擅自开工建设",-,"《中华人民共和国环境影响评价法》第三十一条第一款的规定","2018-05-15 00:00:00",罚款80400元,-,"关于梁志华（云浮市盈拓石业有限公司）人造石板材生产线建设项目未依法报批该建设项目环境影响评价文件，擅自开工建设的案件",-,罚款,-,-,梁志华,梁志华（云浮市盈拓石业有限公司）
云浮市环境保护局,92445302MA4UXOLW7C,-,云环罚〔2018〕27号,-,"该木制厂人造板制造项目需配套建设的环境保护设施未依法验收，擅自投入生产的",-,"《建设项目环境保护管理条例》（国务院令第682号）第二十三条第一款的规定","2018-03-21 00:00:00",罚款200000元,-,"关于蔡志平（云城区佰福木制厂）人造板制造项目需配套建设的环境保护设施未依法验收，擅自投入生产的案件",-,罚款,-,-,蔡志平,蔡志平（云城区佰福木制厂）
云浮市环境保护局,91445302MA513EF668,-,云环罚〔2018〕6号,-,"该公司未依法报批石材加工建设项目环境影响评价文件，擅自开工建设。",-,"《中华人民共和国环境影响评价法》第三十一条第一款的规定","2018-01-31 00:00:00",罚款2200元,-,"关于云浮市云城区坚盛石材有限公司未依法报批石材加工建设项目环境影响评价文件，主体工程正式投入生产案件",-,罚款,-,-,陈志坚,云浮市云城区坚盛石材有限公司
云浮市环境保护局,-,-,云环罚〔2018〕13号,-,"该公司石材加工项目需配套建设的环境保护设施未依法验收，擅自投入生产。",-,"《建设项目环境保护管理条例》（国务院令第682号）第二十三条第一款的规定","2018-02-07 00:00:00",罚款200000元,445302000026542,"关于石灿华（云浮市鸿利石业有限公司）石材加工项目需配套建设的环境保护设施未依法验收，擅自投入生产的案件",-,罚款,-,责令该公司限期3个月内改正环境违法行为。,石灿华,石灿华（云浮市鸿利石业有限公司）
云浮市环境保护局,91445302079532447J,-,云环罚〔2018〕45号,-,"该公司石材加工项目需配套建设的环境保护设施未依法验收，擅自投入生产",-,"《建设项目环境保护管理条例》（国务院令第682号）第二十三条第一款的规定","2018-03-22 00:00:00",罚款200000元,-,"关于何志成（云浮市弘海石材有限公司）石材加工项目需配套建设的环境保护设施未依法验收，擅自投入生产的案件",-,罚款,-,-,何志成,何志成（云浮市弘海石材有限公司）
云浮市环境保护局,91445302MA514WL93B,-,云环罚〔2018〕57号,-,"该公司石材加工项目需配套建设的环境防治设施未依法验收，石材加工项目投入生产，以及该公司通过不正常运行防治污染设施的方式违法排放污染物",-,"《建设项目环境保护管理条例》（国务院令第682号）第二十三条第一款的规定","2018-06-13 00:00:00",罚款200000元,-,"关于王小秋（云浮市云城区吉盛石材有限公司）石材加工项目需配套建设的环境防治设施未依法验收，石材加工项目投入生产，以及该公司通过不正常运行防治污染设施的方式违法排放污染物的案件",-,罚款,-,-,王小秋,王小秋（云浮市云城区吉盛石材有限公司）
云浮市环境保护局,-,-,云环罚〔2018〕78号,-,"未依法报批该建设项目环境影响评价文件，擅自开工建设",-,"《中华人民共和国环境影响评价法》第三十一条第一款规定","2018-08-30 00:00:00",罚款5000元,　　　　445302000004109,"关于云浮市盛坚石材有限公司未依法报批该建设项目环境影响评价文件，擅自开工建设的案件",-,罚款,-,-,李成坚,云浮市盛坚石材有限公司
云浮市环境保护局,　　　　91445302MA4WPHYH19,-,云环罚〔2018〕74号,-,"未依法报批该建设项目环境影响评价文件，擅自开工建设",-,"《中华人民共和国环境影响评价法》第三十一条第一款的规定","2018-08-09 00:00:00",罚款10000元,-,"关于云浮市百得胜行汽车服务有限公司未依法报批该建设项目环境影响评价文件，擅自开工建设的案件",-,罚款,-,-,李文哲,云浮市百得胜行汽车服务有限公司
云浮市环境保护局,91445300731440288X,-,云环罚〔2018〕12号,-,该公司超标排放废水，化学需氧量超标0.25倍,-,"《中华人民共和国水污染防治法》第七十四条第一款、《云浮市环境保护局环境行政处罚自由裁量权裁量标准（试行）》第二章？3.1裁量标准1的规定","2018-02-07 00:00:00",罚款21215.01元,-,"关于云浮市新金山生物科技股份有限公司超标排放废水，化学需氧量超标0.25倍的案件",-,罚款,-,-,蔡长龙,云浮市新金山生物科技股份有限公司
云浮市环境保护局,-,-,云环罚〔2018〕31号,-,"该洗涤中心外排废水化学需氧量、总磷、阴离子表面活性剂分别超标1.9倍、3.02倍和1.38倍",-,"中华人民共和国水污染防治法》第七十四条第一款、《云浮市环境保护局环境行政处罚自由裁量权裁量标准（试行）》第二章？3.1裁量标准第2项和第4项的规定","2018-02-11 00:00:00",罚款1023元,-,"关于李冠州（云城区李冠州洗涤中心）外排废水化学需氧量、总磷、阴离子表面活性剂分别超标的案件",-,罚款,445302199108222112,-,李冠州,李冠州（云城区李冠州洗涤中心）
云浮市环境保护局,-,-,云环罚〔2018〕18号,-,"该加工场木质工艺品加工项目需配套建设的环境保护设施未经验收，擅自投入生产",-,"《建设项目环境保护管理条例》第二十三条第一款的规定","2018-06-06 00:00:00",罚款200000元,445302600301282,"关于朱建林（云城区创意木质工艺品加工场）项目需配套建设的环境保护设施未经验收，擅自投入生产的案件",-,罚款,-,责令该加工场限期3个月内改正环境违法行为。,朱建林,朱建林（云城区创意木质工艺品加工场）
云浮市环境保护局,91445302MA4UT40X0Y,-,云环罚〔2018〕48号,-,"该石材厂石材加工项目未依法报批该建设项目环境影响评价文件，且投入生产",-,"《中华人民共和国环境影响评价法》第三十一条第一款的规定","2018-03-22 00:00:00",罚款3200元,-,"关于吴银培（云浮市云城区安塘街夏洞展望石材厂）石材加工项目未依法报批该建设项目环境影响评价文件，且投入生产的案件",-,罚款,-,-,吴银培,吴银培（云浮市云城区安塘街夏洞展望石材厂）
云浮市环境保护局,91445302082599335D,-,云环罚〔2018〕4号,-,该公司未安装有机废气收集处理设施。,-,"《中华人民共和国大气污染防治法》第一百零八条第（一）项的规定","2018-01-31 00:00:00",罚款50000元,-,关于云浮市云仕美岗石有限公司的案件,-,罚款,-,责令该公司立即改正违法行为。,邓伟雄,邓伟雄（云浮市云仕美岗石有限公司）
云浮市环境保护局,91445302MA4UUTCQ3X,-,云环罚〔2018〕43号,-,"该公司石材加工项目需配套建设的环境防治设施未依法验收，石材加工项目投入生产",-,"《建设项目环境保护管理条例》（国务院令第682号）第二十三条第一款的规定","2018-06-06 00:00:00",罚款200000元,-,"关于黄永安（云浮市富淳石材有限公司）石材加工项目需配套建设的环境防治设施未依法验收，石材加工项目投入生产的案件",-,罚款,-,-,黄永安,黄永安（云浮市富淳石材有限公司）
云浮市环境保护局,-,-,云环罚〔2018〕34号,-,"该石材厂石材加工项目需配套建设的环境保护设施未依法验收，且需配套建设的粉尘废气防治设施未建成，石材加工项目投入生产",-,"《建设项目环境保护管理条例》（国务院令第682号）第二十三条第一款的规定","2018-02-28 00:00:00",罚款220000元,-,"关于付强（云城区春光远洋石材厂）石材加工项目需配套建设的环境保护设施未依法验收，且需配套建设的粉尘废气防治设施未建成，石材加工项目投入生产的案件",-,罚款,360424199102026734,责令该石材厂限期3个月内改正违法行为,付强,付强（云城区春光远洋石材厂）
云浮市环境保护局,91445302MA4WB1UB74,-,云环罚〔2018〕63号,-,"该公司人造石板材生产线项目未依法报批该建设项目环境影响评价文件，擅自开工建设，且建成投入生产",-,"《中华人民共和国环境影响评价法》第三十一条第一款的规定","2018-05-14 00:00:00",罚款60000元,-,"关于林展武（云浮市裕丰翔云石材有限公司）人造石板材生产线项目未依法报批该建设项目环境影响评价文件，擅自开工建设，且建成投入生产的案件",-,罚款,-,-,林展武,林展武（云浮市裕丰翔云石材有限公司）
云浮市环境保护局,-,-,云环罚〔2018〕15号,-,"该工艺厂石材加工项目需配套建设的环境保护设施未依法验收，擅自投入生产",-,"《建设项目环境保护管理条例》（国务院令第682号）第二十三条第一款的规定","2018-02-07 00:00:00",罚款200000元,-,"关于郭惠先（鑫城雕刻工艺厂）石材加工项目需配套建设的环境保护设施未依法验收，擅自投入生产的案件",-,罚款,130634198001033747,责令该工艺厂限期3个月内改正环境违法行为。,郭惠先,郭惠先（鑫城雕刻工艺厂）
云浮市环境保护局,914409047361755677,-,云环罚〔2018〕2号,-,未经我局批准，擅自进行夜间施工作业,-,"《中华人民共和国环境噪声污染防治法》第五十六条、《广东省实施<中华人民共和国环境噪声污染防治法>办法》第三十二条第（八）项、《云浮市环境保护局环境行政处罚自由裁量权裁量标准（试行）》第二章？11.4裁量标准第1项的规定","2018-01-25 00:00:00",罚款5000元,-,"关于广东城市建设工程有限公司未经我局批准，擅自进行夜间施工作业案件",-,罚款,-,"责令该公司立即改正未经批准擅自进行夜间施工的环境违法行为。",廖志辉,广东城市建设工程有限公司
云浮市环境保护局,91445300668160784U,-,云环罚〔2018〕28号,-,"该公司扩建的人造石生产线需配套建设的环境保护设施未依法验收，且需配套建设的大气污染防治设施未建成，擅自投入生产的",-,"《建设项目环境保护管理条例》第二十八条、《云浮市环境保护局环境行政处罚自由裁量权裁量标准（试行）》第一章？2.7裁量标准的规定","2018-03-21 00:00:00",罚款30000元,-,"关于邓结明（云浮市新丽新岗石发展有限公司）扩建的人造石生产线需配套建设的环境保护设施未依法验收，且需配套建设的大气污染防治设施未建成，擅自投入生产的案件",-,罚款,-,-,邓结明,邓结明（云浮市新丽新岗石发展有限公司）
云浮市环境保护局,-,-,云环罚〔2018〕61号,-,"该石材废渣堆场超标排放水污染物，悬浮物排放浓度超标12.3倍",-,"《中华人民共和国水污染防治法》第八十三条第（二）项的规定","2018-05-11 00:00:00",罚款100000元,-,"关于林进坚（云城区高峰街蛇塘坪林进坚石材废渣堆场）超标排放水污染物，悬浮物排放浓度超标的案件",-,罚款,44530219920529031X,责令该石材废渣堆场立即停止超标排放水污染物行为,林进坚,林进坚（云城区高峰街蛇塘坪林进坚石材废渣堆场）
云浮市环境保护局,-,-,云环罚〔2018〕77号,-,"未依法报批该建设项目环境影响评价文件，擅自开工建设",-,"《中华人民共和国环境影响评价法》第三十一条第一款规定","2018-08-30 00:00:00",罚款7600元,-,"关于黄国勇（云城区高峰街黄国勇废品加工场）未依法报批该建设项目环境影响评价文件，擅自开工建设的案件",-,罚款,　　　　330327197707200810,-,黄国勇,黄国勇（云城区高峰街黄国勇废品加工场）
云浮市环境保护局,91445302MA51A94U7L,-,云环罚〔2018〕50号,-,"该公司石材加工项目需配套建设的环境保护设施未依法验收，且粉尘防治设施未建成，擅自投入生产",-,"《建设项目环境保护管理条例》（国务院令第682号）第二十三条第一款的规定","2018-04-10 00:00:00",罚款220000元,-,"关于廖贤森（云浮市凯美石材有限公司）石材加工项目需配套建设的环境保护设施未依法验收，且粉尘防治设施未建成，擅自投入生产的案件",-,罚款,-,-,廖贤森,廖贤森（云浮市凯美石材有限公司）
云浮市环境保护局,92445302L39591525Y,-,云环罚〔2018〕32号,-,该宾馆排放噪声超标6.2分贝，造成环境噪声污染的,-,"《中华人民共和国环境噪声污染防治法》第五十九条规定：违反本法第四十三条第二款、第四十四条第二款、《广东省实施<中华人民共和国环境噪声污染防治法>办法》第三十二条第（十一）项、《云浮市环境保护局行政处罚自由裁量标准（试行）》第二章？3.4裁量标准的规定","2018-02-13 00:00:00",罚款1000元,-,"关于麦锦英（云城区星光大道长讯宾馆）排放噪声超标的案件",-,罚款,-,"责令该宾馆立即改正超标排放环境噪声污染物的违法行为",麦锦英,麦锦英（云城区星光大道长讯宾馆）
云浮市环境保护局,91445302314826307C,-,云环罚〔2018〕25号,-,"该公司石材加工项目需配套建设的环境保护设施未依法验收，擅自投入生产的",-,"《建设项目环境保护管理条例》（国务院令第682号）第二十三条第一款的规定","2018-02-09 00:00:00",罚款200000元,-,"关于赵洪雨（云浮市创合石材有限公司）石材加工项目需配套建设的环境保护设施未依法验收，擅自投入生产的案件",-,罚款,-,-,赵洪雨,赵洪雨（云浮市创合石材有限公司）
云浮市环境保护局,-,-,云环罚〔2018〕40号,-,"该石材厂石材加工项目需配套建设的环境防治设施未依法验收，石材加工项目投入生产",-,"《建设项目环境保护管理条例》（国务院令第682号）第二十三条第一款的规定","2018-03-21 00:00:00",罚款200000元,-,"关于祝树金（云城区祝树金石材厂）石材加工项目需配套建设的环境防治设施未依法验收，石材加工项目投入生产的案件",-,罚款,440402198001109116,-,祝树金,祝树金（云城区祝树金石材厂）
云浮市环境保护局,91445302MA4WNBFQ7T,-,云环罚〔2018〕66号,-,"该公司人造石板材生产线项目未依法报批该建设项目环境影响评价文件，擅自开工建设，且建成准备投入生产",-,"《中华人民共和国环境影响评价法》第三十一条第一款的规定","2018-05-15 00:00:00",罚款60000元,-,"关于陈志强（云浮市金丽雅石英石有限公司）人造石板材生产线项目未依法报批该建设项目环境影响评价文件，擅自开工建设，且建成准备投入生产的案件",-,罚款,-,-,陈志强,陈志强（云浮市金丽雅石英石有限公司）
云浮市环境保护局,-,-,云环罚〔2018〕26号,-,"该建材厂水泥砖制造项目需配套建设的环境保护设施未建成，擅自投入生产的",-,"《建设项目环境保护管理条例》（国务院令第682号）第二十三条第一款的规定","2018-02-09 00:00:00",罚款220000元,445302600149432,"关于廖国明（云城区建宝建材厂）水泥砖制造项目需配套建设的环境保护设施未建成，擅自投入生产的案件",-,罚款,-,-,廖国明,廖国明（云城区建宝建材厂）
云浮市环境保护局,91445302MA4WN0CD1C,-,云环罚〔2018〕8号,-,"该公司未依法报批石材加工建设项目环境影响评价文件，擅自开工建设",-,"《中华人民共和国环境影响评价法》第三十一条第一款的规定","2018-01-31 00:00:00",罚款9000元,-,"关于邓子梅（云浮市大亨石业有限公司）未依法报批石材加工建设项目环境影响评价文件，擅自开工建设的案件",-,罚款,-,-,邓子梅,邓子梅（云浮市大亨石业有限公司）
云浮市环境保护局,91445302765717249U,-,云环罚〔2018〕55号,-,"该公司人造石制造项目需配套建设的环境保护设施未依法验收，且需配套建设的有机废气防治设施未建成，擅自投入生产",-,"《建设项目环境保护管理条例》第二十八条、《云浮市环境保护局环境行政处罚自由裁量权裁量标准（试行）》对《建设项目环境保护管理条例》第二十八条的处罚裁量标准的规定","2018-06-11 00:00:00",罚款30000元,-,"关于林康权（云浮市恒盛创辉石业有限公司）人造石制造项目需配套建设的环境保护设施未依法验收，且需配套建设的有机废气防治设施未建成，擅自投入生产的案件",-,罚款,-,-,林康权,林康权（云浮市恒盛创辉石业有限公司）
云浮市环境保护局,913307836952748917,-,云环罚〔2018〕70号,-,"该公司未依法向我局报批，擅自夜间进行产生环境噪声污染的建筑施工作业，以及该公司上述建筑工程因夜间施工作业产生的噪声扰民",-,"《中华人民共和国噪声污染防治法》第五十六条、《广东省实施〈中华人民共和国环境噪声污染防治法〉办法》第三十二条第（八）项、《云浮市环境保护局环境行政处罚自由裁量权裁量标准（试行）》第二章？11.4裁量标准第1项的规定","2018-05-30 00:00:00",罚款10000元,-,"关于韦余春（浙江中垚建设有限公司）未依法向我局报批，擅自夜间进行产生环境噪声污染的建筑施工作业，以及该公司上述建筑工程因夜间施工作业产生的噪声扰民的案件",-,罚款,-,-,韦余春,韦余春（浙江中垚建设有限公司）
云浮市环境保护局,-,-,云环罚〔2018〕37号,-,"该石材厂石材加工项目需配套建设的环境保护设施未依法验收，擅自投入生产",-,"《建设项目环境保护管理条例》（国务院令第682号）第二十三条第一款的规定","2018-03-21 00:00:00",罚款200000元,445302600210657,"关于刘炳亮（云城区鸿财石材厂）石材加工项目需配套建设的环境保护设施未依法验收，擅自投入生产的案件",-,罚款,-,-,刘炳亮,刘炳亮（云城区鸿财石材厂）
云浮市环境保护局,-,-,云环罚〔2018〕24号,-,"该在处置石材废渣（湿浆）过程中，流失石材废渣（湿浆）约80吨。",-,"《中华人民共和国固体废物污染环境防治法》第六十八条第一款第（七）项、第二款\《云浮市环境保护局环境行政处罚自由裁量权裁量标准（试行）》第二章？12.1.5裁量标准的规定","2018-02-09 00:00:00",罚款90000元,-,"关于王海明在处置石材废渣（湿浆）过程中，流失石材废渣（湿浆）约80吨的案件",-,罚款,442827196709163339,-,王海明,王海明
云浮市环境保护局,-,-,云环罚〔2018〕16号,-,"该工艺厂石材加工项目未依据报批该建设项目环境影响评价文件，擅自开工建设",-,"《中华人民共和国环境影响评价法》第三十一条第一款的规定","2018-02-07 00:00:00",罚款1400元,-,"关于郭惠先（鑫城雕刻工艺厂）工艺厂石材加工项目未依据报批该建设项目环境影响评价文件，擅自开工建设的案件",-,罚款,130634198001033747,-,郭惠先,郭惠先（鑫城雕刻工艺厂）
云浮市环境保护局,-,-,云环罚〔2018〕10号,-,造成环境噪声污染的。,-,"《中华人民共和国环境噪声污染防治法》第五十九条、《广东省实施<中华人民共和国环境噪声污染防治法>办法》第三十二条第（十一）项、《云浮市环境保护局行政处罚自由裁量标准（试行）》第二章？3.4裁量标准的规定","2018-02-07 00:00:00",罚款800元,445302600313578,"关于范兵斌（云城区城南凯乐迪歌厅）造成环境噪声污染的案件",-,罚款,-,-,范兵斌,范兵斌（云城区城南凯乐迪歌厅）
云浮市环境保护局,91445302MA514WL93B,-,云环罚〔2018〕44号,-,"该公司石材加工建设项目未依法报批该建设项目环境影响评价文件，擅自开工建设，且建成投入生产",-,"《中华人民共和国环境影响评价法》第三十一条第一款的规定","2018-06-06 00:00:00",罚款2000元,-,"关于王小秋（云浮市云城区吉盛石材有限公司）石材加工建设项目未依法报批该建设项目环境影响评价文件，擅自开工建设，且建成投入生产的案件",-,罚款,-,-,王小秋,王小秋（云浮市云城区吉盛石材有限公司）
云浮市环境保护局,　　　　91440300192388651J,-,云环罚〔2018〕73号,-,超标排放水污染物,-,"《中华人民共和国水污染防治法》第八十三条第（二）项的规定","2018-07-17 00:00:00",罚款300000元,-,"关于深圳市协鹏工程勘察有限公司超标排放水污染物的案件",-,罚款,-,-,龚建成,深圳市协鹏工程勘察有限公司
云浮市环境保护局,91445302351264382U,-,云环罚〔2018〕53号,-,"该公司石材加工建设项目需配套建设的环境保护设施未依法验收，擅自投入生产",-,"《建设项目环境保护管理条例》第二十八条、《云浮市环境保护局环境行政处罚自由裁量权裁量标准（试行）》对《建设项目环境保护管理条例》第二十八条的处罚裁量标准的规定","2018-04-10 00:00:00",罚款20000元,-,"关于卢灿辉（云浮市本色石材有限公司）石材加工建设项目需配套建设的环境保护设施未依法验收，擅自投入生产的案件",-,罚款,-,-,卢灿辉,卢灿辉（云浮市本色石材有限公司）
云浮市环境保护局,913307836952748917,-,云环罚〔2018〕71号,-,"该公司未依法向我局报批，擅自夜间进行产生环境噪声污染的建筑施工作业，以及该公司上述建筑工程因夜间施工作业产生的噪声扰民",-,"中华人民共和国噪声污染防治法》第五十六条、《广东省实施〈中华人民共和国环境噪声污染防治法〉办法》第三十二条第（八）项、《云浮市环境保护局环境行政处罚自由裁量权裁量标准（试行）》第二章？11.4裁量标准第1项的规定","2018-05-30 00:00:00",罚款10000元,-,"关于韦余春（浙江中垚建设有限公司）未依法向我局报批，擅自夜间进行产生环境噪声污染的建筑施工作业，以及该公司上述建筑工程因夜间施工作业产生的噪声扰民的案件",-,罚款,-,-,韦余春,韦余春（浙江中垚建设有限公司）
云浮市环境保护局,　　　　92445302MA4W43767J,-,云环罚〔2018〕75号,-,"需配套建设的环境防治设施未依法验收，擅自投入生产的案件",-,"《建设项目环境保护管理条例》（国务院令第682号）第二十三条第一款规定","2018-08-23 00:00:00",罚款200000元,-,"关于云城区亮洁餐具清洗中心需配套建设的环境防治设施未依法验收，擅自投入生产的案件",-,罚款,-,-,高翔慧,云城区亮洁餐具清洗中心
云浮市环境保护局,-,-,云环罚〔2018〕56号,-,"该石材厂石材加工项目需配套建设的环境防治设施未依法验收，石材加工项目投入生产",-,"《建设项目环境保护管理条例》（国务院令第682号）第二十三条第一款的规定","2018-04-19 00:00:00",罚款200000元,-,"关于吴祚飞（云城区罗沙吴祚飞石材厂）石材加工项目需配套建设的环境防治设施未依法验收，石材加工项目投入生产的案件",-,罚款,452523197704110697,-,吴祚飞,吴祚飞（云城区罗沙吴祚飞石材厂）
云浮市环境保护局,-,-,云环罚〔2018〕9号,-,造成环境噪声污染的,-,"中华人民共和国环境噪声污染防治法》第五十九条、《广东省实施<中华人民共和国环境噪声污染防治法>办法》第三十二条第（十一）项、《云浮市环境保护局行政处罚自由裁量标准（试行）》第二章？3.4裁量标准的规定","2018-02-07 00:00:00",罚款1000元,445302600063811,"关于廖金花（云浮市云城区新丽晶大酒店）造成环境噪声污染的的案件",-,罚款,-,-,廖金花,廖金花（云浮市云城区新丽晶大酒店）
云浮市环境保护局,-,-,云环罚〔2018〕1号,-,"建设项目需要配套建设的环境保护设施未经验收，主体工程正式投入生产。",-,"《建设项目环境保护管理条例》第二十八条、《云浮市环境保护局环境行政处罚自由裁量权裁量标准（试行）》第一章？2.7裁量标准的规定","2018-01-22 00:00:00",罚款200000元,-,"关于罗智军（云城区罗沙富仕石材工艺厂）建设项目需要配套建设的环境保护设施未经验收，主体工程正式投入生产的案件",-,罚款,441227197507200016,责令该石材工艺厂限期3个月内改正违法行为,罗智军,罗智军（云城区罗沙富仕石材工艺厂）
云浮市环境保护局,91445302MA513EF668,-,云环罚〔2018〕5号,-,建设单位未验先投，擅自开工建设的,-,"《建设项目环境保护管理条例》（国务院令第682号）第二十三条第一款的规定","2018-01-31 00:00:00",罚款200000元,-,"关于云浮市云城区坚盛石材有限公司未验先投，擅自开工建设的案件",-,罚款,-,-,陈志坚,云浮市云城区坚盛石材有限公司
云浮市环境保护局,91445302315124825A,-,云环罚〔2018〕3号,-,"该公司石材加工项目需配套建设的环境保护设施未依法验收，擅自投入生产，以及该公司被当地镇政府查封的情况下擅自撕开封条恢复生产，",-,"《建设项目环境保护管理条例》（国务院令第682号）第二十三条第一款的规定","2018-01-30 00:00:00",罚款200000元,-,关于云浮市伟基石材有限公司未验先投的案件,-,罚款,-,责令该公司限期3个月内改正违法行为。,练水娇,练水娇（云浮市伟基石材有限公司）
云浮市环境保护局,914453025682980142,-,云环罚〔2018〕51号,-,"该公司石材加工项目未依法报批该建设项目环境影响评价文件，擅自开工建设，且建成投入生产",-,"《中华人民共和国环境影响评价法》第三十一条第一款的规定","2018-04-10 00:00:00",罚款12000元,-,"关于张卫国（云浮市聚宝石业有限公司）石材加工项目未依法报批该建设项目环境影响评价文件，擅自开工建设，且建成投入生产的案件",-,罚款,-,-,张卫国,张卫国（云浮市聚宝石业有限公司）
云浮市环境保护局,-,-,云环罚〔2018〕22号,-,"该艺雕厂石材加工项目未依据报批该建设项目环境影响评价文件，擅自开工建设的。",-,"《中华人民共和国环境影响评价法》第三十一条第一款的规定","2018-02-09 00:00:00",罚款320元,-,"关于赵士敏（云城区新颖艺雕厂）石材加工项目未依据报批该建设项目环境影响评价文件，擅自开工建设的案件",-,罚款,130634198311222914,-,赵士敏,赵士敏（云城区新颖艺雕厂）
云浮市环境保护局,92445302L59186519G,-,云环罚〔2018〕17号,-,"该经营部水泥砖制造项目需配套建设的环境保护设施未建成，擅自投入生产",-,"《建设项目环境保护管理条例》（国务院令第682号）第二十三条第一款的规定","2018-02-09 00:00:00",罚款220000元,-,"关于吴伯兰（云城区宜建建材经营部）项目需配套建设的环境保护设施未建成，擅自投入生产的案件",-,罚款,-,-,吴伯兰,吴伯兰（云城区宜建建材经营部）
云浮市环境保护局,-,-,云环罚〔2018〕76号,-,"需配套建设的环境防治设施未依法验收，擅自投入生产的案件",-,"《建设项目环境保护管理条例》（国务院令第682号）第二十三条第一款规定","2018-08-30 00:00:00",罚款200000元,-,"关于黄国勇（云城区高峰街黄国勇废品加工场）需配套建设的环境防治设施未依法验收，擅自投入生产的案件",-,罚款,　　　　330327197707200810,-,黄国勇,黄国勇（云城区高峰街黄国勇废品加工场）
云浮市环境保护局,-,-,云环罚〔2018〕35号,-,"该石材厂石材加工项目未依据报批该建设项目环境影响评价文件，且建成投入生产的",-,"《中华人民共和国环境影响评价法》第三十一条第一款的规定","2018-02-28 00:00:00",罚款11200元,-,"关于付强（云城区春光远洋石材厂）石材加工项目未依据报批该建设项目环境影响评价文件，且建成投入生产的案件",-,罚款,360424199102026734,-,付强,付强（云城区春光远洋石材厂）
云浮市环境保护局,91445302MA4WN0CD1C,-,云环罚〔2018〕20号,-,"该公司石材加工项目需配套建设的环境保护设施未依法验收，擅自投入生产",-,"《建设项目环境保护管理条例》（国务院令第682号）第二十三条第一款的规定","2018-02-09 00:00:00",罚款200000元,-,"关于邓子梅（云浮市大亨石业有限公司）石材加工项目需配套建设的环境保护设施未依法验收，擅自投入生产的案件",-,罚款,-,责令该公司限期3个月内改正环境违法行为,邓子梅,邓子梅（云浮市大亨石业有限公司）
云浮市环境保护局,91445300690463538R,-,云环罚〔2018〕59号,-,"该公司人造石荒料生产线和人造石板材生产线需配套建设的污染防治设施未依法验收，且未配套建设有机废气防治设施，擅自投入生产",-,"《建设项目环境保护管理条例》（国务院令第682号）第二十三条第一款的规定","2018-04-27 00:00:00",罚款220000元,-,"关于陈丽英（云浮威宝石材有限公司）人造石荒料生产线和人造石板材生产线需配套建设的污染防治设施未依法验收，且未配套建设有机废气防治设施，擅自投入生产的案件",-,罚款,-,-,陈丽英,陈丽英（云浮威宝石材有限公司）
云浮市环境保护局,-,-,云环罚〔2018〕19号,-,"该艺雕厂石材加工项目需配套建设的环境保护设施未依法验收，擅自投入生产。",-,"《建设项目环境保护管理条例》（国务院令第682号）第二十三条第一款的规定","2018-02-09 00:00:00",罚款200000元,-,"关于赵士敏（云城区新颖艺雕厂）艺雕厂石材加工项目需配套建设的环境保护设施未依法验收，擅自投入生产的案件",-,罚款,130634198311222914,责令该艺雕厂限期3个月内改正环境违法行为。,赵士敏,赵士敏（云城区新颖艺雕厂）
云浮市环境保护局,914453020969226586,-,云环罚〔2018〕23号,-,"该公司娱乐场所边界噪声超标11.6分贝，造成环境噪声污染的",-,"《中华人民共和国环境噪声污染防治法》第五十九条、《广东省实施<中华人民共和国环境噪声污染防治法>办法》第三十二条第（十一）项、《云浮市环境保护局行政处罚自由裁量标准（试行）》第二章？3.4裁量标准的规定","2018-02-09 00:00:00",罚款1000元,-,"关于陈荣凯（云浮市云城区金色年华娱乐有限公司）娱乐场所边界噪声超标11.6分贝，造成环境噪声污染的案件",-,罚款,-,-,陈荣凯,陈荣凯（云浮市云城区金色年华娱乐有限公司）
云浮市环境保护局,91445302MA4UJDAE97,-,云环罚〔2018〕67号,-,"该公司在运输过程中沿途倾倒（丢弃）工业固体废物（石材废浆），以及该公司倾倒（丢弃）石材废浆约18吨",-,"《中华人民共和国固体废物污染环境防治法》第六十八条第一款第（八）项及第二款、《云浮市环境保护局环境行政处罚自由裁量权裁量标准（试行）》第二章？12.1.6裁量标准第3项的规定","2018-05-23 00:00:00",罚款50000元,-,"关于云浮市梅民生清洁服务有限公司在运输过程中沿途倾倒（丢弃）工业固体废物（石材废浆），以及该公司倾倒（丢弃）石材废浆约18吨的案件",-,罚款,-,-,梅民生,云浮市梅民生清洁服务有限公司
云浮市环境保护局,91420100300275460A,-,云环罚〔2018〕54号,-,"该公司超标排放水污染物，悬浮物排放浓度超标874倍",-,"《中华人民共和国水污染防治法》第八十三条第（二）项的规定","2018-04-12 00:00:00",罚款300000元,-,"关于吴越（中铁七局集团武汉工程有限公司）超标排放水污染物，悬浮物排放浓度超标874倍的案件",-,罚款,-,-,吴越,吴越（中铁七局集团武汉工程有限公司）
云浮市环境保护局,91445302MA4UUTCQ3X,-,云环罚〔2018〕42号,-,"该公司石材加工建设项目未依法报批该建设项目环境影响评价文件，擅自开工建设",-,"《中华人民共和国环境影响评价法》第三十一条第一款的规定","2018-06-06 00:00:00",罚款20000元,-,"关于黄永安（云浮市富淳石材有限公司）石材加工建设项目未依法报批该建设项目环境影响评价文件，擅自开工建设的案件",-,罚款,-,-,黄永安,黄永安（云浮市富淳石材有限公司）
云浮市环境保护局,-,-,云环罚〔2018〕46号,-,"该石材废渣中转站需配套建设的污染防治设施未依法验收，且未配套建设防扬散、防漏失等设施",-,"《中华人民共和国固体废物污染环境防治法》第六十九条、《云浮市环境保护局环境行政处罚自由裁量权裁量标准（试行）》对《固体废物污染环境防治法》第六十九条的裁量标准的规定","2018-03-22 00:00:00",罚款75000元,-,"关于姜毅（云城区姜毅石材废渣中转站）石材废渣中转站需配套建设的污染防治设施未依法验收，且未配套建设防扬散、防漏失等设施的案件",-,罚款,440103196809045718,-,姜毅,姜毅（云城区姜毅石材废渣中转站）
云浮市环境保护局,91445302MA4WBT5A6P,-,云环罚〔2018〕64号,-,"该公司人造石板材生产线项目未依法报批该建设项目环境影响评价文件，擅自开工建设，且建成投入生产",-,"《中华人民共和国环境影响评价法》第三十一条第一款的规定","2018-05-14 00:00:00",罚款40000元,-,"关于陈石文（云浮市贝洛斯石英石有限公司）人造石板材生产线项目未依法报批该建设项目环境影响评价文件，擅自开工建设，且建成投入生产的案件",-,罚款,-,-,陈石文,陈石文（云浮市贝洛斯石英石有限公司）
云浮市环境保护局,-,-,云环罚〔2018〕14号,-,"该公司石材加工项目未依据报批该建设项目环境影响评价文件，擅自开工建设。",-,"《中华人民共和国环境影响评价法》第三十一条第一款的规定","2018-02-07 00:00:00",罚款8000元,445302000026542,"关于石灿华（云浮市鸿利石业有限公司）石材加工项目未依据报批该建设项目环境影响评价文件，擅自开工建设的案件",-,罚款,-,-,石灿华,石灿华（云浮市鸿利石业有限公司）
