F3070225300023_000009002,F3070225300023_000009001
云浮市贞英木业有限公司,云浮市木质板材工程技术研究中心
广东友源电气有限公司,云浮市工业电气控制设备工程技术研究中心
新兴县先丰不锈钢制品有限公司,云浮市不锈钢制品工程技术研究中心
广东德磁科技有限公司,云浮市节能磁性材料及其器件工程技术研究中心
广东明基水产品有限公司,云浮市淡水鱼加工工程技术研究中心
云浮市科特机械有限公司,云浮市石材装备工程技术研究中心
广东惠云钛业股份有限公司,云浮市硫钛产业工程技术研究中心
广东绿量电池材料科技股份有限公司,"云浮市新型环保电池智能自动化集成制造装备工程技术研究中心"
广东亨达利水泥厂有限公司,云浮市水泥工程技术研究中心
广东雷允上药业有限公司,云浮市心脑血管类中药工程技术研究中心
广东新合铝业新兴有限公司,云浮市铝合金表面处理工程技术研究中心
广东广云新材料科技股份有限公司,云浮市新型铝合金及复合材料工程技术研究中心
罗定市嘉裕电子有限公司,云浮市高频变压器工程技术研究中心
广东中兴液力传动有限公司,云浮市液力传动工程技术研究中心
罗定市嘉达纺织有限公司,云浮市毛纺织工程技术研究中心
云浮市绿兴复合肥（西江）有限公司,云浮市绿兴农资工程技术研究中心
广东一力罗定制药有限公司,云浮市中成药薄膜包衣工程技术研究中心
广东祥利塑料有限公司,云浮市改性电线电缆材料工程技术研究中心
广东南牧机械设备有限公司,云浮市畜牧养殖机械工程技术研究中心
云浮市宝利硫酸责任有限公司,云浮市化工工程技术研究中心
广东万事泰集团有限公司,云浮市智能餐厨具工程技术研究中心
云浮市新金山生物科技股份有限公司,云浮市低聚半乳糖工程技术研究中心
广东通力定造股份有限公司,云浮市特种纸制造工程技术研究中心
广东十二岭酒业有限公司,云浮市亚热带水果酒工程技术研究中心
广东润田肥业有限公司,云浮市新型生态功能肥料工程技术研究中心
广东省天宝生物制药有限公司,云浮市兽药工程技术研究中心
广东国鸿氢能科技有限公司,"云浮市燃料电池工程技术研究中心 "
云浮市云丰环保设备有限公司,云浮市通风设备工程技术研究中心
罗定市丰智昌顺科技有限公司,云浮市有机稻米深加工工程技术研究中心
广东益康生环保科技有限公司,云浮市养殖废水处理及循环回用工程技术研究中心
广东德纳斯金属制品有限公司,云浮市复合层材料餐厨具工程技术研究中心
