F3070225300048_000003003,F3070225300048_000003002,F3070225300048_000003001,F3070225300048_000003007,F3070225300048_000003006,F3070225300048_000003005,F3070225300048_000003004
罗定市大岗西路大岗桥顶担水岭,罗定市电力印刷厂,"(粤)印证字4453000069","2018-04-01 00:00:00",云浮市文化广电新闻出版局,其他印刷品印刷,唐建俏
罗定市素龙街潭井开发区永新巷92号,罗定市黄国泉印刷厂,"(粤)印证字4453000075","2018-04-01 00:00:00",云浮市文化广电新闻出版局,其他印刷品印刷,黄国泉
新兴县太平镇下沙村委会第九经济社（对塘村）,新兴正浩纸品印刷厂,"(粤)印证字4453000123","2018-04-01 00:00:00",云浮市文化广电新闻出版局,"包装装潢印刷品印刷 ",苏北红
郁南县都城镇平江路51号,"郁南县勤工办教育印刷厂 ","(粤)印证字4453000058","2018-07-05 00:00:00",云浮市文化广电新闻出版局,其他印刷品印刷,陈忠强
"新兴县新城镇二环西路东侧新成工业园B3-06地块C1厂房",新兴县柏愉塑料制品有限公司,"(粤)印证字4453000088","2018-04-01 00:00:00",云浮市文化广电新闻出版局,其他印刷品印刷,梁妙芝
云浮市区兴云西路219号,云城区创意印刷厂,"(粤)印证字4453000133","2018-04-01 00:00:00",云浮市文化广电新闻出版局,其他印刷品印刷,江岳峰
"新兴县新城镇翔顺花园新乐居第二十二幢首层1，2号商铺",新兴县新城镇新华翔印刷厂,"(粤)印证字4453000095","2018-04-01 00:00:00",云浮市文化广电新闻出版局,其他印刷品印刷,冯广伟
"罗定市附城324线边蛇嘴塘（罗定市达丽美纺丝厂的房屋）首层第二卡",罗定市同辉印刷厂,"(粤)印证字4453000009","2018-04-01 00:00:00",广东省新闻出版广电局,出版物、包装装潢印刷品、其他印刷品印刷,梁淑琼
新兴县新城镇黄岗工业区F幅2号,新兴县恒信纸品有限公司,"(粤)印证字4453000016","2018-04-01 00:00:00",云浮市文化广电新闻出版局,包装装潢印刷品、其他印刷品印刷,梁湛强
新兴县新城镇凤凰村狮子岗（蓄电池厂南侧）,新兴县永联纸品有限公司,"(粤)印证字4453000122","2018-04-01 00:00:00",云浮市文化广电新闻出版局,包装装潢印刷品、其他印刷品印刷,黎培聪
云城区高峰街星岩路冯屋村（即高锋街花坛侧）,云浮市云城区鸿利印刷厂,"(粤)印证字4453000048","2018-04-01 00:00:00",云浮市文化广电新闻出版局,其他印刷品印刷,潘国新
罗定市罗城街道龙华西路7号后座,罗定市新捷印刷厂,"(粤)印证字4453000074","2018-04-01 00:00:00",云浮市文化广电新闻出版局,其他印刷品印刷,钟罗洲
新兴县新城镇新成工粘园B3-06-02地块,新兴县德裕塑料印刷有限公司,"(粤)印证字4453000130","2018-04-01 00:00:00",云浮市文化广电新闻出版局,包装装潢印刷品印刷,冯东明
新兴县凤凰开发区,新兴县志成彩印有限公司,"(粤)印证字4453000098","2018-04-01 00:00:00",云浮市文化广电新闻出版局,包装装潢印刷品印刷,邱培志
"新兴县新城镇新成工业园内B1-03地块（枫洞居委第五居民小组房屋之一）",新兴县新鸿达塑料胶粘制品有限公司,"(粤)印证字4453000108","2018-04-01 00:00:00",云浮市文化广电新闻出版局,包装装潢印刷品、其他印刷品印刷,欧桂莲
云浮市区育华区吉祥三路2号,云浮市广艺印刷有限公司,"(粤)印证字4453000053","2018-04-01 00:00:00",云浮市文化广电新闻出版局,其他印刷品印刷,"罗  力罗  霞"
云浮市云城区高峰路,云浮广业硫铁矿集团有限公司云硫印刷厂,"(粤)印证字4453000003","2018-04-01 00:00:00",广东省新闻出版广电局,出版物、包装装潢印刷品、其他印刷品印刷,唐民杰
罗定市兴隆三横路27号,罗定市华印城文化传播有限公司,"(粤)印证字4453000112","2018-04-01 00:00:00",云浮市文化广电新闻出版局,包装装潢印刷品、其他印刷品印刷,林国华
云安区六都镇吉祥路10号之右,云安区天鸿天广告印刷厂,"(粤)印证字4453000054","2018-04-01 00:00:00",云浮市文化广电新闻出版局,其他印刷品印刷,黄泉贵
新兴县车岗镇柿花墩,新兴县兴民造纸厂有限公司,"(粤)印证字4453000093","2018-04-01 00:00:00",云浮市文化广电新闻出版局,包装装潢印刷品印刷,李百炎
云浮市云城区兴云东路156号车场门口左边,云浮市云城区健民教育印刷厂,"(粤)印证字4453000128","2018-04-01 00:00:00",云浮市文化广电新闻出版局,其他印刷品印刷,谭健民
郁南县都城镇四一八路一巷1号,郁南县都城镇展新装潢印刷厂,"(粤)印证字4453000056","2018-04-01 00:00:00",云浮市文化广电新闻出版局,其他印刷品印刷,张展勋
云浮市云城区华丰路安居小区31幢首层1号商铺,云浮市华丰金业印刷厂,"(粤)印证字4453000114","2018-04-01 00:00:00",云浮市文化广电新闻出版局,其他印刷品印刷,区金汉
郁南县都城镇北郊四路七号,郁南县都城镇西宁印刷厂,"(粤)印证字4453000057","2018-04-01 00:00:00",云浮市文化广电新闻出版局,其他印刷品印刷,萧发成
新兴县天堂镇解放路65号,新兴县天堂镇华廉印刷厂,"(粤)印证字4453000067","2018-04-01 00:00:00",云浮市文化广电新闻出版局,其他印刷品印刷,黄居宇
"    ",罗定市新彩印刷厂,"(粤)印证字4453000135","2018-05-31 00:00:00",云浮市文化广电新闻出版局,其他印刷品印刷,区海燕
郁南县都城镇武陵路六巷5号,郁南县都城金都印刷厂,"(粤)印证字4453000060","2018-04-01 00:00:00",云浮市文化广电新闻出版局,其他印刷品印刷,黄鑑斌
罗定市罗城镇沿江一路35号地下层,罗定市教育印刷厂,"(粤)印证字4453000073","2018-04-01 00:00:00",云浮市文化广电新闻出版局,其他印刷品印刷,罗伟红
"云浮市云城区区闻莺路47号  ",云浮市云城区智能印刷行,"(粤)印证字4453000049","2018-04-01 00:00:00",云浮市文化广电新闻出版局,其他印刷品印刷,姚日光
新兴县新城镇州背路63号,新兴县智慧彩印有限公司,"(粤)印证字4453000025","2018-04-01 00:00:00",云浮市文化广电新闻出版局,包装装潢印刷品、其他印刷品印刷,陈惠兰
云浮市云城区上谭中路10号,云浮市云城区中新印刷厂,"(粤)印证字4453000040","2018-04-01 00:00:00",云浮市文化广电新闻出版局,其他印刷品印刷,黄伟才
罗定市大岗东路223号,罗定市华球文化用品有限公司,"(粤)印证字4453000129","2018-04-01 00:00:00",云浮市文化广电新闻出版局,其他印刷品印刷,李树球
云浮市云城区吉祥一路25号,云浮市快印通印刷有限公司,"(粤)印证字4453000116","2018-04-01 00:00:00",云浮市文化广电新闻出版局,其他印刷品印刷,沈明辉
"云浮市云安区都杨镇大播村委洪塘地段（佛山云浮产业转移工业园30号地块）第一卡",云浮市永源兴纸箱制品有限公司,"(粤)印证字4453000119","2018-04-01 00:00:00",云浮市文化广电新闻出版局,其他印刷品印刷,霍仲永
"都城镇实验中学边 ",郁南县都城恒发印刷电器服务部,"(粤)印证字4453000117","2018-04-01 00:00:00",云浮市文化广电新闻出版局,其他印刷品印刷,岑灿权
新兴县新城镇广兴大道东,新兴县新稔包装印刷有限公司,"(粤)印证字4453000013","2018-04-01 00:00:00",云浮市文化广电新闻出版局,包装装潢印刷品、其他印刷品印刷,苏洁彩
云浮市兴云东路233号,云城区事时兴印刷服务台部,"(粤)印证字4453000036","2018-04-11 00:00:00",云浮市文化广电新闻出版局,其他印刷品印刷,梁玉婵
云浮市云城区罗斗岗粮食仓库库区内山顶,云浮市永辉包装制品有限公司,"(粤)印证字4453000094","2018-04-01 00:00:00",云浮市文化广电新闻出版局,包装装潢印刷品印刷,廖露娇
新兴县新城镇沿江北路（坡边段,新兴县腾飞彩印有限公司,"(粤)印证字4453000090","2018-04-01 00:00:00",云浮市文化广电新闻出版局,包装装潢印刷品、其他印刷品印刷,顾海飞
郁南县都城镇建设路60号首层,郁南县新伟业印刷厂,"(粤)印证字4453000059","2018-04-01 00:00:00",云浮市文化广电新闻出版局,其他印刷品印刷,黎梅英
罗定市素龙凤西大榄岗,罗定市荣宇印刷厂,"(粤)印证字4453000077","2018-04-01 00:00:00",云浮市文化广电新闻出版局,其他印刷品印刷,谭荣宇
罗定市素龙街道桃李路27号,罗定市腾龙印刷厂,"(粤)印证字4453000070","2018-04-01 00:00:00",云浮市文化广电新闻出版局,其他印刷品印刷,唐国汉
新兴县新城镇城东路116号,新兴县教育印刷厂,"(粤)印证字4453000068","2018-04-01 00:00:00",云浮市文化广电新闻出版局,其他印刷品印刷,梁汉能
罗定市素龙街道潭井村委永安110号首层,罗定市定市建森印刷厂,"(粤)印证字4453000010","2018-04-01 00:00:00",云浮市文化广电新闻出版局,包装装潢印刷品、其他印刷品印刷,陈莉娜
罗定市素龙街七和村黎元碑村28号,罗定市明寰印刷厂,"(粤)印证字4453000080","2018-04-01 00:00:00",云浮市文化广电新闻出版局,其他印刷品印刷,梁碧琼
"新兴县六祖镇新郞村民委员会第三村民小组大山塘工业区号",新兴县洋溢印刷有限公司,"(粤)印证字4453000134","2018-04-01 00:00:00",云浮市文化广电新闻出版局,包装装潢印刷品印刷,梁锦定
"广东省云浮市云安区佛山（云浮）产业转移工业园区24号地块",云浮市焕盈泰印刷包装有限公司,"(粤)印证字4453000125","2018-04-01 00:00:00",云浮市文化广电新闻出版局,包装装潢印刷品印刷,黄春韶
"新兴县新城镇茅园新村后面（符前祠）（茅园社区居民委员会C卡厂房）"," 新兴县怡彩印刷有限公司 ","(粤)印证字4453000127","2018-04-28 00:00:00",云浮市文化广电新闻出版局,其他印刷品印刷,刘金华
云浮市区兴云西路46号,云浮市风采印刷,"(粤)印证字4453000042","2018-04-01 00:00:00",云浮市文化广电新闻出版局,其他印刷品印刷,叶颜青
"云浮市云城区锦锈路103号商铺之后座 ",云浮市瑞丰印刷厂,"(粤)印证字4453000126","2018-04-01 00:00:00",云浮市文化广电新闻出版局,其他印刷品印刷,莫国华
云浮市区建设北路102号,云浮市云城金山印刷厂,"(粤)印证字4453000043","2018-07-24 00:00:00",云浮市文化广电新闻出版局,其他印刷品印刷,区金勤
云浮市区星岩三路139号,云浮市新兴华印刷有限公司,"(粤)印证字4453000004","2018-04-01 00:00:00",广东省新闻出版广电局,出版物、包装装潢印刷品、其他印刷品印刷,温石兴
罗定市围底镇第一工业开发区,罗定市华圣塑料包装有限公司,"(粤)印证字4453000110","2018-04-01 00:00:00",云浮市文化广电新闻出版局,包装装潢印刷品,张法明
新兴县新城镇新成工业园内B1-05-07地块,新兴县荣华纸品有限公司,"(粤)印证字4453000103","2018-04-01 00:00:00",云浮市文化广电新闻出版局,包装装潢印刷品、其他印刷品印刷,梁建华
新兴县新城镇广兴大道20号,新兴县星光包装彩印有限公司,"(粤)印证字4453000087","2018-04-01 00:00:00",云浮市文化广电新闻出版局,包装装潢印刷品印刷,黄明亮
新兴县新城镇凤凰开发区（凤凰村委会大楼左侧）,新兴县振润印刷厂,"(粤)印证字4453000064","2018-04-01 00:00:00",云浮市文化广电新闻出版局,其他印刷品印刷,李志庆
新兴县新城镇东堤中路3号百合花园首层39号商铺,新兴县新城镇冠誉印刷厂,"(粤)印证字4453000124","2018-04-01 00:00:00",云浮市文化广电新闻出版局,其他印刷品印刷,钱雪江
郁南县都城镇城北三路2号,郁南县志业印刷厂,"(粤)印证字4453000062","2018-04-01 00:00:00",云浮市文化广电新闻出版局,其他印刷品印刷,傅红梅
新兴县勒竹镇良洞村五组,新兴县友好塑料包装厂,"(粤)印证字4453000111","2018-04-01 00:00:00",云浮市文化广电新闻出版局,包装装潢印刷品印刷,杜友好
郁南县都城镇城中西路115号,郁南县海新电脑印刷厂,"(粤)印证字4453000086","2018-04-01 00:00:00",云浮市文化广电新闻出版局,其他印刷品印刷,卢秀珍
新兴县新城镇黄岗大村屋背垌新洲大道侧,新兴县金润彩色塑印有限公司,"(粤)印证字4453000105","2018-04-01 00:00:00",云浮市文化广电新闻出版局,包装装潢印刷品、其他印刷品印刷,李广尧
新兴县新城镇大南路二龙岗136号,新兴县龙辉彩印包装有限公司,"(粤)印证字4453000026","2018-04-01 00:00:00",云浮市文化广电新闻出版局,包装装潢印刷品,黎二泉
罗定市龙都街,罗定市罗发印刷厂,"(粤)印证字4453000082","2018-04-01 00:00:00",云浮市文化广电新闻出版局,其他印刷品印刷,陈志锋
新兴县新城镇建设路96号之一,新兴县新城镇伟达印刷厂,"(粤)印证字4453000066","2018-04-01 00:00:00",云浮市文化广电新闻出版局,其他印刷品印刷,盘树坚
云浮市云城区东郊大哗肚原南方毛巾厂配电房,云浮市益利包装有限公司,"(粤)印证字4453000106","2018-04-01 00:00:00",云浮市文化广电新闻出版局,其他印刷品印刷,陈健英
新兴县太平镇下沙管理区杨福11队高垌西,新兴县彩虹塑印有限公司,"(粤)印证字4453000014","2018-04-01 00:00:00",云浮市文化广电新闻出版局,包装装潢印刷品、其他印刷品印刷,梁彩香
云浮市云城区街道状元头村二队37号卡一,云浮市云城区新雄印刷,"(粤)印证字4453000041","2018-04-01 00:00:00",云浮市文化广电新闻出版局,其他印刷品印刷,李锦兰
"新兴县新城镇二环东侧（新成工粘园B3-06地块房屋）",新兴县科浪印刷有限公司,"(粤)印证字4453000132","2018-04-01 00:00:00",云浮市文化广电新闻出版局,包装装潢印刷品、其他印刷品印刷,陈东生
云浮市河口镇建设路15-17号,云浮市云城区河口万事达印刷厂,"(粤)印证字4453000046","2018-04-01 00:00:00",云浮市文化广电新闻出版局,其他印刷品印刷,邓金强
新兴县新城镇黄岗大村,新兴县新城镇辉达印刷厂,"(粤)印证字4453000063","2018-04-01 00:00:00",云浮市文化广电新闻出版局,其他印刷品印刷,区太辉
云浮市区天鹅区宝马路东侧,云浮市宝马印刷有限公司,"(粤)印证字4453000109","2018-04-01 00:00:00",云浮市文化广电新闻出版局,包装装潢印刷品、其他印刷品印刷,黎耀华
"云浮市云城区锦绣路1号楼首层13号东边和西边（即云城区金华东横四巷7号东边",云城区鑫迪彩色印务中心,"(粤)印证字4453000102","2018-04-01 00:00:00",云浮市文化广电新闻出版局,其他印刷品印刷,邓家珍
罗定市附城街道新城区宝珠中路31号首层,罗定市新略印刷厂,"(粤)印证字4453000076","2018-04-01 00:00:00",云浮市文化广电新闻出版局,其他印刷品印刷,陈威章
罗定市素龙街七和村委水贵湾42号,罗定市华生印刷厂,"(粤)印证字4453000085","2018-04-01 00:00:00",云浮市文化广电新闻出版局,包装装潢印刷品印刷其他印刷品印刷、,谭何枝
"新兴县新城镇城东路116号 ",新兴县华丽源纸品有限公司,"(粤)印证字4453000017","2018-04-01 00:00:00",云浮市文化广电新闻出版局,包装装潢印刷品、其他印刷品印刷,梁新华
新兴县新城镇大南路二龙岗153号,新兴县新花印刷厂,"(粤)印证字4453000092","2018-04-01 00:00:00",云浮市文化广电新闻出版局,其他印刷品印刷,叶进尧
新兴县新城镇枫洞开发区,新兴县新城镇新丰华印刷厂,"(粤)印证字4453000089","2018-04-01 00:00:00",云浮市文化广电新闻出版局,其他印刷品印刷,欧仲泮
新兴县六祖镇官洞圩43号,新兴县六祖镇联兴印刷厂,"(粤)印证字4453000024","2018-04-01 00:00:00",云浮市文化广电新闻出版局,其他印刷品印刷,邱广安
云浮市云城区育华社区吉祥一路29号首层,云浮市益源广告部,"(粤)印证字4453000121","2018-04-01 00:00:00",云浮市文化广电新闻出版局,其他印刷品印刷,罗小靖
