F3070225300022_000023002,F3070225300022_000023003,F3070225300022_000023004,F3070225300022_000023005,F3070225300022_000023001
县属,郁南县都城镇十二岭,省级重点,卢杰元,"郁南县职业技术学校 "
县属,罗定市区工业三路23号（即五里桥附近）,民办,黎庆华,"罗定市培英中等职业学校 "
县属,新兴县六祖大道,民办,梁松焕,"新兴县南大职业技术学校 "
县属,罗定市戏院路59号,省级重点,李桃,"罗定市中等职业技术学校 "
市属,云浮市新兴县城区果园路,国家级重点、省示范性中职学校,黄福荫,"广东省新兴中药学校 "
县属,罗定市双东镇街道,民办,谢兆丰,"罗定电子工业学校 "
市属,云浮市云城区环市西路市教育园区内,省级重点,唐锋,"云浮市中等专业学校 "
县属,新兴县新城镇城西路,国家级重点,李达瑜,"新兴理工学校 "
