F3070225300022_000028001,F3070225300022_000028002
都城镇新世纪幼儿园,民办
新兴县簕竹镇榄根小学附属幼儿园,公办
云浮市云城区南盛镇英豪第五幼儿园,民办
河口镇中心幼儿园,公办
云浮市云城区金宝幼儿园,民办
桂圩镇中心幼儿园,公办
云浮市云城区振华幼儿园,民办
罗定市罗城街道清华园幼儿园,民办
罗定市船步镇新世纪幼儿园,民办
罗定市苹塘镇光明幼儿园,民办
罗城镇城南幼儿园,民办
榃卜幼儿园,民办
云浮市云安区石城镇小太阳幼儿园,民办
建城镇喜洋洋幼儿园,民办
云浮市云城区艺实幼儿园,民办
罗定市金鸡镇大垌幼儿园,公办
罗定市分界镇培星幼儿园,民办
罗定市罗平镇小太阳第二幼儿园,民办
罗定市附城街金凤凰幼儿园,民办
云浮市云城区南盛镇铁场幼儿园,民办
罗定市华石镇荔枝幼儿园,公办
平安幼儿园,民办
罗定市罗平镇向日葵幼儿园,民办
新兴县东成镇小天才幼儿园,民办
云浮市云城区小太阳幼儿园,民办
新兴县新城镇顺璟幼儿园,民办
都城镇君逸新星幼儿园,民办
新兴县新城镇长兴幼儿园,民办
罗平中心幼儿园,公办
罗定罗城天蓝幼儿园,民办
东坝镇龙翔幼儿园,民办
云浮市云城区童乐幼儿园,民办
新兴县水台镇金苹果幼儿园,民办
通门镇冲梅幼儿园,公办
围底涛廷幼儿园,民办
云浮市云安区六都镇中心幼儿园,公办
新兴县新城镇亿童幼儿园,民办
塘镇中心幼儿园,公办
云浮市云安区高村镇阳光幼儿园,民办
船步镇中心幼儿园,公办
素龙街大甲小学附属幼儿园,公办
罗定市罗城街道多宝幼儿园,民办
建城镇罗旁阳光幼儿园,民办
罗定市罗镜镇泷龙幼儿园,民办
云浮市云城区思劳镇冲坑幼儿园,民办
历洞镇中心幼儿园,公办
罗定市金鸡镇中心幼儿园,公办
船步镇云罗小学附属幼儿园,公办
罗定市素龙街道爱心幼儿园,民办
罗定市太平镇渡头幼儿园,民办
云浮市云城区前锋镇中心幼儿园,公办
云浮市第一幼儿园,公办
新兴县新城镇州背幼儿园,民办
罗定市罗镜镇新榕幼儿园,公办
罗定市罗平镇罗周围幼儿园,公办
罗定市金鸡镇石龙幼儿园,公办
桂圩镇罗顺童星幼儿园,民办
新兴县河头镇博雅幼儿园,民办
新兴县稔村镇坝塘幼儿园,民办
罗定市罗城第二幼儿园,公办
围底镇中心幼儿园,公办
新兴县里洞镇里江小学附属幼儿园,公办
苹塘镇谈礼村幼儿园,公办
云浮市云城区马岗幼儿园,公办
新兴县簕竹镇新星幼儿园,民办
罗定市罗平镇中心幼儿园榃感分园,公办
云浮市云城区骏翀幼儿园,民办
新兴县天堂镇喜洋洋幼儿园,民办
罗定市双东街道培英启迪幼儿园,民办
云浮市云城区安塘街道三都幼儿园,公办
苹塘镇龙吉村幼儿园,公办
素龙街埇表小学附属幼儿园,公办
罗定市罗城街道育才幼儿园,民办
罗镜镇彩虹幼儿园,民办
新兴县河头镇湾边小学附属幼儿园,公办
榃滨镇思理小学附属幼儿园,公办
云浮市云城区城市花园幼儿园,民办
建城镇罗旁英才幼儿园,民办
两塘镇北羌幼儿园,民办
罗定市太平镇启航幼儿园,民办
罗定市罗城街道全盛幼儿园,民办
新兴县新城镇第二幼儿园,公办
宝珠镇中心幼儿园,公办
罗定市附城街道春天幼儿园,民办
云浮市云安区富林镇中心幼儿园,公办
云浮市云城区星晖幼儿园,民办
都城镇幼儿园,民办
新兴县农科校附属幼儿园,民办
云浮市云城区华侨第二幼儿园,民办
新兴县稔村镇育英才幼儿园,民办
罗定市罗镜镇喜羊羊幼儿园,民办
罗定市金鸡镇小太阳幼儿园,民办
云浮市云城区向日葵幼儿园,民办
云浮市云城区蟠龙幼儿园,民办
云浮市云安区富林镇星群幼儿园,民办
罗定市太平镇华星幼儿园,民办
罗定市泗纶镇荣安幼儿园,公办
云浮市云城区育才幼儿园,民办
平台镇育才幼儿园,民办
新兴县里洞镇幼儿园,民办
新兴县翔顺中英文幼儿园,民办
太平育英幼儿园,民办
云浮市云城区河口香港海员希望幼儿园,公办
云浮市云城区爱儿幼儿园,民办
童心幼儿园,民办
罗城培英科艺幼儿园A区,民办
云浮市云城区东方幼儿园,民办
通门镇罗沙幼儿园,公办
连滩镇南国英才幼儿园,民办
云浮市云城区丰收幼儿园,民办
云浮市云城区南盛镇童声幼儿园,民办
罗定市龙湾镇中心幼儿园,公办
罗定市罗城街道鸿禧华庭幼儿园,民办
太平镇中心幼儿园,公办
云浮市云城区小宇宙幼儿园,民办
都城镇工业幼儿园,民办
罗城培英科艺幼儿园B区,民办
云浮市云城区金宝贝幼儿园,民办
新兴县船岗旭日幼儿园,民办
船步镇开阳幼儿园,民办
大方镇中心幼儿园,公办
都城镇中心幼儿园,公办
罗定市罗镜镇龙甘幼儿园,公办
云浮市云城区伟才幼儿园,民办
罗定市双东中心幼儿园,公办
罗定市太平镇腾笔幼儿园,公办
罗定市罗平镇双莲幼儿园,公办
云浮市云城区腰古镇幼儿园,民办
大湾镇中心幼儿园,公办
云浮市云城区宝宝幼儿园,民办
云浮市云城区恒星幼儿园,民办
罗定市罗镜镇元安幼儿园,民办
云浮市云城区英豪第一幼儿园,民办
罗定市黎少镇第二中心幼儿园,公办
罗定市附城街道名雅幼儿园,民办
罗定市黎少镇三家店幼儿园,公办
云浮市云城区恒大黄金幼儿园,民办
罗定泗纶镇中心幼儿园,公办
新兴县太平镇东方红幼儿园,民办
云浮市云城区腰古镇智多星幼儿园,民办
连滩镇蓝天幼儿园,民办
春蕾幼儿园,民办
千官镇中心幼儿园,公办
大湾镇金贝壳华艺幼儿园,民办
罗定市附城街道阳光天使幼儿园,民办
云浮市云安区白石镇中心幼儿园,公办
云浮市云城区云城街道中心幼儿园,公办
云浮市云安区都杨镇中心幼儿园,公办
云浮市云城区英豪第三幼儿园,民办
新兴县太平镇育儿幼儿园,民办
苹塘镇中心幼儿园,公办
罗定市龙湾镇旗山幼儿园,公办
云浮市云城区安塘街道童真幼儿园,民办
罗定市附城街道哈娃娃幼儿园,民办
连滩镇展学幼儿园,民办
新兴县商业幼儿园,民办
罗定市附城街中心幼儿园,公办
云浮市云安区安城幼儿园,民办
新兴县水台镇朝阳幼儿园,民办
新时代幼儿园,民办
云浮市云城区向日葵第一幼儿园,民办
素龙街桃子小学附属幼儿园,公办
云浮市云安区石城镇向日葵幼儿园,民办
新兴县大江镇逸夫小学附属幼儿园,公办
职业技术学校特蕾新幼儿园,民办
罗定市附城街清华园幼儿园,民办
罗定市加益镇中心幼儿园,公办
云浮市云安区华立狮宝宝幼儿园,民办
罗定市罗城镇蓓蕾幼儿园,民办
罗定市罗城街道阳光幼儿园,民办
云浮市云城区腰古镇中心幼儿园,公办
新兴县东成镇东瑶小学附属幼儿园,公办
罗定市罗镜镇红光幼儿园,公办
新兴县六祖镇夏卢小学附属幼儿园,公办
罗定市连州中心幼儿园,公办
大方镇大方幼儿园,民办
云浮市云城区阳光豪庭幼儿园,民办
云浮市云城区三好幼儿园,民办
云浮市云安区石城镇育苗幼儿园,民办
罗定市罗镜镇东盛幼儿园,民办
东方艺术幼儿园,民办
罗定市船步镇廻龙圩幼儿园,民办
新兴县太平镇中心小学附属中心幼儿园,公办
云浮市云城区乐贝尔现代幼儿园,民办
云浮市云安区富林镇英桥幼儿园,民办
围底英才幼儿园,民办
罗定市苹塘镇墩仔村幼儿园,公办
罗平镇明日之星幼儿园,民办
云浮市云城区安塘街道白村幼儿园,民办
云浮市云城区南盛镇七洞小学附属幼儿园,公办
云浮市云城区思劳镇中心幼儿园,公办
围底镇金宝贝幼儿园,民办
千官镇双龙幼儿园,民办
云浮市云城区阳光幼儿园,民办
云浮市云城区培基幼儿园,民办
新兴县精英幼儿园,民办
云浮市云安区镇安镇河景湾幼儿园,民办
云浮市云城区河口街中心幼儿园初城分园,公办
都城镇曙光双语艺术幼儿园,民办
罗定市船步镇东升幼儿园,民办
罗定市罗城街道龙岗花苑幼儿园,民办
罗定市分界镇智多星幼儿园,民办
云浮市云安区高村镇中心幼儿园,公办
罗平小太阳幼儿园,民办
罗定市罗城街道哈娃娃幼儿园,民办
通门镇通门幼儿园,民办
云浮市云城区腰古镇水东幼儿园,民办
云浮市云城区高峰街道中心幼儿园,公办
华石中心幼儿园,公办
素龙街中心幼儿园,公办
罗定市连州镇万车幼儿园,民办
新兴县实验小学附属幼儿园,公办
云浮市云城区河口街道启星幼儿园,民办
罗定市分界镇中心幼儿园,公办
云浮市云城区安塘街道中心幼儿园,公办
云浮市云城区瑞峰幼儿园,民办
云浮市云安区都杨镇石巷幼儿园,民办
罗定市太平镇永和幼儿园,民办
新兴县科技园百合幼儿园,民办
榃滨镇喜洋洋幼儿园,民办
宝珠镇宝珠幼儿园,民办
连州镇五和幼儿园,公办
宝乐IEPC幼儿园,民办
东坝镇中心幼儿园,公办
罗城培英童的梦幼儿园,民办
新兴县天堂镇第十营小学附属幼儿园,公办
新兴县新城镇第三幼儿园,公办
新兴县六祖镇启航幼儿园,民办
罗定市黎少镇向阳幼儿园,民办
船步镇明日之星幼儿园,民办
云浮市云城区教师进修学校附属幼儿园,公办
罗定市素龙街道东方格林幼儿园,民办
连滩镇中心幼儿园,公办
罗定市素龙街道培英博艺幼儿园,民办
罗定市泗纶镇都门片明镜幼儿园,公办
新兴县城市花园幼儿园,民办
罗定市素龙街沙步小学附设幼儿园,公办
罗定市罗镜镇中心幼儿园,公办
潭井幼儿园,民办
新兴县新城镇天天幼儿园,民办
新兴县星星幼儿园,民办
罗定市金鸡镇小自强幼儿园,民办
宋桂镇宋桂幼儿园,民办
云浮市云城区安塘街道爱上幼儿园,民办
云浮市云城区星岩幼儿园,民办
云浮市云安区都杨镇杨柳幼儿园,民办
罗定市加益镇合江幼儿园,公办
建城镇爱心幼儿园,民办
新兴县实验幼儿园,民办
新兴县里洞镇中心小学附属幼儿园,公办
大湾镇欢乐幼儿园,民办
罗定市船步镇贝贝乐幼儿园,民办
罗定市附城街新乐中心幼儿园,公办
都城镇百合星湖幼儿园,民办
城西综艺幼儿园,民办
云浮市云城区英桥电厂幼儿园,民办
罗定市幼儿园,公办
云浮市云安区镇安中心幼儿园,公办
连州镇云致幼儿园,公办
罗定市黎少镇芳春幼儿园,公办
云浮市云城区鹏石爱心幼儿园,民办
云浮市云城区竹园幼儿园,民办
罗定市罗城街道博思幼儿园,民办
罗定市龙湾镇宝穗幼儿园,民办
云浮市云安区镇安镇小天使幼儿园,民办
云浮市云城区河口街道幼儿园,民办
云浮市云城区机关幼儿园,公办
平台镇小太阳幼儿园,民办
罗定市罗平镇花苑幼儿园,民办
云浮市云安区都杨镇英豪第二幼儿园,民办
罗定市素龙街道泷江幼儿园,民办
云浮市云安区富林镇童心幼儿园,民办
桂圩镇世纪育才幼儿园,民办
云浮市云城区河口街道红光幼儿园,民办
千官镇大全中心幼儿园,公办
河口镇小精灵幼儿园,民办
罗定市罗城街道朵朵幼儿园,民办
罗定市连州镇金太阳幼儿园,民办
新兴县北大垌艺术幼儿园,民办
榃滨镇中心幼儿园,公办
新兴县集成集华幼儿园,民办
新兴县稔村镇中心小学附属幼儿园,公办
罗定市船步镇阳光宝贝幼儿园,民办
云浮市云城区华侨幼儿园,民办
南江口镇中心幼儿园,公办
泗纶镇旭日幼儿园,民办
云浮市云城区亿童幼儿园,民办
罗定市黎少镇金苹果幼儿园,民办
新兴县稔村镇蓝天幼儿园,民办
云浮市云安区都杨镇仙菊幼儿园,民办
郁城镇南国英才幼儿园,民办
云浮市云城区兴华幼儿园,民办
罗城金色摇篮幼儿园,民办
云安区都杨镇乐童幼儿园,民办
星星幼儿园,民办
罗定市新榕红英幼儿园,民办
罗定市双东街道大众幼儿园,民办
云浮市云城区南盛镇横岗小学附属幼儿园,公办
云浮市云城区东安艺术幼儿园,民办
新兴县太平镇天天乐幼儿园,民办
永红幼儿园,公办
新兴县东成镇童星幼儿园,民办
金晖幼儿园,民办
云浮市云安区都杨镇明智幼儿园,民办
建城镇中心幼儿园,公办
罗定市罗城街道小贝尔幼儿园,民办
船步镇东园小学附设幼儿园,公办
新兴县祥利幼儿园,民办
云浮市云城区三眼塘幼儿园,民办
云浮市云城区育华幼儿园,民办
云浮市云城区思劳镇喜洋洋幼儿园,民办
新兴县太平镇育英幼儿园,民办
罗定市罗城第三幼儿园,公办
新兴县太平镇中黄幼儿园,民办
云浮市云城区申浩幼儿园,民办
南江口镇清华幼儿园,民办
云浮市云安区都杨镇新苗幼儿园,民办
罗城东方明珠幼儿园,民办
新兴县翔顺实验学校附属幼儿园,公办
云浮市云安区石城镇英才幼儿园,民办
云浮市云城区城北实验幼儿园,民办
罗定市素龙街道金星幼儿园,民办
罗定市水电幼儿园,民办
新兴县新城镇陇塘幼儿园,民办
罗定市双东街道创思幼儿园,民办
云浮市云城区腰古镇世纪幼儿园,民办
新兴县建兴幼儿园,民办
云浮市云城区河口街道新岗幼儿园,民办
云浮市云城区培英云硫幼儿园,民办
宋桂镇中心幼儿园,公办
云浮市云城区博雅幼儿园,民办
云浮市云城区安安幼儿园,民办
新兴县天堂镇内中幼儿园,民办
罗定市船步镇小童星幼儿园,民办
罗定市塘镇东方红幼儿园,民办
太平童星幼儿园,民办
云浮市云城区河口街道云龙幼儿园,民办
罗定电子工业学校附属幼儿园,民办
新兴县水台镇布茅小学附属幼儿园,公办
云浮市云城区安塘街第一幼儿园,民办
新兴县簕竹镇中标幼儿园,民办
云浮市云城区南盛镇桐岗小学幼儿园,公办
新兴县车岗镇公安堡小学附属幼儿园,公办
生江镇花朵幼儿园,民办
罗定市都门升平村幼儿园,公办
云浮市云安区六都镇南乡幼儿园,民办
桂圩镇启慧幼儿园,民办
云浮市云城区童之梦幼儿园,民办
云浮市云城区千子星幼儿园,民办
新兴县新城镇天星幼儿园,民办
罗平镇宝贝乐幼儿园,民办
罗定市华石镇天艺幼儿园,民办
新兴县东成镇中心幼儿园,公办
云浮市云城区思劳镇童真第二幼儿园,民办
云浮市云安区机关幼儿园,民办
南江口镇幸福幼儿园,民办
云浮市云城区名豪幼儿园,民办
罗定市素龙街道艳阳幼儿园,民办
罗定市加益镇排阜幼儿园,民办
罗镜镇泷苗幼儿园,民办
罗定市罗城街道培英新星幼儿园,民办
新兴县天堂镇小太阳幼儿园,民办
桂圩镇华英幼儿园,民办
云浮市云城区安塘街道红营幼儿园,公办
河口镇爱弥儿幼儿园,民办
云浮市云城区扬帆幼儿园,民办
罗定市连州镇宝贝幼儿园,民办
罗城镇东方幼儿园,民办
罗定市罗平镇沙幼儿园,民办
云浮市云城区前锋镇罗坪小学附属幼儿园,公办
云浮市云城区育苗幼儿园,民办
云浮市云安区石城镇中心幼儿园,公办
历洞镇敬修校幼儿园,民办
罗定市两塘镇童乐幼儿园,民办
罗定市附城街道启明星幼儿园,民办
罗城镇小天地幼儿园,民办
罗城镇泷洲幼儿园,民办
罗定市双东街道童景幼儿园,民办
罗镜镇威威幼儿园,民办
喜耀粤西幼儿园,民办
罗定市罗城街道培英幼儿园,民办
东坝镇龙塘幼儿园,公办
云浮市云城区前锋镇小太阳幼儿园,民办
云浮市云城区南盛镇永航幼儿园,民办
云浮市云城区艺鸣幼儿园,民办
新兴县六祖镇船岗小学附属幼儿园,公办
云浮市云城区明德幼儿园,民办
云浮市云城区育英幼儿园,民办
罗定市素龙街道活力幼儿园,民办
云浮市云城区前锋镇童韵幼儿园,民办
新兴县车岗镇童之星幼儿园,民办
罗定市罗城街道城东社区幼儿园,民办
新兴县集成爱心幼儿园,民办
新兴县新城镇华侨幼儿园,民办
云浮市云城区小贝尔幼儿园,民办
云浮市云城区博思第一幼儿园,民办
罗定泗纶镇群星幼儿园,民办
平台镇中心幼儿园,公办
云浮市云城区洋洋幼儿园,民办
云浮市云城区天恩幼儿园,民办
云浮市云城区南盛镇英豪第六幼儿园,民办
素龙街七和小学附属幼儿园,公办
云浮市云安区白石镇小精灵幼儿园,民办
生江镇中心幼儿园,公办
云浮市云城区南盛镇中心幼儿园,公办
千官镇千幼幼儿园,民办
东坝镇喜灵幼儿园,民办
连滩镇展学幼儿园西坝分园,民办
云浮市云安区都杨镇大播幼儿园,民办
新兴县新城镇第一幼儿园,公办
通门镇中心幼儿园,公办
云浮市云城区启航幼儿园,民办
云浮市云安区白石镇白石幼儿园,民办
新兴县六祖镇官洞小学附属幼儿园,公办
河口镇廖木新幼儿园,公办
罗定市两塘镇两东幼儿园,民办
云浮市云城区育正幼儿园,民办
罗平向阳幼儿园,民办
罗定市太平镇蓝天幼儿园,民办
塘明珠幼儿园,民办
云浮市云城区安塘街布贯幼儿园,公办
云浮市云城区启稚幼儿园,民办
