F3070225300050_000011003,F3070225300050_000011002,F3070225300050_000011005,F3070225300050_000011004,F3070225300050_000011001,F3070225300050_000011007,F3070225300050_000011006
"危险化学品：硫酸：1.工业硫酸：（1）浓硫酸（优等品）（生产）",广东省云浮市云安区六都镇黄湾村大坑村,"2016-06-23 00:00:00","(粤)XK13-015-00011",云浮市创东化工有限公司,危险化学品,"2021-06-22 00:00:00"
水泥：白色硅酸盐水泥,罗定市金鸡镇大岗村,"2015-11-04 00:00:00",XK08-001-04664,罗定市金昌白水泥有限公司,水泥,"2020-11-03 00:00:00"
"危险化学品：硫酸：1.工业硫酸：（1）浓硫酸（一等品）",广东省云浮市云安区六都镇,"2016-06-12 00:00:00","(粤)XK13-015-00029",云浮市宝利硫酸有限责任公司,危险化学品,"2021-06-11 00:00:00"
磷肥,"广东省云浮市云城区高峰街星岩四路51号四楼（硫铁矿集团办公楼内）/云安区六都镇冬城硫化工基地","2016-08-09 00:00:00","(粤)XK13-002-00009",广东广业云硫矿业有限公司,化肥,"2021-08-08 00:00:00"
"水泥：通用水泥52.5R ",云浮市云安县六都镇冬城村,"2013-12-24 00:00:00",XK08-001-05775,"青洲水泥(云浮)有限公司",水泥,"2018-12-23 00:00:00"
复肥:1.有机-无机复混肥料,广东省云浮市新兴县簕竹镇红光村居委会开发区1号,"2014-01-26 00:00:00","(粤)XK13-001-00091",广东润田肥业有限公司,化肥,"2019-01-25 00:00:00"
水泥：通用水泥42.5R,广东省云浮市云安县六都镇南乡,"2018-06-06 00:00:00",XK08-001-00341,云浮市新云鹰水泥有限责任公司,水泥,"2023-11-13 00:00:00"
危险化学品：溶解乙炔,云浮市云城区腰古镇郊,"2014-07-14 00:00:00","(粤)XK13-005-00036",云浮市古东乙炔气厂,危险化学品,"2019-07-13 00:00:00"
1.通用试剂：（1）硫酸（I）（生产）,"云浮市云城区高峰街（原云硫集团基建处）/云浮市云安区六都镇冬城管理区","2016-06-23 00:00:00","(粤)XK13-011-00040",云浮联发化工有限公司,危险化学品,"2021-06-22 00:00:00"
"水泥：通用水泥42.5R ",广东省云浮市云安县六都镇黄湾村大坑村,"2017-07-04 00:00:00",XK08-001-05510,云浮市创东化工有限公司,水泥,"2022-07-19 00:00:00"
危险化学品：脂松节油（优级、一级）,云安县白石镇工业开发区,"2016-10-21 00:00:00","(粤)XK13-014-00056",云浮市林兴林化有限公司,危险化学品,"2019-09-15 00:00:00"
"氯酸盐
工业氯酸钠，生产","郁南县大湾镇工业园区B02（地号：22120806772）","2018-03-01 00:00:00","(粤)XK13-006-00043",广东鑫国泰科技有限公司,危险化学品,"2023-02-28 00:00:00"
"危险化学品：氯碱:漂白粉  B-28",罗定市？塘镇马鞍山钙盐厂场,"2013-06-08 00:00:00","(粤)XK13-008-00005",罗定市飞龙钙盐化工有限公司,危险化学品,"2018-06-07 00:00:00"
危险化学品：脂松节油（一级）,罗定市黎少镇榃濮头陂村,"2013-05-23 00:00:00","(粤)XK13-014-00034",罗定市周生林产化工厂,危险化学品,"2018-05-22 00:00:00"
"危险化学品：硫酸：1.工业硫酸：（1）浓硫酸（一等品）",广东省云浮市云安县六都镇复兴路,"2016-06-01 00:00:00",（粤）XK13-015-00028,云浮市业华化工有限公司,危险化学品,"2021-05-31 00:00:00"
"水泥：通用水泥52.5R ",云浮市罗定市？塘镇,"2015-11-30 00:00:00",XK08-001-06190,"华润水泥(罗定)有限公司",水泥,"2020-11-29 00:00:00"
"1.水泥：通用水泥42.5R 2.硅酸盐水泥熟料",郁南县南江口镇南渡村南渡经济社,"2017-10-25 00:00:00",XK08-001-06515,郁南鸿运水泥有限公司,水泥,"2022-10-24 00:00:00"
储存用钢罐体（不少于500L）,"广东省云浮市云安区佛山（云浮）产业转移工业园122号","2016-04-29 00:00:00",（粤）XK12-001-21001,广东托肯力源石油工业科技有限公司,危险化学品包装物、容器,"2021-04-28 00:00:00"
"锤片式饲料粉碎机，SFSP系列，转子工作直径＞450mm",广东省云浮市新兴县新城镇下坪村,"2015-09-21 00:00:00","XK06-013-00749 ",新兴县科联机械有限公司,饲料粉碎机械,"2020-09-20 00:00:00"
"危险化学品：硫酸：1.工业硫酸：（1）浓硫酸（一等品）","广东省云浮市云城区高峰街星岩四路51号四楼（硫铁矿集团办公楼内）/云安县六都镇冬城硫化工基地","2016-08-03 00:00:00","(粤)XK13-015-00030",广东广业云硫矿业有限公司,危险化学品,"2021-08-02 00:00:00"
水泥？：通用水泥52.5R,云浮市云安县六都经济开发区,"2014-07-04 00:00:00",XK08-001-03230,广东亨达利水泥厂有限公司,水泥,"2019-07-03 00:00:00"
水泥：白色硅酸盐水泥,罗定市罗平镇雀儿顶,"2015-04-24 00:00:00","XK08-001-04187 ",罗定市银雀特种水泥有限公司,水泥,"2020-04-23 00:00:00"
"危险化学品：化学试剂：通用试剂： 硫酸（Ⅱ ）生产",云浮市云安县六都镇黄湾村,"2015-12-20 00:00:00","(粤)XK13-011-00037",云浮市金泰化工有限公司,危险化学品,"2020-12-09 00:00:00"
危险化学品：脂松节油（一级）,云安县六都镇工业区,"2013-06-20 00:00:00","(粤)XK13-014-00036",云浮市晟达松脂化工（厂）有限公司,危险化学品,"2018-06-19 00:00:00"
"水泥：通用水泥52.5R ",云浮市云城区高峰镇,"2012-12-17 00:00:00",XK08-001-00084？,广东广信青洲水泥有限公司,水泥,"2017-12-16 00:00:00"
"1.硫酸：(1)工业硫酸：浓硫酸（一等品）(2)蓄电池用硫酸 浓硫酸（一等品）",云浮市云安县六都镇黄湾村,"2017-08-25 00:00:00","(粤)XK13-006-00039？",云浮市金泰化工有限公司,危险化学品,"2022-08-24 00:00:00"
危险化学品：脂松节油（一级）,广东省云浮市罗定市船步镇芹菜塘,"2013-06-20 00:00:00","(粤)XK13-014-00038",罗定市伟兴林产化工有限公司,危险化学品,"2018-06-19 00:00:00"
人造板：中密度纤维板,广东省云浮市郁南县南江口镇下咀村开发区,"2012-05-22 00:00:00","(粤)XK03-002-00284",云浮市贞英木业有限公司,人造板,"2022-09-06 00:00:00"
"水泥：通用水泥52.5R ",广东省云浮市罗定市苹塘镇墩仔村,"2017-07-04 00:00:00","XK08-001-05546 ",中材罗定水泥有限公司,水泥,"2022-08-31 00:00:00"
人造板：中密度纤维板,云浮市罗定市围底镇文岗村黄烟场工业区,"2015-11-25 00:00:00","(粤)XK03-002-00555",罗定绿源人造板有限公司,人造板,"2020-11-24 00:00:00"
"危险化学品：脂松节油（优级）、（α-蒎烯、95）、（β-蒎烯、95）",新兴县新城镇下坪村白石坑,"2014-05-12 00:00:00","(粤)XK13-014-00054",新兴县华实松香生产基地有限公司,危险化学品,"2019-05-11 00:00:00"
危险化学品：脂松节油（一级）,云浮市云城区高峰街彩营村委罗冲村狮子山口,"2015-10-27 00:00:00","(粤)XK13-014-00066",云浮市丰盛林产化工有限公司,危险化学品,"2020-10-26 00:00:00"
1.水泥：通用水泥52.5R；2.硅酸盐水泥熟料,广东云浮云安县六都镇南丰工业区,"2017-07-14 00:00:00",XK08-001-05530,中材享达水泥有限公司,水泥,"2022-07-13 00:00:00"
"危险化学品：硫酸：1.工业硫酸：（1）浓硫酸（一等品）",云浮市云安县六都镇富兴路,"2015-02-06 00:00:00","(粤)XK13-015-00024",广东惠云钛业股份有限公司,危险化学品,"2020-02-05 00:00:00"
水泥：通用水泥52.5R,广东省云浮市云安县六都镇白沙塘工业区,"2017-01-09 00:00:00",XK08-001-05339,中材天山（云浮）水泥有限公司,水泥,"2022-01-18 00:00:00"
危险化学品：脂松节油（一级）,罗定市榃滨镇思甲口,"2013-09-16 00:00:00","(粤)XK13-014-00046",罗定市新邦林产化工有限公司,危险化学品,"2018-09-15 00:00:00"
