F3070225300022_000027001,F3070225300022_000027004,F3070225300022_000027002,F3070225300022_000027003
苹塘镇中心小学墩仔教学点,陈华东,广东省云浮市罗定市苹塘镇墩仔村委会,罗定市苹塘镇
河口镇回龙教学点,张金德,广东省云浮市郁南县河口镇回龙村委会,郁南县河口镇
罗定市泗纶镇都门中心小学,唐家汉,广东省云浮市罗定市泗纶镇都门村委会,罗定市泗纶镇
连州镇中心小学官田教学点,郭振华,广东省云浮市罗定市连州镇官田村委会,罗定市连州镇
通门镇罗沙教学点,莫扬,广东省云浮市郁南县通门镇罗沙村委会,郁南县通门镇
建城镇中心小学,冯金生,广东省云浮市郁南县建城镇建城居委会,郁南县建城镇
南江口镇双冲教学点,李耀强,广东省云浮市郁南县南江口镇双冲村委会,郁南县南江口镇
大湾镇迳口教学点,王嘉,广东省云浮市郁南县大湾镇迳口村委会,郁南县大湾镇
围底镇中心小学,辛水兴,广东省云浮市罗定市围底镇围底五华村委会,罗定市围底镇
新兴县新城镇桥亭教学点,麦斯燕,广东省云浮市新兴县新城镇桥亭社区居民委员会,新兴县新城镇
大湾镇榃蓬教学点,邓凯荣,广东省云浮市郁南县大湾镇覃蓬村委会,郁南县大湾镇
平台镇妙门教学点,聂琼容,广东省云浮市郁南县平台镇妙门村委会,郁南县平台镇
罗定市加益镇中心小学,黄树生,广东省云浮市罗定市加益镇加益居委会,罗定市加益镇
南江口镇莲塘教学点,李耀强,广东省云浮市郁南县南江口镇古蓬村委会,郁南县南江口镇
泗纶镇都门片中心小学和合教学点,黄其海,广东省云浮市罗定市泗纶镇和合村委会,罗定市泗纶镇
太平镇中心小学东良教学点,罗立荣,广东省云浮市罗定市太平镇东良村委会,罗定市太平镇
连滩镇上桥教学点,黄灿雄,广东省云浮市郁南县连滩镇上桥村委会,郁南县连滩镇
罗平镇中心小学泗盆教学点,陈方涛,广东省云浮市罗定市罗平镇泗盆村委会,罗定市罗平镇
附城街中心小学罗溪教学点,李灿明,广东省云浮市罗定市附城街道罗溪村委会,罗定市附城街道
云浮市云城区腰古镇联强小学,李汝刚,广东省云浮市云城区腰古镇联强村民委员会,云城区腰古镇
生江镇中心小学石氹教学点,赖志南,广东省云浮市罗定市生江镇里午村委会,罗定市生江镇
新兴县里洞镇黄窝教学点,区显松,广东省云浮市新兴县里洞镇黄窝村民委员会,新兴县里洞镇
罗平镇中心小学榃阳教学点,谢绍端,广东省云浮市罗定市罗平镇潭阳村委会,罗定市罗平镇
苹塘镇中心小学新冲教学点,李卓坤,广东省云浮市罗定市苹塘镇良官村委会,罗定市苹塘镇
云浮市云城区腰古镇芙蓉小学,程树深,广东省云浮市云城区腰古镇芙蓉村民委员会,云城区腰古镇
围底镇中心小学陀埇教学点,朱毅才,广东省云浮市罗定市围底镇陀冲村委会,罗定市围底镇
云浮市第三小学,潘志勇,广东省云浮市云城区云城街道丰收村民委员会,云城区云城街道
河口镇榃栋教学点,钟天华,广东省云浮市郁南县河口镇和都村委会,郁南县河口镇
塘镇中心小学红星教学点,何灿南,广东省云浮市罗定市满塘镇红星村委会,罗定市满塘镇
东坝镇人和教学点,余辉梅,广东省云浮市郁南县东坝镇粗石村委会,郁南县东坝镇
云浮市云安区高村镇金山小学,陈镜秋,广东省云浮市云安县高村镇金山村委会,云安区高村镇
都城镇中心小学,许光祺,广东省云浮市郁南县都城镇中山居委会,郁南县都城镇
分界镇中心小学罗光教学点,黄小英,广东省云浮市罗定市分界镇罗光村委会,罗定市分界镇
建城镇内迳教学点,梁文雄,广东省云浮市郁南县建城镇东一村委会,郁南县建城镇
云浮市云安区都杨镇杨柳小学,冯振明,广东省云浮市云安区都杨镇金鱼沙村民委员会,云安区都杨镇
云浮市云安区高村镇佛洞小学,林树深,广东省云浮市云安县高村镇佛洞村委会,云安区高村镇
太平镇中心小学光弟教学点,陈志莲,广东省云浮市罗定市太平镇腾笔村委会,罗定市太平镇
加益镇中心小学旺水教学点,王以金,广东省云浮市罗定市加益镇旺水村委会,罗定市加益镇
新兴县东成镇思本教学点,黎国新,广东省云浮市新兴县东成镇思本村民委员会,新兴县东成镇
桂圩镇丁村教学点,陆立明,广东省云浮市郁南县桂圩镇丁村村委会,郁南县桂圩镇
新兴县东成镇三村教学点,叶石铭,广东省云浮市新兴县东成镇三村村民委员会,新兴县东成镇
罗定市生江镇中心小学,梁火生,广东省云浮市罗定市生江镇双脉村委会,罗定市生江镇
榃滨镇中心小学思甲教学点,黄宪成,广东省云浮市罗定市林滨镇思甲村委会,罗定市林滨镇
云浮市云城区安塘布贯小学,莫金旺,广东省云浮市云城区安塘街道布贯村民委员会,云城区安塘街道
苹塘镇中心小学路获教学点,邓活光,广东省云浮市罗定市苹塘镇桐油村委会,罗定市苹塘镇
新兴县车岗镇公安堡小学,苏冠聪,广东省云浮市新兴县车岗镇蕨村村民委员会,新兴县车岗镇
罗城南区小学,刘华莲,广东省云浮市罗定市罗城街道南区居委会,罗定市罗城街道
新兴县大江镇梭郎小学,梁培秀,广东省云浮市新兴县大江镇梭朗村民委员会,新兴县大江镇
云浮市云城区前锋镇增村小学,戴少锋,广东省云浮市云城区前锋镇增村村委会,云城区前锋镇
金鸡镇中心小学苹塘教学点,黎鉴清,广东省云浮市罗定市金鸡镇坪塘村委会,罗定市金鸡镇
素龙街中心小学潭井教学点,陈明权,广东省云浮市罗定市素龙街道潭井村委会,罗定市素龙街道
新兴县太平镇禤村小学,"苏  海",广东省云浮市新兴县太平镇禤村村民委员会,新兴县太平镇
宋桂镇茆岭教学点,谢金清,广东省云浮市郁南县宋桂镇茆岭村委会,郁南县宋桂镇
新兴县天堂镇五一小学,陆浪锋,广东省云浮市新兴县天堂镇五一村民委员会,新兴县天堂镇
新兴县大江镇逸夫小学,黄永友,广东省云浮市新兴县大江镇合河村民委员会,新兴县大江镇
生江镇中心小学谢琼生教学点,廖飞燕,广东省云浮市罗定市生江镇安全村委会,罗定市生江镇
新兴县稔村镇双阳教学点,陈国桩,广东省云浮市新兴县稔村镇双阳村民委员会,新兴县稔村镇
云浮市云城区思劳镇黄联小学,潘桂洪,广东省云浮市云城区思劳镇云贡村民委员会,云城区思劳镇
建城镇园山教学点,程锦坚,广东省云浮市郁南县建城镇便民村委会,郁南县建城镇
云浮市云安区石城镇中心小学,黄桂元,广东省云浮市云安区石城镇先锋村委会,云安区石城镇
新兴县天堂镇五东教学点,龙立强,广东省云浮市新兴县天堂镇五东村民委员会,新兴县天堂镇
连州镇中心小学圩头教学点,郑敏霞,广东省云浮市罗定市连州镇古榄村委会,罗定市连州镇
千官镇均荣教学点,陈学军,广东省云浮市郁南县千官镇均荣村委会,郁南县千官镇
新兴县河头镇湾中教学点,练桂州,广东省云浮市新兴县河头镇湾中村民委员会,新兴县河头镇
罗镜镇中心小学镜星教学点,张富强,广东省云浮市罗定市罗镜镇镜西村委会,罗定市罗镜镇
云浮市云城区安塘红营小学,毛世宁,广东省云浮市云城区安塘街道红营村民委员会,云城区安塘街道
塘镇中心小学平石教学点,陈永新,广东省云浮市罗定市满塘镇平石村委会,罗定市满塘镇
平台镇在田教学点,梁桂彬,广东省云浮市郁南县平台镇在田村委会,郁南县平台镇
加益镇中心小学鳌头教学点,王柏飞,广东省云浮市罗定市加益镇鳌头村委会,罗定市加益镇
新兴县里洞镇梧洞教学点,梁阳波,广东省云浮市新兴县里洞镇梧洞村民委员会,新兴县里洞镇
罗平镇中心小学榃东教学点,黎庆芳,广东省云浮市罗定市罗平镇潭东村委会,罗定市罗平镇
云浮市云安区镇安镇术尾小学,李树明,广东省云浮市云安区镇安镇公安村委会,云安区镇安镇
太平镇中心小学潭白第二教学点,梁雄汉,广东省云浮市罗定市太平镇潭白村委会,罗定市太平镇
榃滨镇中心小学湴田教学点,刘庆芳,广东省云浮市罗定市林滨镇办田村委会,罗定市林滨镇
云浮市云城区前锋镇福龙小学,罗锦焕,广东省云浮市云城区前锋镇围仔村委会,云城区前锋镇
南江口镇平罗教学点,李耀强,广东省云浮市郁南县南江口镇平罗村委会,郁南县南江口镇
罗平镇中心小学沙头教学点,梁福权,广东省云浮市罗定市罗平镇沙头村委会,罗定市罗平镇
新兴县天堂镇第十营小学,梁尚亮,广东省云浮市新兴县天堂镇龙坪村民委员会,新兴县天堂镇
云浮市云安区石城镇留洞小学,张桂新,广东省云浮市云安区石城镇留洞村委会,云安区石城镇
船步镇中心小学凤凰教学点,邓奕,广东省云浮市罗定市船步镇船东村委会,罗定市船步镇
南江口镇甜源教学点,李耀强,广东省云浮市郁南县南江口镇下咀村委会,郁南县南江口镇
罗镜镇中心小学雅两教学点,叶洪才,广东省云浮市罗定市罗镜镇大平岗村委会,罗定市罗镜镇
塘镇中心小学罗阳教学点,刘超明,广东省云浮市罗定市满塘镇罗阳村委会,罗定市满塘镇
太平镇中心小学腾笔教学点,刘志艳,广东省云浮市罗定市太平镇腾笔村委会,罗定市太平镇
新兴县车岗镇楪村教学点,黄冠华,广东省云浮市新兴县车岗镇楪村村民委员会,新兴县车岗镇
连滩镇珠岗教学点,黄爱学,广东省云浮市郁南县连滩镇连溪村委会,郁南县连滩镇
宋桂镇马安教学点,江灿波,广东省云浮市郁南县宋桂镇马安村委会,郁南县宋桂镇
双东街中心小学六竹教学点,唐高涛,广东省云浮市罗定市双东镇街道六竹村委会,罗定市双东镇街道
云浮市云安区六都镇中心小学,李芹多,广东省云浮市云安区六都镇六都村委会,云安区六都镇
新兴县稔村镇高村小学,赵国东,广东省云浮市新兴县稔村镇高村村民委员会,新兴县稔村镇
罗平镇中心小学古勇教学点,陈业钦,广东省云浮市罗定市罗平镇古勇村委会,罗定市罗平镇
东坝镇石咀教学点,林光荣,广东省云浮市郁南县东坝镇石咀村委会,郁南县东坝镇
附城街新乐片中心小学天策教学点,蔡桂才,广东省云浮市罗定市附城街道天策村委会,罗定市附城街道
龙湾镇中心小学南充教学点,黄兵,广东省云浮市罗定市龙湾镇南充村委会,罗定市龙湾镇
云浮市第五小学,陈亮星,广东省云浮市云城区云城街道城北村民委员会,云城区云城街道
新兴县太平镇王香地小学,罗国雄,广东省云浮市新兴县太平镇王香地村民委员会,新兴县太平镇
新兴县新城镇枫洞小学,梁炎秋,广东省云浮市新兴县新城镇枫洞社区居民委员会,新兴县新城镇
桂圩镇螺村教学点,谢建才,广东省云浮市郁南县桂圩镇螺村村委会,郁南县桂圩镇
船步镇中心小学大围教学点,彭文章,广东省云浮市罗定市船步镇大围村委会,罗定市船步镇
新兴县六祖镇新民教学点,王兴仁,新兴县六祖镇塔脚村委上朝村,新兴县六祖镇
新兴县天堂镇中心小学,黄少武,广东省云浮市新兴县天堂镇荣华社区居民委员会,新兴县天堂镇
罗平镇中心小学牛路教学点,朱权昌,广东省云浮市罗定市罗平镇牛路村委会,罗定市罗平镇
罗平镇中心小学,陈永强,广东省云浮市罗定市罗平镇山田村委会,罗定市罗平镇
附城街中心小学平西教学点,陈国光,广东省云浮市罗定市附城街道平西村委会,罗定市附城街道
罗定市罗镜镇新榕片中心小学,陈周琢,广东省云浮市罗定市罗镜镇新星村委会,罗定市罗镜镇
龙湾镇中心小学上赖教学点,邱立继,广东省云浮市罗定市龙湾镇上赖村委会,罗定市龙湾镇
云浮市云城区南盛镇铁场小学,曾天桂,广东省云浮市云城区南盛镇铁场村委会,云城区南盛镇
华石镇中心小学马路教学点,陈开专,广东省云浮市罗定市华石镇马路村委会,罗定市华石镇
云浮市云安区富林镇南洋小学,刘锡洲,广东省云浮市云安区富林镇南洋村委会,云安区富林镇
素龙街中心小学新塘教学点,叶伟权,广东省云浮市罗定市素龙街道新塘村委会,罗定市素龙街道
榃滨镇中心小学梅竹教学点,谭可洪,广东省云浮市罗定市林滨镇梅竹村委会,罗定市林滨镇
大方镇太平教学点,杨荣炘,广东省云浮市郁南县大方镇太平村委会,郁南县大方镇
都城镇古丰教学点,莫永康,广东省云浮市郁南县都城镇古丰村委会,郁南县都城镇
罗镜镇中心小学镜坡教学点,蒋剑裕,广东省云浮市罗定市罗镜镇镜坡村委会,罗定市罗镜镇
建城镇罗旁小学,余建勇,广东省云浮市郁南县建城镇罗旁居委会,郁南县建城镇
素龙街中心小学大甲教学点,刘志雄,广东省云浮市罗定市素龙街道大甲村委会,罗定市素龙街道
新兴县六祖镇中心小学,梁思云,广东省云浮市新兴县六祖镇雅岗社区居民委员会,新兴县六祖镇
金鸡镇中心小学石龙第二教学点,杨秋明,广东省云浮市罗定市金鸡镇石龙村委会,罗定市金鸡镇
南江口镇西江教学点,李耀强,广东省云浮市郁南县南江口镇下咀村委会,郁南县南江口镇
罗镜镇中心小学水摆教学点,钟娓君,广东省云浮市罗定市罗镜镇水摆村委会,罗定市罗镜镇
千官镇中心小学,钟兆权,广东省云浮市郁南县千官镇千官村委会,郁南县千官镇
云浮市云城区安塘中心小学,李汉强,广东省云浮市云城区安塘街道夏洞村民委员会,云城区安塘街道
都城镇夏袭教学点,卢示文,广东省云浮市郁南县都城镇夏袭村委会,郁南县都城镇
罗镜镇中心小学,黎星浩,广东省云浮市罗定市罗镜镇罗镜居委会,罗定市罗镜镇
船步镇中心小学周松教学点,邱志林,广东省云浮市罗定市船步镇炉冲村委会,罗定市船步镇
华石镇中心小学大未教学点,蒋绍伟,广东省云浮市罗定市华石镇大未村委会,罗定市华石镇
华石镇中心小学友兰教学点,莫超平,广东省云浮市罗定市华石镇华石社区居民委员会,罗定市华石镇
新兴县里洞镇鹅石教学点,张进勇,广东省云浮市新兴县里洞镇鹅石村民委员会,新兴县里洞镇
新兴县水台镇彭山教学点,陈剑波,广东省云浮市新兴县水台镇彭山村民委员会,新兴县水台镇
黎少镇中心小学珊珠塘教学点,唐海文,广东省云浮市罗定市黎少镇横岗村委会,罗定市黎少镇
生江镇中心小学三和教学点,黄燕丽,广东省云浮市罗定市生江镇三和村委会,罗定市生江镇
云浮市云安区镇安镇旺洞小学,吴华新,广东省云浮市云安区镇安镇旺洞村委会,云安区镇安镇
云浮市云安区都杨镇中心小学,严石泉,广东省云浮市云安区都杨镇六合村民委员会,云安区都杨镇
太平镇中心小学太东教学点,梁绍庭,广东省云浮市罗定市太平镇太东村委会,罗定市太平镇
千官镇石大教学点,陈环,广东省云浮市郁南县千官镇石大村委会,郁南县千官镇
新兴县稔村镇页村小学,崔振强,广东省云浮市新兴县稔村镇页村村民委员会,新兴县稔村镇
生江镇中心小学生江教学点,彭光明,广东省云浮市罗定市生江镇生江村委会,罗定市生江镇
云浮市云安区六都镇下四小学,傅水文,广东省云浮市云安县六都镇下四村委会,云安区六都镇
新兴县六祖镇西联教学点,陈少斌,广东省云浮市新兴县六祖镇西联村民委员会,新兴县六祖镇
都城镇天窝教学点,黎永基,广东省云浮市郁南县都城镇银盘村委会,郁南县都城镇
太平镇中心小学山坪教学点,梁东荣,广东省云浮市罗定市太平镇洞美村委会,罗定市太平镇
太平镇中心小学文围教学点,苏元伟,广东省云浮市罗定市太平镇太西村委会,罗定市太平镇
金鸡镇中心小学黎垌教学点,郭华洪,广东省云浮市罗定市金鸡镇黎垌村委会,罗定市金鸡镇
新兴县东成镇扶桂教学点,梁毅棠,广东省云浮市新兴县东成镇扶桂村民委员会,新兴县东成镇
云浮市云安区镇安镇民乐小学,区日辉,广东省云浮市云安区镇安镇民乐村委会,云安区镇安镇
塘镇中心小学东第二教学点,陈树廷,广东省云浮市罗定市满塘镇满东村委会,罗定市满塘镇
平台镇中心小学,陈永权,广东省云浮市郁南县平台镇平台村委会,郁南县平台镇
平台镇万洞教学点,梁思平,广东省云浮市郁南县平台镇万洞村委会,郁南县平台镇
泗纶镇中心小学山栗教学点,黄玲,广东省云浮市罗定市泗纶镇山栗村委会,罗定市泗纶镇
千官镇联平教学点,黄强成,广东省云浮市郁南县千官镇联平村委会,郁南县千官镇
大湾镇卫星教学点,王洪生,广东省云浮市郁南县大湾镇卫星村委会,郁南县大湾镇
云浮市云安区都杨镇都友小学,潘冬妤,广东省云浮市云安区都杨镇都友村民委员会,云安区都杨镇
泗纶镇都门片中心小学南山教学点,沈永生,广东省云浮市罗定市泗纶镇南山村委会,罗定市泗纶镇
新兴县太平镇蚕岗教学点,伍伙全,广东省云浮市新兴县太平镇石岗村民委员会,新兴县太平镇
云浮市云安区石城镇珠洞小学,陈天德,广东省云浮市云安区石城镇珠洞村委会,云安区石城镇
云浮市云城区河口马岗小学,李国云,广东省云浮市云城区河口街道马岗村民委员会,云城区河口街道
船步镇中心小学廻龙教学点,李军,广东省云浮市罗定市船步镇回龙村委会,罗定市船步镇
建城镇石板教学点,卢湛新,广东省云浮市郁南县建城镇格木村委会,郁南县建城镇
素龙街中心小学沙豪教学点,唐凯光,广东省云浮市罗定市素龙街道沙豪岗村委会,罗定市素龙街道
黎少镇中心小学泗片教学点,李劲,广东省云浮市罗定市黎少镇泗片村委会,罗定市黎少镇
龙湾镇中心小学金充教学点,陈金灿,广东省云浮市罗定市龙湾镇金充村委会,罗定市龙湾镇
新兴县太平镇下修教学点,刘志宾,广东省云浮市新兴县太平镇下修村民委员会,新兴县太平镇
罗平镇中心小学双莲教学点,廖家万,广东省云浮市罗定市罗平镇双莲村委会,罗定市罗平镇
云浮市云安区石城镇茶洞小学,黄荣球,广东省云浮市云安区石城镇茶洞村委会,云安区石城镇
素龙街中心小学杨桥教学点,陈卓贤,广东省云浮市罗定市素龙街道中村村委会,罗定市素龙街道
云浮市云城区南盛镇中心小学,冯培正,广东省云浮市云城区南盛镇料洞村委会,云城区南盛镇
建城镇植青教学点,梁海贤,建城镇植青村,郁南县建城镇
新兴县太平镇大郎教学点,简自俄,广东省云浮市新兴县太平镇大朗村民委员会,新兴县太平镇
泗纶镇中心小学泗联教学点,李天泉,广东省云浮市罗定市泗纶镇泗联村委会,罗定市泗纶镇
黎少镇中心小学芳春教学点,王相颖,广东省云浮市罗定市黎少镇横岗村委会,罗定市黎少镇
云浮市云安区镇安镇永丰小学,谭贤远,广东省云浮市云安区镇安镇永丰村委会,云安区镇安镇
黎少镇中心小学寨坪教学点,张金莲,广东省云浮市罗定市黎少镇寨坪村委会,罗定市黎少镇
云浮市云安区富林镇河邦小学,刘江飞,广东省云浮市云安区富林镇河邦村委会,云安区富林镇
云浮市云安区镇安镇南安小学庄转教学点,许其钦,广东省云浮市云安区镇安镇南安村委会,云安区镇安镇
云浮市云城区前锋镇中心小学,谭维明,广东省云浮市云城区前锋镇前锋村委会,云城区前锋镇
云浮市云安区镇安镇下围小学,梁永生,广东省云浮市云安区镇安镇下围村委会,云安区镇安镇
素龙街中心小学平南教学点,张继雄,广东省云浮市罗定市素龙街道平南村委会,罗定市素龙街道
罗镜镇中心小学驸台教学点,李雄波,广东省云浮市罗定市罗镜镇驸台村委会,罗定市罗镜镇
黎少镇中心小学园珠教学点,陆锡芬,广东省云浮市罗定市黎少镇元珠村委会,罗定市黎少镇
新兴县簕竹镇中心小学,何志东,广东省云浮市新兴县簕竹镇红光社区居民委员会,新兴县勒竹镇
新兴县太平镇江上教学点,潘榕德,广东省云浮市新兴县太平镇江上村民委员会,新兴县太平镇
连滩镇中心小学,陆其展,广东省云浮市郁南县连滩镇兴盛社区居委会,郁南县连滩镇
云浮市云安区石城镇云星小学,何水泉,广东省云浮市云安区石城镇云星村委会,云安区石城镇
附城街中心小学康任教学点,王伟明,广东省云浮市罗定市附城街道康任村委会,罗定市附城街道
东坝镇龙塘小学,谢日明,广东省云浮市郁南县东坝镇龙塘村委会,郁南县东坝镇
黎少镇中心小学黄沙教学点,王道栩,广东省云浮市罗定市黎少镇黄沙口村委会,罗定市黎少镇
罗镜镇中心小学红光教学点,潘其丈,广东省云浮市罗定市罗镜镇红光村委会,罗定市罗镜镇
罗镜镇中心小学云龙教学点,张荣豪,广东省云浮市罗定市罗镜镇云龙村委会,罗定市罗镜镇
榃滨镇中心小学罗云教学点,李强钊,广东省云浮市罗定市榃滨镇六云村委会,罗定市林滨镇
罗平镇中心小学罗周围教学点,梁俭才,广东省云浮市罗定市罗平镇罗周围村委会,罗定市罗平镇
云浮市云城区河口红光小学,冯家昌,广东省云浮市云城区河口街道泰安村民委员会,云城区河口街道
千官镇水美教学点,蔡业安,广东省云浮市郁南县千官镇水美村委会,郁南县千官镇
分界镇中心小学罗星教学点,陈凤进,广东省云浮市罗定市分界镇罗星村委会,罗定市分界镇
新兴县水台镇中心小学,李成创,广东省云浮市新兴县水台镇六乡社区居民委员会,新兴县水台镇
新兴县东成镇中心小学,梁杰文,广东省云浮市新兴县东成镇古院社区居民委员会,新兴县东成镇
新兴县东成镇东瑶小学,梁彩嫦,广东省云浮市新兴县东成镇东瑶村民委员会,新兴县东成镇
罗镜镇中心小学步贺教学点,李其金,广东省云浮市罗定市罗镜镇步贺村委会,罗定市罗镜镇
云浮市云安区白石镇中心小学,李泽多,广东省云浮市云安县白石镇白石村委会,云安区白石镇
生江镇中心小学碗窑教学点,苏荣林,广东省云浮市罗定市生江镇碗窑村委会,罗定市生江镇
大湾镇蔡扬鸣教学点,冯健鸿,广东省云浮市郁南县大湾镇覃葛村委会,郁南县大湾镇
云浮市云城区云城富丰小学,陈广忠,广东省云浮市云城区云城街道富丰村民委员会,云城区云城街道
云浮市云安区富林镇龙眼围小学,刘明新,广东省云浮市云安区富林镇元眼围村委会,云安区富林镇
云浮市云城区腰古镇坪塘小学,张敏谦,广东省云浮市云城区腰古镇坪塘村民委员会,云城区腰古镇
金鸡镇中心小学会龙教学点,莫宗智,广东省云浮市罗定市金鸡镇会龙村委会,罗定市金鸡镇
罗定市附城街新乐中心小学,陈北海,广东省云浮市罗定市附城街道新乐村委会,罗定市附城街道
围底镇中心小学秋风教学点,何坤荣,广东省云浮市罗定市围底镇秋风村委会,罗定市围底镇
历洞镇沙木教学点,莫伟柱,广东省云浮市郁南县历洞镇沙木村委会,郁南县历洞镇
围底镇中心小学秉伦教学点,陈文杏,广东省云浮市罗定市围底镇杨村村委会,罗定市围底镇
云浮市云安区高村镇福和希望小学,潘伟坤,广东省云浮市云安县高村镇水美村委会,云安区高村镇
连州镇中心小学云致教学点,蔡天才,广东省云浮市罗定市连州镇云致村委会,罗定市连州镇
泗纶镇中心小学荣安教学点,王勇,广东省云浮市罗定市泗纶镇荣安村委会,罗定市泗纶镇
桂圩镇齐源教学点,谢应裕,广东省云浮市郁南县桂圩镇齐源村委会,郁南县桂圩镇
云浮市云城区高峰洞殿小学,李建云,广东省云浮市云城区高峰街道洞殿村民委员会,云城区高峰街道
新兴县稔村镇皮村教学点,区志旺,广东省云浮市新兴县稔村镇皮村村民委员会,新兴县稔村镇
南江口镇河朗教学点,李耀强,广东省云浮市郁南县南江口镇河朗村委会,郁南县南江口镇
新兴县新城镇联群教学点,区耀伟,广东省云浮市新兴县新城镇联群村民委员会,新兴县新城镇
宋桂镇宁波教学点,赵锋华,广东省云浮市郁南县宋桂镇宁波村委会,郁南县宋桂镇
泗纶镇都门片中心小学升平教学点,王琳,广东省云浮市罗定市泗纶镇升平村委会,罗定市泗纶镇
船步镇中心小学炉埇教学点,熊伟国,广东省云浮市罗定市船步镇炉冲村委会,罗定市船步镇
素龙街中心小学赤坭教学点,陈理中,广东省云浮市罗定市素龙街道赤泥村委会,罗定市素龙街道
东坝镇佛路教学点,苏柏茂,广东省云浮市郁南县东坝镇佛路村委会,郁南县东坝镇
新兴县太平镇社圩小学,梁木桂,广东省云浮市新兴县太平镇社圩村民委员会,新兴县太平镇
新兴县新城镇仓夏教学点,王国清,广东省云浮市新兴县新城镇仓夏社区居民委员会,新兴县新城镇
素龙街中心小学凤西教学点,梁奕荣,广东省云浮市罗定市素龙街道凤西村委会,罗定市素龙街道
连滩镇合水教学点,刘桂潮,广东省云浮市郁南县连滩镇逍遥村委会,郁南县连滩镇
云浮市云安区镇安镇上马岗小学,陈德,广东省云浮市云安区镇安镇民强村委会,云安区镇安镇
云浮市云城区前锋镇赤岭小学,黄燕文,广东省云浮市云城区前锋镇矮岭村委会,云城区前锋镇
素龙街中心小学上宁教学点,李合标,广东省云浮市罗定市素龙街道上宁村委会,罗定市素龙街道
围底镇中心小学城围教学点,陈海忠,广东省云浮市罗定市围底镇城围村委会,罗定市围底镇
云浮市云城区腰古镇水东小学,成润连,云浮市云城区腰古镇水东小学,云城区腰古镇
榃滨镇中心小学六云教学点,钟秀清,广东省云浮市罗定市榃滨镇六云村委会,罗定市林滨镇
龙湾镇中心小学棠棣教学点,王浩汉,广东省云浮市罗定市龙湾镇棠棣村委会,罗定市龙湾镇
新兴县六祖镇帛村教学点,梁沃楷,广东省云浮市新兴县六祖镇帛村村民委员会,新兴县六祖镇
新兴县里洞镇红卫教学点,梁榕平,广东省云浮市新兴县里洞镇红卫村民委员会,新兴县里洞镇
太平镇中心小学潭白教学点,陈瑞林,广东省云浮市罗定市太平镇潭白村委会,罗定市太平镇
围底镇中心小学渡头教学点,吴玉玲,广东省云浮市罗定市围底镇渡头村委会,罗定市围底镇
新兴县六祖镇新屋教学点,梁荣飞,新兴县六祖镇新屋村委,新兴县六祖镇
新兴县水台镇良田教学点,陈春莲,广东省云浮市新兴县水台镇良田村民委员会,新兴县水台镇
云浮市云安区白石镇民福小学,韦锦成,广东省云浮市云安区白石镇民福村委会,云安区白石镇
新兴县天堂镇内东小学,刘卫兵,广东省云浮市新兴县天堂镇内东村民委员会,新兴县天堂镇
连州镇中心小学车战教学点,郭南泉,广东省云浮市罗定市连州镇车战村委会,罗定市连州镇
连州镇中心小学五和教学点,吴小伟,广东省云浮市罗定市连州镇五和村委会,罗定市连州镇
罗平镇中心小学竹围教学点,肖建华,广东省云浮市罗定市罗平镇竹围村委会,罗定市罗平镇
罗城中心小学,唐建权,广东省云浮市罗定市罗城街道城东居委会,罗定市罗城街道
榃滨镇中心小学,孔祥汉,广东省云浮市罗定市林滨镇林滨村委会,罗定市林滨镇
附城街中心小学平湾教学点,刘锦泉,广东省云浮市罗定市附城街道平湾村委会,罗定市附城街道
连州镇中心小学蒲垌教学点,张荣达,广东省云浮市罗定市连州镇蒲垌村委会,罗定市连州镇
罗平镇中心小学围头教学点,李锦辉,广东省云浮市罗定市罗平镇围头村委会,罗定市罗平镇
华石镇中心小学莫村教学点,曾健,广东省云浮市罗定市华石镇莫村村委会,罗定市华石镇
云浮市云安区镇安镇民强小学,刘辉,广东省云浮市云安区镇安镇民强村委会,云安区镇安镇
连州镇中心小学万车教学点,郑太光,广东省云浮市罗定市连州镇万车村委会,罗定市连州镇
龙湾镇中心小学双合教学点,李家鹏,广东省云浮市罗定市龙湾镇双合村委会,罗定市龙湾镇
东坝镇沙冲教学点,阮洪新,广东省云浮市郁南县东坝镇沙冲村委会,郁南县东坝镇
素龙街中心小学岗咀教学点,林洲鸿,广东省云浮市罗定市素龙街道岗咀村委会,罗定市素龙街道
罗镜镇中心小学大平岗教学点,彭远巧,广东省云浮市罗定市罗镜镇大平岗村委会,罗定市罗镜镇
云浮市云安区石城镇高岭小学,叶德权,广东省云浮市云安区石城镇高岭村委会,云安区石城镇
罗镜镇新榕片中心小学大塘教学点,杨学明,广东省云浮市罗定市罗镜镇新星村委会,罗定市罗镜镇
云浮市云安区石城镇高龙小学,朱月林,广东省云浮市云安区石城镇高龙村委会,云安区石城镇
千官镇纪念小学,蔡海军,广东省云浮市郁南县千官镇双龙村委会,郁南县千官镇
连滩镇望天小学,黄国森,广东省云浮市郁南县连滩镇望天村委会,郁南县连滩镇
太平镇中心小学丽塘教学点,周佳声,广东省云浮市罗定市太平镇丽塘村委会,罗定市太平镇
云浮市云安区六都镇佛水小学,曹汉明,广东省云浮市云安区六都镇佛水村委会,云安区六都镇
围底镇中心小学凤山教学点,何秋萍,广东省云浮市罗定市围底镇凤山村委会,罗定市围底镇
罗镜镇中心小学定美区家盛教学点,龙梅芬,广东省云浮市罗定市罗镜镇镜东村委会,罗定市罗镜镇
双东街中心小学以民教学点,罗杰,广东省云浮市罗定市双东镇街道以民村委会,罗定市双东镇街道
建城镇沙龙教学点,梁海贤,广东省云浮市郁南县建城镇东一村委会,郁南县建城镇
云浮市云城区高峰冯强学校,严家伟,广东省云浮市云城区高峰街道高峰村民委员会,云城区高峰街道
新兴县天堂镇五二教学点,陆均扬,广东省云浮市新兴县天堂镇五二村民委员会,新兴县天堂镇
围底镇中心小学宦塘教学点,郑海群,广东省云浮市罗定市围底镇宦塘村委会,罗定市围底镇
新兴县翔顺实验学校,梁文雄,广东省云浮市新兴县新城镇桥亭社区居民委员会,新兴县新城镇
罗镜镇中心小学鸭寨教学点,李成强,广东省云浮市罗定市罗镜镇官渡头村委会,罗定市罗镜镇
云浮市云安区高村镇中围小学,吕华升,广东省云浮市云安县高村镇中围村委会,云安区高村镇
桂圩镇木蔃教学点,韦荣汉,广东省云浮市郁南县桂圩镇木强村委会,郁南县桂圩镇
船步镇中心小学东水教学点,欧铁军,广东省云浮市罗定市船步镇红岭村委会,罗定市船步镇
分界镇中心小学金田教学点,吴学才,广东省云浮市罗定市分界镇金田村委会,罗定市分界镇
罗镜镇中心小学青云教学点,戴光创,广东省云浮市罗定市罗镜镇云龙村委会,罗定市罗镜镇
泗纶镇都门片中心小学双德教学点,张伦生,广东省云浮市罗定市泗纶镇双德村委会,罗定市泗纶镇
云浮市第七小学,祝伟强,广东省云浮市云城区云城街道牧羊村民委员会,云城区云城街道
生江镇中心小学云桂教学点,李进强,广东省云浮市罗定市生江镇云桂村委旁,罗定市生江镇
泗纶镇中心小学共和教学点,梁燮溪,广东省云浮市罗定市泗纶镇青桐村委会,罗定市泗纶镇
连州镇中心小学古榄教学点,罗周海,广东省云浮市罗定市连州镇古榄村委会,罗定市连州镇
云浮市云城区腰古镇卫东小学,梁洪辉,广东省云浮市云城区腰古镇黄岗朗村民委员会,云城区腰古镇
罗镜镇中心小学塘冲教学点,陈周华,广东省云浮市罗定市罗镜镇塘冲村委会,罗定市罗镜镇
太平镇中心小学西良教学点,彭勇如,广东省云浮市罗定市太平镇西良村委会,罗定市太平镇
泗纶镇中心小学泗荣教学点,沈天泉,广东省云浮市罗定市泗纶镇泗荣村委会,罗定市泗纶镇
新兴县大江镇中心小学教学点,练华志,广东省云浮市新兴县大江镇平岗社区居民委员会,新兴县大江镇
云浮市云城区前锋镇榃蓬小学,李国坤,广东省云浮市云城区前锋镇梵蓬村委会,云城区前锋镇
建城镇罗子教学点,张均玉,广东省云浮市郁南县建城镇罗子村委会,郁南县建城镇
宋桂镇中心小学,伍顺杏,广东省云浮市郁南县宋桂镇宋桂居委会,郁南县宋桂镇
金鸡镇中心小学石龙教学点,何雄伟,广东省云浮市罗定市金鸡镇石龙村委会,罗定市金鸡镇
罗镜镇中心小学石淇湾教学点,陈献云,广东省云浮市罗定市罗镜镇石淇湾村委会,罗定市罗镜镇
新兴县六祖镇旧郎小学,杨冠强,广东省云浮市新兴县六祖镇旧朗村民委员会,新兴县六祖镇
素龙街中心小学凤塘教学点,黄清,广东省云浮市罗定市素龙街道凤塘村委会,罗定市素龙街道
云浮市云安区石城镇五星小学,林伟强,广东省云浮市云安区石城镇五星村委会,云安区石城镇
云浮市云安区高村镇清水小学,吕华升,广东省云浮市云安县高村镇清水村委会,云安区高村镇
罗镜镇新榕片中心小学新西教学点,林远强,广东省云浮市罗定市罗镜镇新西村委会,罗定市罗镜镇
云浮市云安区镇安镇南安小学,许其钦,广东省云浮市云安区镇安镇南安村委会,云安区镇安镇
千官镇朗冲教学点,卢立,广东省云浮市郁南县千官镇朗济村委会,郁南县千官镇
围底镇中心小学五华教学点,黄国文,广东省云浮市罗定市围底镇五华村委会,罗定市围底镇
船步镇中心小学夏坊教学点,刘汉源,广东省云浮市罗定市船步镇龙岗村委会,罗定市船步镇
罗定市明德实验学校,谭锦洪,罗定市双东街道办木林村,罗定市双东镇街道
云浮市云城区安塘赤村小学,李国森,广东省云浮市云城区安塘街道赤村村民委员会,云城区安塘街道
新兴县新城镇黄岗教学点,陈剑斌,广东省云浮市新兴县新城镇黄岗村民委员会,新兴县新城镇
苹塘镇中心小学,陈北海,广东省云浮市罗定市苹塘镇苹塘居委会,罗定市苹塘镇
云浮市云安区都杨镇石巷小学,徐顺昌,广东省云浮市云安区都杨镇石巷村民委员会,云安区都杨镇
苹塘镇中心小学瑞平教学点,赖永龙,广东省云浮市罗定市苹塘镇瑞平村委会,罗定市苹塘镇
罗平镇中心小学黄牛木教学点,李永星,广东省云浮市罗定市罗平镇黄牛木村委会,罗定市罗平镇
分界镇中心小学石牌教学点,张集伟,广东省云浮市罗定市分界镇石牌村委会,罗定市分界镇
船步镇中心小学炉星教学点,黄天华,广东省云浮市罗定市船步镇炉星村委会,罗定市船步镇
连滩镇西坝教学点,黄建国,广东省云浮市郁南县连滩镇西坝村委会,郁南县连滩镇
苹塘镇中心小学苏令塘教学点,龙庆初,广东省云浮市罗定市苹塘镇澳塘村委会,罗定市苹塘镇
新兴县太平镇凤山小学,张锦梅,广东省云浮市新兴县太平镇凤山村民委员会,新兴县太平镇
平台镇古同教学点,钟金泉,广东省云浮市郁南县平台镇古同村委会,郁南县平台镇
新兴县太平镇中心小学,邝伟杰,广东省云浮市新兴县太平镇上沙村民委员会,新兴县太平镇
新兴县天堂镇梁鸿楷教学点,黄世斌,广东省云浮市新兴县天堂镇莲塘村民委员会,新兴县天堂镇
罗平镇中心小学新村教学点,黄章耀,广东省云浮市罗定市罗平镇新村村委会,罗定市罗平镇
河口镇甘罗教学点,贾石林,广东省云浮市郁南县河口镇甘罗村委会,郁南县河口镇
河口镇南龙教学点,周辉耀,广东省云浮市郁南县河口镇南龙村委会,郁南县河口镇
泗纶镇中心小学沙底教学点,黄日谊,广东省云浮市罗定市泗纶镇沙底村委会,罗定市泗纶镇
塘镇中心小学北羌教学点,陈树钿,广东省云浮市罗定市满塘镇北姜村委会,罗定市满塘镇
船步镇中心小学云罗教学点,黎树泉,广东省云浮市罗定市船步镇云罗村委会,罗定市船步镇
云浮市云城区腰古镇旺村小学,黄嘉明,广东省云浮市云城区腰古镇旺村村民委员会,云城区腰古镇
泗纶镇中心小学松南教学点,张亚清,广东省云浮市罗定市泗纶镇松南村委会,罗定市泗纶镇
桂圩镇木林教学点,凌彩金,广东省云浮市郁南县桂圩镇木林村委会,郁南县桂圩镇
船步镇中心小学红岭教学点,黄楚南,广东省云浮市罗定市船步镇红岭村委会,罗定市船步镇
苹塘镇中心小学桐油教学点,陈淘,广东省云浮市罗定市苹塘镇桐油村委会,罗定市苹塘镇
素龙街中心小学龙税教学点,欧均林,广东省云浮市罗定市素龙街道龙税村委会,罗定市素龙街道
云浮市云安区富林镇鹿洞小学,廖志浩,广东省云浮市云安区富林镇民主村委会,云安区富林镇
罗平镇中心小学新光教学点,欧龙生,广东省云浮市罗定市罗平镇新光村委会,罗定市罗平镇
云浮市云安区白石镇西圳小学,黄桂珍,广东省云浮市云安区白石镇西圳村委会,云安区白石镇
南江口镇双溪教学点,李耀强,广东省云浮市郁南县南江口镇黄岗村委会,郁南县南江口镇
素龙街中心小学埇表教学点,陈权,广东省云浮市罗定市素龙街道冲表村委会,罗定市素龙街道
榃滨镇中心小学车田教学点,罗文,广东省云浮市罗定市林滨镇车田村委会,罗定市林滨镇
黎少镇中心小学里塘教学点,黎汉文,广东省云浮市罗定市黎少镇里塘村委会,罗定市黎少镇
素龙街中心小学思围教学点,梁才,广东省云浮市罗定市素龙街道思围村委会,罗定市素龙街道
新兴县六祖镇三坪教学点,陈德贤,新兴县六祖镇三坪村委,新兴县六祖镇
云浮市云城区河口红阳小学,黄悦维,广东省云浮市云城区河口街道红阳村民委员会,云城区河口街道
围底镇中心小学窑头教学点,杨文华,广东省云浮市罗定市围底镇秋风村委会,罗定市围底镇
都城镇承平教学点,李醒健,广东省云浮市郁南县都城镇承平村委会,郁南县都城镇
船步镇中心小学,翁发华,广东省云浮市罗定市船步镇船步居委会,罗定市船步镇
罗定市附城街中心小学,黄月亮,广东省云浮市罗定市附城街道塔脚村委,罗定市附城街道
罗定市太平镇中心小学,韦洋荣,广东省云浮市罗定市太平镇太平居委会,罗定市太平镇
苹塘镇中心小学谈礼教学点,沈小击,广东省云浮市罗定市苹塘镇谈礼村委会,罗定市苹塘镇
船步镇中心小学希望教学点,温华新,广东省云浮市罗定市船步镇聂垌村委会,罗定市船步镇
附城街新乐片中心小学新民教学点,谢厚靖,广东省云浮市罗定市附城街道新民村委会,罗定市附城街道
云浮市云安区石城镇东风小学,张忠锐,广东省云浮市云安区石城镇东风村委会,云安区石城镇
华石镇中心小学木冲教学点,陈俭龙,广东省云浮市罗定市华石镇木冲口村委会,罗定市华石镇
云浮市云安区石城镇石岩小学,曾计元,广东省云浮市云安区石城镇石岩村委会,云安区石城镇
桂圩镇古金教学点,凌巧,广东省云浮市郁南县桂圩镇古田村委会,郁南县桂圩镇
东坝镇深步教学点,余振良,广东省云浮市郁南县东坝镇深步村委会,郁南县东坝镇
云浮市云安区富林镇中心小学,刘新芹,广东省云浮市云安区富林镇高一村委会,云安区富林镇
华石镇中心小学雅言教学点,陈华贤,广东省云浮市罗定市华石镇雅言村委会,罗定市华石镇
龙湾镇中心小学旗垌教学点,潘永亮,广东省云浮市罗定市龙湾镇旗垌村委会,罗定市龙湾镇
太平镇中心小学太西教学点,罗立华,广东省云浮市罗定市太平镇太西村委会,罗定市太平镇
新兴县六祖镇龙庆小学,余丽红,广东省云浮市新兴县六祖镇龙庆村民委员会,新兴县六祖镇
云浮市云安区富林镇云利小学,曾月昌,广东省云浮市云安县富林镇云利村委会,云安区富林镇
云浮市云城区腰古镇中心小学,张荣桂,广东省云浮市云城区腰古镇禾地岗,云城区腰古镇
连滩镇第二小学,谢伟钊,广东省云浮市郁南县连滩镇兴盛社区居委会,郁南县连滩镇
桂圩镇顺坦教学点,李进良,广东省云浮市郁南县桂圩镇顺坦村委会,郁南县桂圩镇
新兴县里洞镇中心小学,莫德胜,广东省云浮市新兴县里洞镇里洞社区居民委员会,新兴县里洞镇
罗镜镇中心小学龙甘教学点,张锦才,广东省云浮市罗定市罗镜镇龙甘村委会,罗定市罗镜镇
平台镇古勉教学点,谢灿芬,广东省云浮市郁南县平台镇古勉村委会,郁南县平台镇
苹塘镇中心小学道村教学点,凌家炮,广东省云浮市罗定市苹塘镇道村村委会,罗定市苹塘镇
云浮市云城区南盛镇公田小学,黄子敏,广东省云浮市云城区南盛镇鹅公田村委会,云城区南盛镇
苹塘镇中心小学笠笈教学点,梁杰泉,广东省云浮市罗定市苹塘镇澳塘村委会,罗定市苹塘镇
云浮市云安区高村镇白梅小学,梁伙明,广东省云浮市云安县高村镇白梅村委会,云安区高村镇
生江镇中心小学榃黎教学点,郭海林,广东省云浮市罗定市生江镇里午村委会,罗定市生江镇
泗纶镇都门片中心小学明镜教学点,杜柏成,广东省云浮市罗定市泗纶镇明镜村委会,罗定市泗纶镇
云浮市云安区六都镇光明小学,龙金,广东省云浮市云安区六都镇光明村委会,云安区六都镇
泗纶镇中心小学连城教学点,李志明,广东省云浮市罗定市泗纶镇连城村委会,罗定市泗纶镇
东坝镇虎岩教学点,蔡树明,广东省云浮市郁南县东坝镇虎岩村委会,郁南县东坝镇
罗定市黎少镇中心小学,刘尚明,广东省云浮市罗定市黎少镇黎少居委会,罗定市黎少镇
云浮市云安区镇安镇小学,黄华成,广东省云浮市云安区镇安镇镇安居委会,云安区镇安镇
云浮市云城区南盛镇大围小学,温继舒,广东省云浮市云城区南盛镇大围村委会,云城区南盛镇
新兴县六祖镇十里小学,容华珍,广东省云浮市新兴县六祖镇十里村民委员会,新兴县六祖镇
罗平镇中心小学乌龙教学点,梁灼彬,广东省云浮市罗定市罗平镇乌龙村委会,罗定市罗平镇
罗定市双东街中心小学,黎宪,广东省云浮市罗定市双东镇街道大众村委会,罗定市双东镇街道
苹塘镇中心小学大虾教学点,陈达凤,广东省云浮市罗定市苹塘镇大虾村委会,罗定市苹塘镇
云浮市云安区镇安镇墩头小学,张石松,广东省云浮市云安区镇安镇河东村委会,云安区镇安镇
素龙街中心小学素龙教学点,谭伯乐,广东省云浮市罗定市素龙街道素龙村委会,罗定市素龙街道
宋桂镇车岗教学点,刘天德,广东省云浮市郁南县宋桂镇车岗村委会,郁南县宋桂镇
云浮市云安区都杨镇西坑小学,林木带,广东省云浮市云安区都杨镇西坑村民委员会,云安区都杨镇
船步镇中心小学樟岗教学点,黎发强,广东省云浮市罗定市船步镇仓地村委会,罗定市船步镇
新兴县太平镇白马教学点,李桂庆,广东省云浮市新兴县太平镇白马村民委员会,新兴县太平镇
云浮市第二小学,谢林升,广东省云浮市云城区云城街道南山社区居民委员会,云城区云城街道
新兴县簕竹镇榄根小学,秦敏秀,广东省云浮市新兴县簕竹镇榄根村民委员会,新兴县勒竹镇
罗镜镇中心小学同乐教学点,彭小英,广东省云浮市罗定市罗镜镇水摆村委会,罗定市罗镜镇
新兴县水台镇奄村教学点,黎灿英,广东省云浮市新兴县水台镇奄村村民委员会,新兴县水台镇
云浮市云城区思劳镇降坑小学,杨悦庆,广东省云浮市云城区思劳镇降坑村民委员会,云城区思劳镇
云浮市云城区思劳镇中心小学,陈伟锋,广东省云浮市云城区思劳镇江尾村村民委员会,云城区思劳镇
千官镇上水教学点,陈铭枢,广东省云浮市郁南县千官镇上水村委会,郁南县千官镇
船步镇中心小学仓地教学点,黄志权,广东省云浮市罗定市船步镇仓地村委会,罗定市船步镇
附城街中心小学丰盛教学点,李鼎,广东省云浮市罗定市附城街道丰盛村委会,罗定市附城街道
云浮市云城区腰古镇古田小学,吴志桓,广东省云浮市云城区腰古镇古田村民委员会,云城区腰古镇
罗镜镇中心小学三立三教学点,彭益泉,广东省云浮市罗定市罗镜镇镜南村委会,罗定市罗镜镇
南江口镇古蓬教学点,李耀强,广东省云浮市郁南县南江口镇古蓬村委会,郁南县南江口镇
连州镇中心小学榃升教学点,蔡天强,广东省云浮市罗定市连州镇林升村委会,罗定市连州镇
新兴县新城镇枫冼教学点,张雪映,广东省云浮市新兴县新城镇枫冼村民委员会,新兴县新城镇
罗平镇中心小学望天教学点,郭富,广东省云浮市罗定市罗平镇望天村委会,罗定市罗平镇
新兴县天堂镇元头岗教学点,苏卫文,广东省云浮市新兴县天堂镇元头岗村民委员会,新兴县天堂镇
船步镇中心小学垌心教学点,温松华,广东省云浮市罗定市船步镇垌心村委会,罗定市船步镇
新兴县水台镇布茅小学,梁秀珍,广东省云浮市新兴县水台镇布茅村民委员会,新兴县水台镇
苹塘镇中心小学良官教学点,李志大,广东省云浮市罗定市苹塘镇良官村委会,罗定市苹塘镇
塘镇中心小学黄金教学点,陈广谋,广东省云浮市罗定市满塘镇黄金满村委会,罗定市满塘镇
连滩镇正己教学点,余雪文,广东省云浮市郁南县连滩镇西坝村委会,郁南县连滩镇
桂圩镇中心小学,黄国林,广东省云浮市郁南县桂圩镇桂圩村委会,郁南县桂圩镇
河口镇斋公围教学点,梁志君,广东省云浮市郁南县河口镇竹头围村委会,郁南县河口镇
新兴县天堂镇内中小学,周忠永,广东省云浮市新兴县天堂镇区村村民委员会,新兴县天堂镇
船步镇中心小学船北教学点,许兴源,广东省云浮市罗定市船步镇船北村委会,罗定市船步镇
云浮市云安区镇安镇石坳小学,范志军,广东省云浮市云安区镇安镇石坳村委会,云安区镇安镇
附城街新乐片中心小学木护教学点,黄秦昌,广东省云浮市罗定市附城街道木护村委会,罗定市附城街道
新兴县东成镇布填教学点,萧金炯,广东省云浮市新兴县东成镇布填村民委员会,新兴县东成镇
云浮市云安区白石镇石底小学,张灿标,广东省云浮市云安区白石镇石底村委会,云安区白石镇
桂圩镇勿坦教学点,李建新,广东省云浮市郁南县桂圩镇勿坦村委会,郁南县桂圩镇
榃滨镇中心小学夜护教学点,黎稳,广东省云浮市罗定市林滨镇夜护村委会,罗定市林滨镇
罗定市塘镇中心小学,温海飞,广东省云浮市罗定市满塘镇满塘居委会,罗定市满塘镇
罗定市素龙街中心小学,苏全忠,广东省云浮市罗定市素龙街道中村村委会,罗定市素龙街道
新兴县新城镇大稳教学点,苏子健,广东省云浮市新兴县新城镇大稳村民委员会,新兴县新城镇
云浮市云城区腰古镇云表小学,冯知远,广东省云浮市云城区腰古镇云表村民委员会,云城区腰古镇
泗纶镇中心小学铁陆教学点,沈灿烘,广东省云浮市罗定市泗纶镇铁陆村委会,罗定市泗纶镇
罗平镇中心小学榃感教学点,许宪扬,广东省云浮市罗定市罗平镇潭东村委会,罗定市罗平镇
罗平镇中心小学湴塘教学点,蔡其菊,广东省云浮市罗定市罗平镇办塘村委会,罗定市罗平镇
新兴县东成镇云河小学,叶雅彬,广东省云浮市新兴县东成镇云河村民委员会,新兴县东成镇
云浮市云安区富林镇寨塘小学,叶树坚,广东省云浮市云安区富林镇寨塘村委会,云安区富林镇
黎少镇中心小学坡塘教学点,沈启南,广东省云浮市罗定市黎少镇坡塘村委会,罗定市黎少镇
新兴县太平镇西水教学点,黎小林,广东省云浮市新兴县太平镇西水村民委员会,新兴县太平镇
连滩镇竹围教学点,申志宏,广东省云浮市郁南县连滩镇思和村委会,郁南县连滩镇
罗镜镇新榕片中心小学新东教学点,李金良,广东省云浮市罗定市罗镜镇新东村委会,罗定市罗镜镇
新兴县东成镇都斛教学点,李宝庆,广东省云浮市新兴县东成镇都斛村民委员会,新兴县东成镇
塘镇中心小学木头塘教学点,黄超汉,广东省云浮市罗定市满塘镇木头塘村委会,罗定市满塘镇
塘镇中心小学南教学点,覃洪亮,广东省云浮市罗定市满塘镇满南村委会,罗定市满塘镇
新兴县六祖镇舍村教学点,潘俊杰,广东省云浮市新兴县六祖镇舍丰村民委员会,新兴县六祖镇
素龙街中心小学中村教学点,黄权华,广东省云浮市罗定市素龙街道中村村委会,罗定市素龙街道
云浮市云城区云城鹏石小学,张辉堂,广东省云浮市云城区云城街道鹏石村民委员会,云城区云城街道
泗纶镇中心小学新城教学点,黄日进,广东省云浮市罗定市泗纶镇新城村委会,罗定市泗纶镇
罗镜镇新榕片中心小学新中教学点,欧荣钊,广东省云浮市罗定市罗镜镇新中村委会,罗定市罗镜镇
新兴县新城镇黎源教学点,刘绍蔚,广东省云浮市新兴县新城镇黎源村民委员会,新兴县新城镇
宝珠镇平村教学点,陈灿明,广东省云浮市郁南县宝珠镇大林村委会,郁南县宝珠镇
泗纶镇中心小学高和教学点,黄洪才,广东省云浮市罗定市泗纶镇高和村委会,罗定市泗纶镇
云浮市云安区白石镇民安小学,罗盛优,广东省云浮市云安区白石镇民安村委会,云安区白石镇
黎少镇中心小学田心教学点,关庆永,广东省云浮市罗定市黎少镇田心村委会,罗定市黎少镇
云浮市云安区高村镇大田小学,曾庆猛,广东省云浮市云安县高村镇大田村委会,云安区高村镇
连州镇中心小学白马教学点,陈树清,广东省云浮市罗定市连州镇白马村委会,罗定市连州镇
罗定市泗纶镇中心小学,陈富云,广东省云浮市罗定市泗纶镇泗纶居委会,罗定市泗纶镇
云浮市第四小学,梁庆娟,广东省云浮市云城区云城街道城西村民委员会,云城区云城街道
罗城东区小学,曾文,广东省云浮市罗定市罗城街道东区居委会,罗定市罗城街道
太平镇中心小学古龙教学点,陈京汉,广东省云浮市罗定市太平镇古龙村委会,罗定市太平镇
太平镇中心小学太北教学点,张炜浩,广东省云浮市罗定市太平镇太北村委会,罗定市太平镇
新兴县东成镇都村教学点,冼绍勇,广东省云浮市新兴县东成镇都村村民委员会,新兴县东成镇
新兴县新城镇平康小学,苏凤玲,广东省云浮市新兴县新城镇平康社区居民委员会,新兴县新城镇
新兴县新城镇南外小学,区家福,广东省云浮市新兴县新城镇南外社区居民委员会,新兴县新城镇
船步镇中心小学东园教学点,邓启南,广东省云浮市罗定市船步镇回龙村委会,罗定市船步镇
云浮市云城区思劳镇古律小学,伍水清,广东省云浮市云城区思劳镇古律村民委员会,云城区思劳镇
罗平镇中心小学荔枝教学点,陈森才,广东省云浮市罗定市罗平镇乌龙村委会,罗定市罗平镇
南江口镇上迭教学点,李耀强,广东省云浮市郁南县南江口镇上迭村委会,郁南县南江口镇
大湾镇希望教学点,卢力云,广东省云浮市郁南县大湾镇迳口村委会,郁南县大湾镇
苹塘镇中心小学彩麟教学点,黄国荣,广东省云浮市罗定市苹塘镇道村村委会,罗定市苹塘镇
新兴县稔村镇坝村教学点,李超良,广东省云浮市新兴县稔村镇坝村村民委员会,新兴县稔村镇
新兴县六祖镇集西教学点,梁水源,广东省云浮市新兴县六祖镇集西村民委员会,新兴县六祖镇
历洞镇黄梅教学点,莫家锋,广东省云浮市郁南县历洞镇黄梅村委会,郁南县历洞镇
素龙街中心小学马兰教学点,梁均,广东省云浮市罗定市素龙街道马兰村委会,罗定市素龙街道
塘镇中心小学大旺塘教学点,陈汝,广东省云浮市罗定市满塘镇大旺塘村委会,罗定市满塘镇
云浮市云城区河口希望小学,陈国庆,广东省云浮市云城区河口街道洞心村民委员会,云城区河口街道
船步镇中心小学蓝村教学点,刘志能,广东省云浮市罗定市船步镇蓝村村委会,罗定市船步镇
都城镇富窝教学点,周灿浩,广东省云浮市郁南县都城镇富窝村委会,郁南县都城镇
新兴县太平镇三根榕小学,黎耀轰,广东省云浮市新兴县太平镇马山社区居民委员会,新兴县太平镇
连州镇中心小学云良教学点,蔡贵明,广东省云浮市罗定市连州镇云良村委会,罗定市连州镇
新兴县天堂镇东震小学,李达华,广东省云浮市新兴县天堂镇东震村民委员会,新兴县天堂镇
新兴县稔村镇白土教学点,李国良,广东省云浮市新兴县稔村镇白土村民委员会,新兴县稔村镇
通门镇冲梅教学点,朱必钊,广东省云浮市郁南县通门镇冲梅村委会,郁南县通门镇
围底镇中心小学桃园教学点,文汝团,广东省云浮市罗定市围底镇秋风村委会,罗定市围底镇
新兴县新城镇州背小学,梁凤莲,广东省云浮市新兴县新城镇州背社区居民委员会,新兴县新城镇
苹塘镇中心小学梳面教学点,康树清,广东省云浮市罗定市苹塘镇桐油村委会,罗定市苹塘镇
都城镇锦江小学,何永强,广东省云浮市郁南县都城镇城西居委会,郁南县都城镇
龙湾镇中心小学垌旺教学点,黄荣锋,广东省云浮市罗定市龙湾镇垌旺村委会,罗定市龙湾镇
罗镜镇中心小学潭岗教学点,郭兴标,广东省云浮市罗定市罗镜镇大平岗村委会,罗定市罗镜镇
历洞镇中里教学点,何炽生,广东省云浮市郁南县历洞镇中里村委会,郁南县历洞镇
云浮市云安区富林镇下营小学,黄灿洪,广东省云浮市云安县富林镇马塘村委会,云安区富林镇
泗纶镇中心小学云岭教学点,黄日谊,广东省云浮市罗定市泗纶镇沙底村委会,罗定市泗纶镇
附城街新乐片中心小学沙口教学点,谢厚桃,广东省云浮市罗定市附城街道沙口村委会,罗定市附城街道
素龙街中心小学大榄教学点,李庆,广东省云浮市罗定市素龙街道大榄村委会,罗定市素龙街道
苹塘镇中心小学澳塘教学点,张永新,广东省云浮市罗定市苹塘镇澳塘村委会,罗定市苹塘镇
桂圩镇罗顺小学,欧阳海清,广东省云浮市郁南县桂圩镇罗顺村委会,郁南县桂圩镇
龙湾镇中心小学中安太平教学点,谭信茂,广东省云浮市罗定市龙湾镇中安村委会,罗定市龙湾镇
云浮市云城区前锋镇红岩小学,成志云,广东省云浮市云城区前锋镇石门村委会,云城区前锋镇
云浮市云城区河口田心小学,李广祥,广东省云浮市云城区河口街道田心村民委员会,云城区河口街道
云浮市云城区云城循常小学,麦淑媚,广东省云浮市云城区云城街道循常村民委员会,云城区云城街道
东坝镇大冲教学点,黄月桂,广东省云浮市郁南县东坝镇大迳村委会,郁南县东坝镇
加益镇中心小学清水教学点,黄火新,广东省云浮市罗定市加益镇清水村委会,罗定市加益镇
连滩镇天花塘教学点,陈柳莺,广东省云浮市郁南县连滩镇天花塘村委会,郁南县连滩镇
云浮市云安区六都镇冬城小学,潘栋樑,广东省云浮市云安区六都镇冬城村委会,云安区六都镇
南江口镇思约教学点,李耀强,广东省云浮市郁南县南江口镇上台村委会,郁南县南江口镇
连州镇中心小学高垌教学点,陈国生,广东省云浮市罗定市连州镇高垌村委会,罗定市连州镇
连滩镇高枧教学点,莫锦贤,广东省云浮市郁南县连滩镇高枧村委会,郁南县连滩镇
黎少镇中心小学榃泽教学点,关熙雄,广东省云浮市罗定市黎少镇林泽迳村委会,罗定市黎少镇
罗定市龙湾镇中心小学,梁桂伙,广东省云浮市罗定市龙湾镇扶合居委会,罗定市龙湾镇
建城镇大历教学点,余木伙,广东省云浮市郁南县建城镇大历村委会,郁南县建城镇
黎少镇中心小学赤岭教学点,赖森南,广东省云浮市罗定市黎少镇赤岭村委会,罗定市黎少镇
宋桂镇凤塘教学点,冯桂耀,广东省云浮市郁南县宋桂镇凤塘村委会,郁南县宋桂镇
金鸡镇中心小学乾相教学点,陈启珍,广东省云浮市罗定市金鸡镇罗贯村委会,罗定市金鸡镇
河口镇绿化教学点,万柏荣,广东省云浮市郁南县河口镇绿化村委会,郁南县河口镇
附城街新乐片中心小学太平教学点,钟金凤,广东省云浮市罗定市附城街道太平村委会,罗定市附城街道
新兴县稔村镇睦党教学点,区俊雄,广东省云浮市新兴县稔村镇睦党村民委员会,新兴县稔村镇
新兴县车岗镇云卓面教学点,余泽波,广东省云浮市新兴县车岗镇云卓面村民委员会,新兴县车岗镇
新兴县车岗镇车头小学,严武彬,广东省云浮市新兴县车岗镇车头村民委员会,新兴县车岗镇
南江口镇南瑶教学点,李耀强,广东省云浮市郁南县南江口镇南瑶村委会,郁南县南江口镇
分界镇中心小学金河教学点,黎强,广东省云浮市罗定市分界镇金河村委会,罗定市分界镇
素龙街中心小学赤坎教学点,黄天华,广东省云浮市罗定市素龙街道赤坎村委会,罗定市素龙街道
泗纶镇都门片中心小学新和教学点,李世潮,广东省云浮市罗定市泗纶镇新和村委会,罗定市泗纶镇
围底镇中心小学两社教学点,王亮,广东省云浮市罗定市围底镇朗社村委会,罗定市围底镇
云浮市云安区都杨镇仙菊小学,冯伟雄,广东省云浮市云安区都杨镇仙菊村民委员会,云安区都杨镇
新兴县新城镇下坪教学点,潘为民,广东省云浮市新兴县新城镇下坪社区居民委员会,新兴县新城镇
龙湾镇中心小学大朗教学点,李法新,广东省云浮市罗定市龙湾镇金充村委会,罗定市龙湾镇
云浮市云安区富林镇庙山小学,刘海窝,广东省云浮市云安区富林镇庙山村委会,云安区富林镇
罗镜镇中心小学镜南教学点,李成锴,广东省云浮市罗定市罗镜镇镜南村委会,罗定市罗镜镇
南江口镇上台教学点,李耀强,广东省云浮市郁南县南江口镇上台村委会,郁南县南江口镇
大湾镇中心小学,傅博榕,广东省云浮市郁南县大湾镇五星村委会,郁南县大湾镇
加益镇中心小学双益教学点,张庆斌,广东省云浮市罗定市加益镇双益村委会,罗定市加益镇
素龙街中心小学大甲第二教学点,唐玉华,广东省云浮市罗定市素龙街道大甲村委会,罗定市素龙街道
连州镇中心小学平北教学点,张展雄,广东省云浮市罗定市连州镇平北村委会,罗定市连州镇
桂圩镇平全教学点,李锐欢,广东省云浮市郁南县桂圩镇平全村委会,郁南县桂圩镇
黎少镇中心小学三家店教学点,张火坤,广东省云浮市罗定市黎少镇三家店村委会,罗定市黎少镇
云浮市云安区镇安镇河西小学,陈锦坤,广东省云浮市云安区镇安镇河西村委会,云安区镇安镇
云浮市云城区腰古镇永昌小学,周金兴,广东省云浮市云城区腰古镇永昌村民委员会,云城区腰古镇
罗平镇中心小学唐屋教学点,黄小权,广东省云浮市罗定市罗平镇塘屋村委会,罗定市罗平镇
新兴县六祖镇夏卢教学点,伍良玉,广东省云浮市新兴县六祖镇夏卢村民委员会,新兴县六祖镇
连州镇中心小学大蓬教学点,叶建成,广东省云浮市罗定市连州镇官田村委会,罗定市连州镇
西江实验学校,林碧艳,广东省云浮市郁南县都城镇二环中路89号,郁南县都城镇
千官镇希望教学点,谢海南,广东省云浮市郁南县千官镇云额村委会,郁南县千官镇
生江镇中心小学同和教学点,卓尚斌,广东省云浮市罗定市生江镇安全村委会,罗定市生江镇
云浮市云城区安塘珍竹小学,苏进良,广东省云浮市云城区安塘街道珍竹村民委员会,云城区安塘街道
双东街中心小学龙凤教学点,李平,广东省云浮市罗定市双东镇街道龙凤村委会,罗定市双东镇街道
新兴县大江镇蕉麻教学点,王泽权,广东省云浮市新兴县大江镇蕉麻村民委员会,新兴县大江镇
云浮市云安区镇安镇南安小学南平教学点,许其钦,广东省云浮市云安区镇安镇南安村委会,云安区镇安镇
新兴县六祖镇洒落教学点,伍锦秀,广东省云浮市新兴县六祖镇洒落村民委员会,新兴县六祖镇
东坝镇双凤教学点,刘卓茂,广东省云浮市郁南县东坝镇双凤村委会,郁南县东坝镇
新兴县河头镇步郎教学点,温仲芳,广东省云浮市新兴县河头镇步朗村民委员会,新兴县河头镇
苹塘镇中心小学龙吉教学点,唐巧建,广东省云浮市罗定市苹塘镇龙吉村委会,罗定市苹塘镇
塘镇中心小学振兴教学点,张国孔,广东省云浮市罗定市满塘镇满南村委会,罗定市满塘镇
云浮市云城区前锋镇横山小学,黎洪华,广东省云浮市云城区前锋镇横山村委会,云城区前锋镇
新兴县太平镇悦塘教学点,黄炳勇,广东省云浮市新兴县太平镇悦塘村民委员会,新兴县太平镇
榃滨镇中心小学潮岭教学点,刘汉新,广东省云浮市罗定市林滨镇潮岭村委会,罗定市林滨镇
新兴县稔村镇云礼教学点,傅伙锐,广东省云浮市新兴县稔村镇云礼村民委员会,新兴县稔村镇
千官镇金版教学点,陈海英,广东省云浮市郁南县千官镇金版村委会,郁南县千官镇
太平镇中心小学耀华教学点,关洁玲,广东省云浮市罗定市太平镇埒口村委会,罗定市太平镇
新兴县河头镇中心小学,练培友,广东省云浮市新兴县河头镇河头社区居民委员会,新兴县河头镇
新兴县实验小学,叶少丽,广东省云浮市新兴县新城镇城南社区居民委员会,新兴县新城镇
云浮市云城区腰古镇升平小学,张敏谦,广东省云浮市云城区腰古镇升平村民委员会,云城区腰古镇
罗平镇中心小学山田教学点,陈流华,广东省云浮市罗定市罗平镇山田村委会,罗定市罗平镇
罗定市分界镇中心小学,钟华,广东省云浮市罗定市分界镇分界居委会,罗定市分界镇
平台镇康顺教学点,钟伟锋,广东省云浮市郁南县平台镇康顺村委会,郁南县平台镇
云浮市云安区石城镇红山小学,张贤杰,广东省云浮市云安区石城镇红山村委会,云安区石城镇
建城镇上滘教学点,吴绍光,广东省云浮市郁南县建城镇车溶村委会,郁南县建城镇
素龙街中心小学大勺教学点,江海荣,广东省云浮市罗定市素龙街道大灼村委会,罗定市素龙街道
附城街新乐片中心小学云龙教学点,温炳树,广东省云浮市罗定市附城街道云龙村委会,罗定市附城街道
都城镇新城教学点,陈群兴,广东省云浮市郁南县都城镇新城村委会,郁南县都城镇
南江口镇中心小学,李耀强,广东省云浮市郁南县南江口镇港口村委会,郁南县南江口镇
金鸡镇中心小学大垌教学点,詹国平,广东省云浮市罗定市金鸡镇大垌村委会,罗定市金鸡镇
平台镇新乐教学点,钟伟均,广东省云浮市郁南县平台镇新乐村委会,郁南县平台镇
连滩镇菩山教学点,黎清华,广东省云浮市郁南县连滩镇连溪村委会,郁南县连滩镇
罗镜镇中心小学渡头教学点,吴宇忠,广东省云浮市罗定市罗镜镇官渡头村委会,罗定市罗镜镇
罗镜镇中心小学元山教学点,张英华,广东省云浮市罗定市罗镜镇椽安村委会,罗定市罗镜镇
云浮市云城区腰古镇明善小学,黄绍安,广东省云浮市云城区腰古镇雄强村民委员会,云城区腰古镇
云浮市云安区白石镇云磴小学,张林才,广东省云浮市云安区白石镇云磴村委会,云安区白石镇
新兴县河头镇料坑教学点,温达剑,广东省云浮市新兴县河头镇料坑村民委员会,新兴县河头镇
围底镇中心小学寻贤教学点,陈志荣,广东省云浮市罗定市围底镇寻贤村委会,罗定市围底镇
围底镇中心小学古薄塘教学点,许宏,广东省云浮市罗定市围底镇古薄塘村委会,罗定市围底镇
罗平镇中心小学榃北教学点,黄劲端,广东省云浮市罗定市罗平镇潭北村村委会,罗定市罗平镇
素龙街中心小学棠梨教学点,梁志锋,广东省云浮市罗定市素龙街道棠梨村委会,罗定市素龙街道
千官镇旺玖教学点,陈小龙,广东省云浮市郁南县千官镇旺玖村委会,郁南县千官镇
平台镇平村教学点,谢金文,广东省云浮市郁南县平台镇水台村委会,郁南县平台镇
华石镇中心小学双豆教学点,梁少凯,广东省云浮市罗定市华石镇双豆村委会,罗定市华石镇
太平镇中心小学石底教学点,吴仁楚,广东省云浮市罗定市太平镇双角村委会,罗定市太平镇
新兴县六祖镇龙山塘教学点,潘炳然,广东省云浮市新兴县六祖镇龙山塘村民委员会,新兴县六祖镇
新兴县稔村镇中心小学,严锦龙,广东省云浮市新兴县稔村镇稔村社区居民委员会,新兴县稔村镇
黎少镇中心小学龙久教学点,黄木泉,广东省云浮市罗定市黎少镇隆久村委会,罗定市黎少镇
云浮市云安区石城镇坳背小学,程锦洪,广东省云浮市云安区石城镇坳背村委会,云安区石城镇
新兴县水台镇棠下教学点,吴锦全,广东省云浮市新兴县水台镇棠下村民委员会,新兴县水台镇
罗定敏博实验学校,练远标,罗定市敏博实验学校,罗定市附城街道
云浮市云安区华立中英文小学,杨明聪,云浮市新城区,云安区都杨镇
云浮市云城区南盛镇小洞小学,黄贤熙,广东省云浮市云城区南盛镇小洞村委会,云城区南盛镇
金鸡镇中心小学洪塘教学点,郑卓荣,广东省云浮市罗定市金鸡镇洪塘村委会,罗定市金鸡镇
千官镇葵旺教学点,黄小芳,广东省云浮市郁南县千官镇葵旺村委会,郁南县千官镇
云浮市云安区镇安镇金源希望小学,吴均南,广东省云浮市云安区镇安镇幌伞村委会,云安区镇安镇
新兴县新城镇陇塘教学点,潘泽恒,广东省云浮市新兴县新城镇陇塘村民委员会,新兴县新城镇
新兴县车岗镇同安堡小学,梁雄华,广东省云浮市新兴县车岗镇竹围村民委员会,新兴县车岗镇
连滩镇大地坡教学点,杨全文,广东省云浮市郁南县连滩镇平山村委会,郁南县连滩镇
双东街中心小学忠智教学点,陈锋,广东省云浮市罗定市双东镇街道陈皮村委会,罗定市双东镇街道
云浮市云安区富林镇南浦小学,程树南,广东省云浮市云安区富林镇南甫村委会,云安区富林镇
围底镇中心小学古模教学点,陈惠明,广东省云浮市罗定市围底镇古模村委会,罗定市围底镇
云浮市云安区富林镇东路小学,廖庆林,广东省云浮市云安区富林镇东路村委会,云安区富林镇
榃滨镇中心小学高竹教学点,陈宝春,广东省云浮市罗定市林滨镇高竹村委会,罗定市林滨镇
云浮市云安区镇安镇河东小学,张鉴文,广东省云浮市云安区镇安镇河东村委会,云安区镇安镇
华石镇中心小学荔枝教学点,陈汉华,广东省云浮市罗定市华石镇荔枝冲村委会,罗定市华石镇
云浮市云安区六都镇谷塘小学,林建雄,广东省云浮市云安区六都镇谷塘村委会,云安区六都镇
船步镇中心小学龙岗教学点,邓培文,广东省云浮市罗定市船步镇龙岗村委会,罗定市船步镇
大湾镇水口教学点,邱群妹,广东省云浮市郁南县大湾镇水口村委会,郁南县大湾镇
新兴县东成镇布午教学点,梁振亮,广东省云浮市新兴县东成镇布午村民委员会,新兴县东成镇
新兴县新城镇中心小学,陈少洪,广东省云浮市新兴县新城镇侍郎社区居民委员会,新兴县新城镇
素龙街中心小学大榄第二教学点,梁明达,广东省云浮市罗定市素龙街道大榄村委会,罗定市素龙街道
云浮市云城区云城迳口小学,麦建能,广东省云浮市云城区云城街道迳口村民委员会,云城区云城街道
云浮市云城区腰古镇城头小学,曾军坚,广东省云浮市云城区腰古镇雄强村民委员会,云城区腰古镇
榃滨镇中心小学高楼教学点,许桂泉,广东省云浮市罗定市林滨镇车田村委会,罗定市林滨镇
云浮市云城区思劳镇冲坑小学,蓝绍雄,广东省云浮市云城区思劳镇冲坑村民委员会,云城区思劳镇
千官镇双波教学点,陈威,广东省云浮市郁南县千官镇清二村委会,郁南县千官镇
云浮市云城区南盛镇四坑小学,林能勇,广东省云浮市云城区南盛镇四坑村委会,云城区南盛镇
新兴县六祖镇中和小学,梁文林,广东省云浮市新兴县六祖镇中和村民委员会,新兴县六祖镇
船步镇中心小学双两教学点,李克芹,广东省云浮市罗定市船步镇双朗村委会,罗定市船步镇
罗平镇中心小学平垌教学点,梁韬,广东省云浮市罗定市罗平镇平垌村委会,罗定市罗平镇
云浮市邓发小学,李奕军,广东省云浮市云城区云城街道玉屏社区居民委员会,云城区云城街道
素龙街中心小学桃子教学点,陈兴河,广东省云浮市罗定市素龙街道桃子冲村委会,罗定市素龙街道
罗镜镇中心小学镜东教学点,陈雄,广东省云浮市罗定市罗镜镇镜东村委会,罗定市罗镜镇
泗纶镇中心小学分会教学点,陈武坤,广东省云浮市罗定市泗纶镇分会村委会,罗定市泗纶镇
附城街中心小学高峰教学点,董雁项,广东省云浮市罗定市附城街道高峰村委会,罗定市附城街道
新兴县河头镇湾边小学,苏冠飞,广东省云浮市新兴县河头镇湾边村民委员会,新兴县河头镇
新兴县簕竹镇飞雷教学点,陈东波,广东省云浮市新兴县簕竹镇非雷村民委员会,新兴县勒竹镇
新兴县太平镇河村小学,梁福伟,广东省云浮市新兴县太平镇河村社区居民委员会,新兴县太平镇
云浮市云城区南盛镇横岗小学,赵雄,广东省云浮市云城区南盛镇横岗村委会,云城区南盛镇
塘镇中心小学石菴教学点,覃松汉,广东省云浮市罗定市满塘镇石庵村委会,罗定市满塘镇
云浮市云城区安塘白村小学,李伙辉,广东省云浮市云城区安塘街道白村村民委员会,云城区安塘街道
新兴县新城镇昌桥小学,伍灶卿,广东省云浮市新兴县新城镇水东社区居民委员会,新兴县新城镇
云浮市云安区白石镇东圳小学,谢伙林,广东省云浮市云安区白石镇东圳村委会,云安区白石镇
太平镇中心小学黄豆坪教学点,彭宇,广东省云浮市罗定市太平镇黄豆坪村委会,罗定市太平镇
泗纶镇中心小学杨录教学点,陆志荣,广东省云浮市罗定市泗纶镇杨绿村委会,罗定市泗纶镇
云浮市云安区高村镇大田东冲教学点,曾庆猛,广东省云浮市云安县高村镇大田村委会,云安区高村镇
南江口镇森约教学点,李耀强,广东省云浮市郁南县南江口镇森约村委会,郁南县南江口镇
附城街中心小学同仁教学点,王清华,广东省云浮市罗定市附城街道同仁村委会,罗定市附城街道
云浮市云安区富林镇界石小学,陈应桥,广东省云浮市云安区富林镇界石村委会,云安区富林镇
新兴县六祖镇船岗小学,李志强,广东省云浮市新兴县六祖镇西睦社区居民委员会,新兴县六祖镇
云浮市云安区白石镇东星小学,黄子梁,广东省云浮市云安区白石镇东星村委会,云安区白石镇
新兴县河头镇深山田教学点,黄玉权,广东省云浮市新兴县河头镇河西村民委员会,新兴县河头镇
生江镇中心小学七记教学点,郭勇,广东省云浮市罗定市生江镇七记村委会,罗定市生江镇
分界镇中心小学大塘教学点,黎妙,广东省云浮市罗定市分界镇罗星村委会,罗定市分界镇
黎少镇中心小学湾角教学点,赖家明,广东省云浮市罗定市黎少镇黎少村委会,罗定市黎少镇
云浮市云城区南盛镇大窝小学,邓桂雄,广东省云浮市云城区南盛镇大窝村委会,云城区南盛镇
东坝镇思磊教学点,万龙才,广东省云浮市郁南县东坝镇思磊村委会,郁南县东坝镇
云浮市云城区前锋镇罗坤小学,陈金保,广东省云浮市云城区前锋镇罗坤村委会,云城区前锋镇
连州镇中心小学石迳教学点,林景华,广东省云浮市罗定市连州镇万车村委会,罗定市连州镇
华石镇中心小学洞口教学点,苏振贤,广东省云浮市罗定市华石镇华石社区居民委员会,罗定市华石镇
围底镇中心小学文岗教学点,陈明,广东省云浮市罗定市围底镇文岗村委会,罗定市围底镇
千官镇莲塘教学点,黄坤庆,广东省云浮市郁南县千官镇连塘村委会,郁南县千官镇
罗平镇中心小学营下教学点,邓建华,广东省云浮市罗定市罗平镇营下村委会,罗定市罗平镇
云浮市第八小学,甘家斌,广东省云浮市云城区云城街道罗沙村民委员会,云城区云城街道
新兴县东成镇布乾教学点,谭新润,广东省云浮市新兴县东成镇布乾村民委员会,新兴县东成镇
河口镇油麻坑教学点,王健芳,广东省云浮市郁南县河口镇油麻坑村委会,郁南县河口镇
素龙街中心小学沙步教学点,陈英杰,广东省云浮市罗定市素龙街道沙步村委会,罗定市素龙街道
河口镇佛子坝教学点,宋晓文,广东省云浮市郁南县河口镇佛子坝村委会,郁南县河口镇
河口镇宋清教学点,傅成才,广东省云浮市郁南县河口镇龙溪村委会,郁南县河口镇
新兴县太平镇中黄小学,李家添,广东省云浮市新兴县太平镇中黄村民委员会,新兴县太平镇
连滩镇坎头教学点,黄建国,广东省云浮市郁南县连滩镇龙岩村委会,郁南县连滩镇
船步镇中心小学河背教学点,蓝才权,广东省云浮市罗定市船步镇河背村委会,罗定市船步镇
云浮市云城区安塘古宠小学,何建明,广东省云浮市云城区安塘街道古宠村民委员会,云城区安塘街道
附城街新乐片中心小学冲丽教学点,罗锦林,广东省云浮市罗定市附城街道冲丽村委会,罗定市附城街道
云浮市云安区都杨镇洚水思源小学,莫杏深,广东省云浮市云安区都杨镇降水村民委员会,云安区都杨镇
罗城柑园小学,黄文锴,广东省云浮市罗定市罗城街道柑园居委会,罗定市罗城街道
船步镇中心小学甘步教学点,卢金生,广东省云浮市罗定市船步镇甘步村委会,罗定市船步镇
黎少镇中心小学榃卜教学点,杨佐尧,广东省云浮市罗定市黎少镇林濮村委会,罗定市黎少镇
生江镇中心小学八和教学点,谭家新,广东省云浮市罗定市生江镇八和村委会,罗定市生江镇
罗平镇中心小学沙两教学点,许杰锋,广东省云浮市罗定市罗平镇沙头村委会,罗定市罗平镇
龙湾镇中心小学永乐教学点,曹辉益,广东省云浮市罗定市龙湾镇永乐村委会,罗定市龙湾镇
桂圩镇江咀教学点,莫光伟,广东省云浮市郁南县桂圩镇江咀村委会,郁南县桂圩镇
附城街中心小学星光尚雅教学点,卢添源,广东省云浮市罗定市附城街道星光村委会,罗定市附城街道
新兴县东成镇森村教学点,陈文乐,广东省云浮市新兴县东成镇森村村民委员会,新兴县东成镇
桂圩镇岗罗教学点,孔秀坚,广东省云浮市郁南县桂圩镇岗罗村委会,郁南县桂圩镇
附城街新乐片中心小学黄沙教学点,陈良先,广东省云浮市罗定市附城街道黄沙村委会,罗定市附城街道
罗定市实验小学,陈汉文,广东省云浮市罗定市罗城街道道前街21号左一,罗定市罗城街道
云浮市云安区高村镇石牛小学,陈镜秋,广东省云浮市云安县高村镇石牛村委会,云安区高村镇
云浮市云安区石城镇上洞小学,罗敦庆,广东省云浮市云安区石城镇上洞村委会,云安区石城镇
泗纶镇都门片中心小学和平教学点,黄超华,广东省云浮市罗定市泗纶镇和平村委会,罗定市泗纶镇
新兴县车岗镇铁洞小学,黄学泳,广东省云浮市新兴县车岗镇洞表村民委员会,新兴县车岗镇
云浮市云安区都杨镇大播小学,董国平,广东省云浮市云安区都杨镇大播村民委员会,云安区都杨镇
太平镇中心小学新生教学点,陈伟灿,广东省云浮市罗定市太平镇木利村委会,罗定市太平镇
新兴县稔村镇布夏小学,崔卫端,广东省云浮市新兴县稔村镇布夏村民委员会,新兴县稔村镇
罗镜镇廷锴将军八一希望小学,区朝阳,广东省云浮市罗定市罗镜镇龙岩村委会,罗定市罗镜镇
生江镇中心小学八达教学点,黎志宏,广东省云浮市罗定市生江镇八达村委会,罗定市生江镇
云浮市云城区思劳镇都老小学,严月英,广东省云浮市云城区思劳镇都老村民委员会,云城区思劳镇
榃滨镇中心小学永坑教学点,胡登学,广东省云浮市罗定市林滨镇永坑村委会,罗定市林滨镇
通门镇鸡林教学点,龙其荣,广东省云浮市郁南县通门镇鸡林村委会,郁南县通门镇
素龙街中心小学平南第二教学点,黄国明,广东省云浮市罗定市素龙街道平南村委会,罗定市素龙街道
黎少镇中心小学丽芝教学点,张辉宙,广东省云浮市罗定市黎少镇丽芝村委会,罗定市黎少镇
榃滨镇中心小学金河教学点,禤灿凤,广东省云浮市罗定市林滨镇金滩村委会,罗定市林滨镇
云浮市云安区镇安镇中心小学,李泽多,广东省云浮市云安区镇安镇西安村委会,云安区镇安镇
新兴县新城镇洞口小学,黎锦东,广东省云浮市新兴县新城镇坡边村民委员会,新兴县新城镇
新兴县车岗镇中心小学,钟学政,广东省云浮市新兴县车岗镇夏龙社区居民委员会,新兴县车岗镇
历洞镇中心小学,陶灿兴,广东省云浮市郁南县历洞镇历洞村委会,郁南县历洞镇
云浮市云安区富林镇民主小学,廖德友,广东省云浮市云安区富林镇民主村委会,云安区富林镇
桂圩镇桂连教学点,颜德雄,广东省云浮市郁南县桂圩镇桂连村委会,郁南县桂圩镇
南江口镇深湾教学点,李耀强,广东省云浮市郁南县南江口镇深湾村委会,郁南县南江口镇
塘镇中心小学东第一教学点,刘学贤,广东省云浮市罗定市满塘镇满东村委会,罗定市满塘镇
双东街中心小学罗村教学点,黎敏,广东省云浮市罗定市双东镇街道双东村委会,罗定市双东镇街道
分界镇中心小学罗金教学点,蔡其成,广东省云浮市罗定市分界镇罗金村委会,罗定市分界镇
华石镇中心小学,黄建洋,广东省云浮市罗定市华石镇寨脚村委会,罗定市华石镇
新兴县新城镇西街小学,冯维,广东省云浮市新兴县新城镇锦水社区居民委员会,新兴县新城镇
新兴县新城镇三挺教学点,卢志强,广东省云浮市新兴县新城镇三挺村民委员会,新兴县新城镇
云浮市云安区六都镇启秀小学,麦志华,广东省云浮市云安区六都镇黄湾村委会,云安区六都镇
云浮市云安区高村镇中心小学,符均扬,广东省云浮市云安县高村镇高村村委会,云安区高村镇
云浮市云安区六都镇上六小学,苏月雄,广东省云浮市云安区六都镇上六村委会,云安区六都镇
新兴县车岗镇云洞教学点,欧元发,广东省云浮市新兴县车岗镇云洞村民委员会,新兴县车岗镇
东坝镇中心小学,杨燕聪,广东省云浮市郁南县东坝镇大坪村委会,郁南县东坝镇
新兴县新城镇凤凰小学,廖志明,广东省云浮市新兴县新城镇凤凰村民委员会,新兴县新城镇
云浮市云安区石城镇高潭小学,张奕明,广东省云浮市云安区石城镇高潭村委会,云安区石城镇
云浮市云安区六都镇富强小学,曾荣桂,广东省云浮市云安区六都镇富强村委会,云安区六都镇
加益镇中心小学合江教学点,陈梅媛,广东省云浮市罗定市加益镇合江村委会,罗定市加益镇
船步镇中心小学谋平教学点,许汉杰,广东省云浮市罗定市船步镇谋平村委会,罗定市船步镇
泗纶镇中心小学鸭脚教学点,赖荣球,广东省云浮市罗定市泗纶镇鸭脚村委会,罗定市泗纶镇
罗平镇中心小学榃西教学点,胡思明,广东省云浮市罗定市罗平镇潭西村委会,罗定市罗平镇
新兴县新城镇茅园教学点,刘子坚,广东省云浮市新兴县新城镇茅园社区居民委员会,新兴县新城镇
宋桂镇茆坡教学点,李金坤,广东省云浮市郁南县宋桂镇茆坡村委会,郁南县宋桂镇
千官镇登心教学点,何美珍,广东省云浮市郁南县千官镇登心村委会,郁南县千官镇
华石镇中心小学古范教学点,谭来源,广东省云浮市罗定市华石镇古范村委会,罗定市华石镇
历洞镇农林教学点,吴建昌,广东省云浮市郁南县历洞镇农林村委会,郁南县历洞镇
太平镇中心小学双角教学点,吴仁楚,广东省云浮市罗定市太平镇双角村委会,罗定市太平镇
云浮市云安区镇安镇公安小学,卢钦泉,广东省云浮市云安区镇安镇公安村委会,云安区镇安镇
罗平镇中心小学古莲教学点,陈燕明,广东省云浮市罗定市罗平镇古莲冲村委会,罗定市罗平镇
云浮市云城区南盛镇黎明小学,刘文鉴,广东省云浮市云城区南盛镇黎明村委会,云城区南盛镇
罗定泷州小学,余贵先,广东省罗定市双东街道白荷村增城自然村,罗定市双东镇街道
罗城城中小学,张劲球,广东省云浮市罗定市罗城街道中区居委会,罗定市罗城街道
围底镇中心小学莲塘头教学点,叶坚,广东省云浮市罗定市围底镇莲塘头村委会,罗定市围底镇
历洞镇内翰小学,邱森键,广东省云浮市郁南县历洞镇内翰村委会,郁南县历洞镇
罗定市金鸡镇中心小学,许为波,广东省云浮市罗定市金鸡镇金鸡居委会,罗定市金鸡镇
云浮市云城区前锋镇罗坪小学,李庆标,广东省云浮市云城区前锋镇罗坪村委会,云城区前锋镇
桂圩镇两口教学点,钟锦扬,广东省云浮市郁南县桂圩镇满口村委会,郁南县桂圩镇
新兴县新城镇雨洞教学点,何文渊,广东省云浮市新兴县新城镇雨洞村民委员会,新兴县新城镇
云浮市云安区高村镇谭翁小学,曾金强,广东省云浮市云安县高村镇谭翁村委会,云安区高村镇
塘镇中心小学都近教学点,覃乃臣,广东省云浮市罗定市满塘镇都近村委会,罗定市满塘镇
大方镇三和教学点,赖汝金,广东省云浮市郁南县大方镇三和村委会,郁南县大方镇
连滩镇元宗小学,邱家强,广东省云浮市郁南县连滩镇思和村委会,郁南县连滩镇
云浮市云安区六都镇南乡小学,张冰涛,广东省云浮市云安县六都镇南乡村委会,云安区六都镇
建城镇东二教学点,何启瑞,广东省云浮市郁南县建城镇东二村委会,郁南县建城镇
新兴县天堂镇西震教学点,黄家智,广东省云浮市新兴县天堂镇东震村民委员会,新兴县天堂镇
云浮市云安区六都镇大河小学,李水池,广东省云浮市云安县六都镇大河村委会,云安区六都镇
云浮市云安区都杨镇洞坑小学,程建文,广东省云浮市云安区都杨镇洞坑村民委员会,云安区都杨镇
太平镇中心小学洞美教学点,周健,广东省云浮市罗定市太平镇洞美村委会,罗定市太平镇
云浮市云城区河口布务小学,钱发兴,广东省云浮市云城区河口街道布务村民委员会,云城区河口街道
大方镇上福教学点,赖文钦,广东省云浮市郁南县大方镇上福村委会,郁南县大方镇
云浮市云安区富林镇马塘小学,刘金其,广东省云浮市云安区富林镇马塘村委会,云安区富林镇
素龙街中心小学七和教学点,陈红卫,广东省云浮市罗定市素龙街道七和村委会,罗定市素龙街道
罗镜镇中心小学北昆教学点,彭金凤,广东省云浮市罗定市罗镜镇水摆村委会,罗定市罗镜镇
建城镇西镇教学点,程桂鸿,广东省云浮市郁南县建城镇西镇村委会,郁南县建城镇
苹塘镇中心小学周沙教学点,廖新雄,广东省云浮市罗定市苹塘镇周沙村委会,罗定市苹塘镇
罗镜镇中心小学三团教学点,张忠威,广东省云浮市罗定市罗镜镇椽安村委会,罗定市罗镜镇
云浮市云安区高村镇司马小学,符华南,广东省云浮市云安县高村镇司马村委会,云安区高村镇
千官镇古罗教学点,陈剑,广东省云浮市郁南县千官镇古罗村委会,郁南县千官镇
罗定第一小学,郭彤,广东省云浮市罗定市实验小学路1号,罗定市罗城街道
榃滨镇中心小学思理教学点,李勇泉,广东省云浮市罗定市林滨镇思理村委会,罗定市林滨镇
加益镇中心小学木寨教学点,陈天生,广东省云浮市罗定市加益镇木寨村委会,罗定市加益镇
新兴县太平镇罗陈小学,李国权,广东省云浮市新兴县太平镇罗陈村民委员会,新兴县太平镇
加益镇中心小学灵凡教学点,董家洪,广东省云浮市罗定市加益镇灵凡村委会,罗定市加益镇
云浮市云安区六都镇庆丰小学,林建雄,广东省云浮市云安区六都镇庆丰村委会,云安区六都镇
云浮市云安区都杨镇三合希望小学,潘伟聪,广东省云浮市云安区都杨镇三合村民委员会,云安区都杨镇
太平镇中心小学励志教学点,梁国勇,广东省云浮市罗定市太平镇励志村委会,罗定市太平镇
云浮市云安区镇安镇永星小学,刘炳清,广东省云浮市云安区镇安镇永星村委会,云安区镇安镇
都城镇水塘教学点,姚子锋,广东省云浮市郁南县都城镇水塘村委会,郁南县都城镇
黎少镇中心小学榃桥教学点,李雄林,广东省云浮市罗定市黎少镇泗片村委会,罗定市黎少镇
附城街新乐片中心小学东冠教学点,李祖隆,广东省云浮市罗定市附城街道东冠村委会,罗定市附城街道
泗纶镇中心小学胜乐教学点,胡兆龙,广东省云浮市罗定市泗纶镇胜乐村委会,罗定市泗纶镇
云浮市云安区高村镇六马小学,苏石泉,广东省云浮市云安县高村镇六马村委会,云安区高村镇
船步镇中心小学山垌教学点,邓荣才,广东省云浮市罗定市船步镇山垌村委会,罗定市船步镇
附城街新乐片中心小学四东教学点,谢海荣,广东省云浮市罗定市附城街道四东村委会,罗定市附城街道
千官镇云霄教学点,吴永飞,广东省云浮市郁南县千官镇云霄村委会,郁南县千官镇
新兴县稔村镇兴育小学,熊灿,广东省云浮市新兴县稔村镇坝塘村民委员会,新兴县稔村镇
都城镇锦枝小学,袁振令,广东省云浮市郁南县都城镇城北居委会,郁南县都城镇
连滩镇平山教学点,谭德权,广东省云浮市郁南县连滩镇平山村委会,郁南县连滩镇
云浮市云城区南盛镇枧岭小学,李悦强,广东省云浮市云城区南盛镇枧岭村委会,云城区南盛镇
加益镇中心小学排阜教学点,王灿生,广东省云浮市罗定市加益镇排埠村委会,罗定市加益镇
云浮市云硫小学,周月英,广东省云浮市云城区高峰街道高峰村民委员会,云城区高峰街道
苹塘镇中心小学山口岗教学点,林发勇,广东省云浮市罗定市苹塘镇周沙村委会,罗定市苹塘镇
通门镇中心小学,张梓强,广东省云浮市郁南县通门镇街坊村委会,郁南县通门镇
云浮市云安区富林镇高二小学,叶木兴,广东省云浮市云安区富林镇高二村委会,云安区富林镇
宝珠镇大用教学点,程伯明,广东省云浮市郁南县宝珠镇大用村委会,郁南县宝珠镇
云浮市云城区前锋镇崖楼小学,刘志辉,广东省云浮市云城区前锋镇崖楼村委会,云城区前锋镇
新兴县天堂镇沙湾教学点,袁国锋,广东省云浮市新兴县天堂镇南顺村民委员会,新兴县天堂镇
新兴县太平镇水浪教学点,李棋森,广东省云浮市新兴县太平镇水浪村民委员会,新兴县太平镇
新兴县稔村镇布辰小学,李洪新,广东省云浮市新兴县稔村镇布辰村民委员会,新兴县稔村镇
云浮市云城区河口初城学校,朱建梅,广东省云浮市云城区河口街道初城村民委员会,云城区河口街道
云浮市云安区六都镇大庆小学,陈国华,广东省云浮市云安区六都镇大庆村委会,云安区六都镇
黎少镇中心小学大塘教学点,李留平,广东省云浮市罗定市黎少镇大塘村委会,罗定市黎少镇
云浮市云安区都杨镇麦坑小学,曾瑞华,广东省云浮市云安区都杨镇珠川村民委员会,云安区都杨镇
云浮市云城区南盛镇七洞小学,赵同健,广东省云浮市云城区南盛镇七洞村委会,云城区南盛镇
云浮市云安区白石镇横迳小学,苏炳泽,广东省云浮市云安区白石镇横迳村委会,云安区白石镇
罗定市连州镇中心小学,赖国森,广东省云浮市罗定市连州镇连州居委会,罗定市连州镇
平台镇次步教学点,冼江彦,广东省云浮市郁南县平台镇赐步村委会,郁南县平台镇
平台镇中村教学点,羽火荣,广东省云浮市郁南县平台镇中村村委会,郁南县平台镇
河口镇中心小学,张祝云,广东省云浮市郁南县河口镇河口居委会,郁南县河口镇
塘镇中心小学石碑教学点,邓沛林,广东省云浮市罗定市满塘镇石碑村委会,罗定市满塘镇
榃滨镇中心小学山河教学点,李勇,广东省云浮市罗定市林滨镇山河村委会,罗定市林滨镇
新兴县天堂镇五西小学,温开顺,广东省云浮市新兴县天堂镇五西村民委员会,新兴县天堂镇
附城街新乐片中心小学新竹教学点,黄根,广东省云浮市罗定市附城街道新竹村委会,罗定市附城街道
龙湾镇中心小学榕木教学点,吴光,广东省云浮市罗定市龙湾镇榕木村委会,罗定市龙湾镇
南江口镇南渡教学点,李耀强,广东省云浮市郁南县南江口镇南渡村委会,郁南县南江口镇
分界镇中心小学三和教学点,张家齐,广东省云浮市罗定市分界镇三和村委会,罗定市分界镇
新兴县稔村镇芦村教学点,胡敏超,广东省云浮市新兴县稔村镇芦村村民委员会,新兴县稔村镇
建城镇地心教学点,郭小红,广东省云浮市郁南县建城镇地心村委会,郁南县建城镇
罗城城南小学,梁志本,广东省云浮市罗定市罗城街道细坑居委会,罗定市罗城街道
罗定市双东街白荷小学,蓝岚,广东省云浮市罗定市双东镇街道白荷村委会,罗定市双东镇街道
云浮市第一小学,桂先元,广东省云浮市云城区云城街道星岩社区居民委员会,云城区云城街道
罗镜镇新榕片中心小学横桥教学点,黄俊伟,广东省云浮市罗定市罗镜镇横桥村委会,罗定市罗镜镇
太平镇中心小学木利教学点,翁章登,广东省云浮市罗定市太平镇木利村委会,罗定市太平镇
云浮市云城区前锋镇黄沙小学,伍国辉,广东省云浮市云城区前锋镇黄沙村委会,云城区前锋镇
苹塘镇中心小学石脚教学点,邓灿焕,广东省云浮市罗定市苹塘镇桐油村委会,罗定市苹塘镇
新兴县六祖镇官洞小学,钟锦新,广东省云浮市新兴县六祖镇官洞村民委员会,新兴县六祖镇
生江镇中心小学榃兵教学点,袁灿权,广东省云浮市罗定市生江镇林兵村委会,罗定市生江镇
云浮市云城区安塘都涝小学,邓瑞基,广东省云浮市云城区安塘街道都涝村民委员会,云城区安塘街道
华石镇中心小学三屋教学点,陈达权,广东省云浮市罗定市华石镇三屋村委会,罗定市华石镇
云浮市云安区高村镇葵洞小学,林树深,广东省云浮市云安县高村镇葵洞村委会,云安区高村镇
云浮市第六小学,彭慧莲,广东省云浮市云城区云城街道丰收村民委员会,云城区云城街道
新兴县里洞镇里江小学,梁日洪,广东省云浮市新兴县里洞镇里江村民委员会,新兴县里洞镇
新兴县簕竹镇良洞教学点,莫鸿伟,广东省云浮市新兴县簕竹镇良洞村民委员会,新兴县勒竹镇
新兴县六祖镇河步教学点,梁杏雪,广东省云浮市新兴县六祖镇河步村民委员会,新兴县六祖镇
分界镇中心小学金垌教学点,周健,广东省云浮市罗定市分界镇金垌村委会,罗定市分界镇
新兴县河头镇河仔口教学点,陈永雄,广东省云浮市新兴县河头镇河仔口村民委员会,新兴县河头镇
南江口镇仙垌教学点,李耀强,广东省云浮市郁南县南江口镇黄岗村委会,郁南县南江口镇
