F3070225300022_000026002,F3070225300022_000026001,F3070225300022_000026004,F3070225300022_000026003
广东省云浮市郁南县通门镇街坊村委会,通门镇初级中学,谢发明,郁南县通门镇
罗定市素龙街道朝阳路78号,罗定市素龙中学,张灿忠,罗定市素龙街道
广东省云浮市郁南县南江口镇南江口居委会,南江口镇初级中学,陈标华,郁南县南江口镇
广东省云浮市云安区石城镇燎原村委会,云浮市云安区石城镇茶洞中学,黄国林,云安区石城镇
广东省云浮市郁南县连滩镇振兴社区居委会,连滩镇初级中学,姚伟坤,郁南县连滩镇
广东省云浮市郁南县建城镇建城居委会,建城镇初级中学,王志雄,郁南县建城镇
广东省云浮市郁南县宝珠镇宝珠居委会,宝珠镇中心学校,莫日炎,郁南县宝珠镇
广东省云浮市郁南县都城镇九塘基53号,郁南县实验中学,丘仁杰,郁南县都城镇
广东省云浮市新兴县东成镇布乾村民委员会,新兴县东成镇初级中学,曹太宁,新兴县东成镇
广东省云浮市郁南县大方镇大方居委会,大方镇中心学校,陈桂池,郁南县大方镇
广东省云浮市罗定市罗镜镇罗镜居委会,罗定市罗镜镇中学,潘伟雄,罗定市罗镜镇
广东省云浮市云城区云城街道岔路村民委员会,云浮市第二中学,曾鉴清,云城区云城街道
广东省云浮市罗定市生江镇生江居委会,罗定市华侨中学,戴辉武,罗定市生江镇
广东省云浮市罗定市附城街道新乐村委会,罗定新乐中学,沈恒华,罗定市附城街道
广东省云浮市云安区石城镇托洞村委会,云浮市云安区石城镇石城中学,廖伟华,云安区石城镇
广东省云浮市云城区河口街道民生一路,云浮市云城区河口中学,卢春省,云城区河口街道
广东省云浮市罗定市罗平镇古莲冲村委会,罗定市罗平中学,覃继华,罗定市罗平镇
广东省云浮市郁南县都城镇城北居委会,都城镇初级中学,冯少锋,郁南县都城镇
广东省云浮市罗定市满塘镇满塘居委会,罗定市塘中学,陈兴奇,罗定市满塘镇
广东省云浮市罗定市双东镇街道双东居委会,罗定第四中学,彭有,罗定市双东镇街道
广东省云浮市云安区都杨镇杨柳社区居民委员会,云浮市云安区都杨镇杨柳中学,李杰勤,云安区都杨镇
广东省云浮市云安区都杨镇都骑社区居民委员会,云浮市云安区都杨镇都骑中学,陆志平,云安区都杨镇
广东省云浮市新兴县太平镇河村社区居民委员会,新兴县太平镇共成中学,梁一雄,新兴县太平镇
广东省云浮市郁南县宋桂镇宋桂居委会,宋桂镇初级中学,陈永流,郁南县宋桂镇
广东省云浮市新兴县水台镇六乡社区居民委员会,新兴县水台镇初级中学,苏山君,新兴县水台镇
广东省云浮市罗定市连州镇连州居委会,罗定市连州中学,钟家永,罗定市连州镇
广东省云浮市罗定市华石镇华石社区居民委员会,罗定市华石中学,黄树茂,罗定市华石镇
广东省云浮市云安县六都镇南乡村委会,云浮市云安区南乡中学,练树新,云安区六都镇
广东省云浮市云安县高村镇高村居委会,云浮市云安区高村镇中学,陈锡荣,云安区高村镇
广东省云浮市新兴县车岗镇夏龙社区居民委员会,新兴县车岗镇初级中学,胡令中,新兴县车岗镇
广东省云浮市罗定市罗城街道西区居委会,罗定市罗城中学,林灿森,罗定市罗城街道
广东省云浮市云城区环市西路教育园区,云浮市伊顿实验学校,铁铮,云城区云城街道
广东省云浮市郁南县千官镇大全村委会,千官镇大全中心学校,吴海潮,郁南县千官镇
广东省云浮市云安区镇安镇镇安居委会,云浮市云安区镇安镇中学,杨杰洪,云安区镇安镇
广东省云浮市郁南县历洞镇历洞居委会,历洞镇初级中学,陈永广,郁南县历洞镇
广东省云浮市罗定市罗平镇罗平居委会,罗定市罗平镇第二中学,陈永洪,罗定市罗平镇
广东省云浮市云城区腰古镇新江大道54号,云浮市云城区腰古镇中学,曹志伟,云城区腰古镇
广东省云浮市罗定市苹塘镇苹塘居委会,罗定市苹塘中学,林洪华,罗定市苹塘镇
广东省云浮市云安区富林镇富林居委会,云浮市云安区富林镇中学,练树辉,云安区富林镇
广东省云浮市新兴县新城镇下坪社区居民委员会,新兴县新城镇洞口中学,伍绍燕,新兴县新城镇
广东省云浮市罗定市分界镇分界村委会,罗定市分界中学,陈瑞英,罗定市分界镇
广东省云浮市新兴县新城镇平康社区居民委员会,新兴县环城中学,黄志伟,新兴县新城镇
广东省云浮市云城区前锋镇前锋居委会,云浮市云城区前锋镇中学,苏晓婷,云城区前锋镇
广东省云浮市罗定市加益镇柏林街300号,罗定市加益中学,张金瑞,罗定市加益镇
广东省云浮市罗定市罗镜镇新星村委会,罗定市新榕中学,谭国开,罗定市罗镜镇
广东省云浮市新兴县六祖镇雅岗社区居民委员会,新兴县六祖镇集成中学,邝祖强,新兴县六祖镇
广东省云浮市郁南县平台镇平台居委会,平台镇初级中学,吴江华,郁南县平台镇
广东省云浮市云城区安塘街道古宠村民委员会,云浮市云城区安塘中学,叶耀光,云城区安塘街道
广东省云浮市郁南县桂圩镇罗顺居委会,桂圩镇罗顺初级中学,杨小锋,郁南县桂圩镇
广东省云浮市云城区思劳镇思劳社区居民委员会,云浮市云城区思劳镇梁桂华纪念中学,曾祥升,云城区思劳镇
广东省云浮市罗定市榃滨镇榃滨居委会,罗定市榃滨中学,李新留,罗定市林滨镇
广东省云浮市新兴县天堂镇区村村民委员会,新兴县天堂镇第二初级中学,胡健,新兴县天堂镇
广东省云浮市罗定市船步镇群贤路7号,罗定市船步中学,陈燕才,罗定市船步镇
广东省云浮市新兴县新城镇城南社区居民委员会,新兴县实验中学,伍绍武,新兴县新城镇
广东省云浮市云安区白石镇白石居委会,云浮市云安区白石镇中学,刘桂敏,云安区白石镇
广东省云浮市郁南县桂圩镇桂圩村委会,桂圩镇初级中学,梅海钊,郁南县桂圩镇
广东省云浮市罗定市泗纶镇泗纶居委会,罗定市泗纶中学,黎水旺,罗定市泗纶镇
广东省云浮市新兴县里洞镇里洞社区居民委员会,新兴县里洞镇初级中学,李杰,新兴县里洞镇
广东省云浮市罗定市围底镇杨村村委会杨村村,罗定市围底中学,辛坚,罗定市围底镇
广东省云浮市郁南县河口镇河口居委会,河口镇初级中学,谢天才,郁南县河口镇
广东省云浮市新兴县太平镇马山社区居民委员会,新兴县蚕岗中学,崔剑初,新兴县太平镇
广东省云浮市郁南县建城镇罗旁居委会,建城镇罗旁初级中学,何永刚,郁南县建城镇
广东省云浮市罗定市泗纶镇明镜村委会,罗定市都门中学,区映通,罗定市泗纶镇
广东省云浮市罗定市黎少镇黎少居委会,罗定市黎少中学,陈锐高,罗定市黎少镇
广东省云浮市郁南县千官镇千官村委会,千官中学,李志强,郁南县千官镇
广东省云浮市郁南县东坝镇龙塘村委会,东坝镇龙塘初级中学,余振本,郁南县东坝镇
广东省云浮市罗定市罗城街道城东居委会,罗定喜耀粤西学校,江世兵,罗定市罗城街道
广东省云浮市罗定市素龙街道潭井村委会,罗定第三中学,梁培东,罗定市素龙街道
广东省云浮市罗定市金鸡镇金鸡居委会,罗定市金鸡中学,王标,罗定市金鸡镇
广东省云浮市郁南县东坝镇大坪村委会,东坝镇初级中学,黄永雄,郁南县东坝镇
广东省云浮市云城区南盛镇南盛居委会,云浮市云城区南盛镇中学,伍尚泉,云城区南盛镇
广东省云浮市罗定市附城街道丰盛村委会,华天中英文学校,刘迪刚,罗定市附城街道
广东省云浮市云城区云城街道丰收街80号,云浮市第三中学,陈金玲,云城区云城街道
广东省云浮市罗定市太平镇太平居委会,罗定市太平中学,陈世平,罗定市太平镇
广东省云浮市郁南县大湾镇大湾居委会,大湾镇初级中学,赵广文,郁南县大湾镇
广东省云浮市罗定市龙湾镇龙湾居委文明路11号,罗定市龙湾中学,林汉坤,罗定市龙湾镇
广东省云浮市新兴县簕竹镇红光社区居民委员会,新兴县簕竹镇初级中学,陈念慈,新兴县勒竹镇
广东省云浮市新兴县河头镇河头社区居民委员会,新兴县河头镇初级中学,伍金兴,新兴县河头镇
广东省云浮市新兴县稔村镇稔村社区居民委员会,新兴县稔村镇初级中学,崔剑初,新兴县稔村镇
广东省云浮市云城区高峰街道星岩五路196号,云浮市云城区高峰中学,谢明华,云城区高峰街道
广东省云浮市新兴县六祖镇西睦社区居民委员会,新兴县明德中学,苏柱亮,新兴县六祖镇
