F3070225300022_000025004,F3070225300022_000025001,F3070225300022_000025003,F3070225300022_000025002
谭创基,罗定实验中学,罗定市素龙街道,广东省云浮市罗定市素龙街道潭井村委会
戴光兴,罗定市泷水中学,罗定市罗镜镇,广东省云浮市罗定市罗镜镇罗镜居委会
刘兴华,西江中学,郁南县都城镇,广东省云浮市郁南县都城镇城西居委会
谭国松,罗定中学,罗定市罗城街道,广东省云浮市罗定市罗城街道府前路15号
唐以森,罗定第一中学,罗定市附城街道,广东省云浮市罗定市附城街道附城居委会
陈培贤,新兴县华侨中学,新兴县新城镇,广东省云浮市新兴县新城镇南外社区居民委员会
梁棣佳,罗定市泷州中学,罗定市素龙街道,广东省云浮市罗定市素龙街道凤西村委会
梁锐基,罗定市廷锴纪念中学,罗定市罗城街道,广东省云浮市罗定市罗城街道柑园居委会
卢炽明,蔡朝焜纪念中学,郁南县都城镇,广东省云浮市郁南县都城镇白木村委会
张凤平,新兴县惠能中学,新兴县新城镇,广东省云浮市新兴县新城镇布坪村民委员会
刘鹏举,云浮市云浮中学,云城区云城街道,广东省云浮市云城区云城街道金龙社区居民委员会
覃敬文,云浮市第一中学,云城区高峰街道,广东省云浮市云城区高峰街道高峰村民委员会
欧泽昌,云浮市邓发纪念中学,云城区市辖区,广东省云浮市云城区云城街道育华社区居民委员会
谭光锋,罗定中学城东学校,罗定市素龙街道,罗定中学城东学校
李京多,云浮市田家炳中学,云城区云城街道,广东省云浮市云城区云城街道马岗社区居民委员会
陈荣芬,云浮市云安区云安中学,云安区六都镇,广东省云浮市云安县六都镇六都居委会
陈伟球,罗定第二中学,罗定市素龙街道,罗定市龙华西路180号
陆锦清,新兴县田家炳中学,新兴县天堂镇,广东省云浮市新兴县天堂镇五一村民委员会
李西全,新兴县第一中学,新兴县新城镇,广东省云浮市新兴县新城镇城北社区居民委员会
黄云开,连滩中学,郁南县连滩镇,广东省云浮市郁南县连滩镇兴盛社区居委会
