F3070225300029_000030005,F3070225300029_000030006,F3070225300029_000030003,F3070225300029_000030004,F3070225300029_000030001,F3070225300029_000030002,F3070225300029_000030007,F3070225300029_000030008
0766-8922633,——,云浮市云城区育华路兴隆西二巷3号人才大楼首层,陈洪伟,云浮市人才智力市场,——,云浮市人力资源和社会保障局,云浮市
0766-2913223,——,新兴县新城镇茅园路西2号,姚月英,新兴县培训创业服务指导中心,——,新兴县人力资源和社会保障局,新兴县
0766-7599038,——,郁南县都城镇工业大道62号,傅雪玲,郁南县人才交流服务中心,——,郁南县人力资源和社会保障局,郁南县
0766-366661,经营中,罗定市龙园路156号首层,陈带有,罗定市德洋人力资源服务有限公司,4453810201802,罗定市人力资源和社会保障局,罗定市
0766-8911778,经营中,云浮市云城区星岩一路34号,曾勇范,云浮市广云人力资源有限公司,445300150001,云浮市人力资源和社会保障局,云浮市
0766-6828690,经营中,云浮市云安区六都镇港城大道8号,冯洁群,云浮市云安区兴安职业培训学校,4453235150004,云安区人力资源和社会保障局,云安区
0766-8613152,——,"云浮市云安区六都镇白沙塘行政区人力资源市场302室",刘小云,云浮市云安区人才交流服务中心,——,云安区人力资源和社会保障局,云安区
0766-8638413,——,"云浮市云安区六都镇白沙塘行政区人力资源市场208室",林嘉成,云浮市云安区劳动就业服务管理中心,——,云安区人力资源和社会保障局,云浮市
0766-8818629,——,云浮市星岩三路30号,陈静,云浮市职业介绍服务中心,——,云浮市人力资源和社会保障局,云浮市
0766－2882108,经营中,"新兴县新城镇南外村（南外社区居民委员会房屋第3-4卡）",廖应兰,新兴县祥兴盛职业中介服务有限公司,新人2015-01号,新兴县人力资源和社会保障局,新兴县
0766-2890029,——,新兴县新城镇茅园路西2号,林骏,新兴县人才工作服务局,——,新兴县人力资源和社会保障局,新兴县
0766-8817087,——,云浮市云城区世纪大道中元眼根村,毛玉婷,云浮市云城区职业介绍服务中心,——,云城区人力资源和社会保障局,云城区
0766-6608777,经营中,"罗定市罗城镇泷洲北路（罗定市妇幼保健院的房屋首层第一卡）",梁俊杰,罗定铨智人力资源信息资询有限公司,4453810201801,罗定市人力资源和社会保障局,罗定市
0766-7593171,——,郁南县都城镇工业大道62号,张贤明,郁南县职业介绍所,——,郁南县人力资源和社会保障局,郁南县
0766-8823363,——,云浮市云城区世纪大道中元眼根村,陈文沛,云浮市云城区劳动就业服务管理中心,——,云城区人力资源和社会保障局,云城区
0766-2913811,——,新兴县新城镇茅园路西2号,姚月英,新兴县劳动就业服务管理中心,——,新兴县人力资源和社会保障局,新兴县
0766-3766022,——,罗定市罗城镇龙华西路北,陈永恒,罗定市人力资源服务中心,——,罗定市人力资源和社会保障局,罗定市
13826761669,经营中,云安区白沙塘商住区,黄玉霞,云浮市云安区为民职业介绍所,445323201501,云安区人力资源和社会保障局,云安区
0766-2876003,经营中,"新兴县新城镇翔顺花园二区新乐居22幢首层第五、六卡",苏柏明,新兴县新力劳动物业服务有限公司,新职2008-2号,新兴县人力资源和社会保障局,新兴县
0766-8638438,——,"云浮市云安区六都镇白沙塘行政区人力资源市场一楼大厅",范青云,云浮市云安区职业介绍所,——,云安区人力资源和社会保障局,云安区
0766-7593171,——,郁南县都城镇工业大道62号,张戎,郁南县劳动就业服务管理中心,——,郁南县人力资源和社会保障局,郁南县
