F3070225300036_000023003,F3070225300036_000023004,F3070225300036_000023005,F3070225300036_000023006,F3070225300036_000023001,F3070225300036_000023002
佛山（云浮）产业转移工业园管理委员会,11445300680582701D,"2018-02-02 00:00:00","2020-02-01 00:00:00",粤林地许准[2018]158号,"云城区2017年度第十五城镇建设用地（氢能产业基地内项目）"
云浮市合和石业有限公司,91445303304153401B,"2018-02-02 00:00:00","2020-02-01 00:00:00",粤林地许准[2018]160号,花地采石场（旧石场重新开采）
云浮市新达城市建设投资公司,91445300195780165L,"2018-02-02 00:00:00","2020-02-01 00:00:00",粤林地许准[2018]162号,广东药科大学云浮校区项目（二期）
丰隆（新兴）制冷设备有限公司,91445321MA4W6E2E1E,"2018-02-02 00:00:00","2020-02-01 00:00:00",粤林地许准[2018]165号,制冷、空调设备生产项目
新兴县畜牧兽医渔业局,12445321007177378N,"2018-04-09 00:00:00","2020-04-08 00:00:00",粤林地许准[2018]310号,"新兴县畜牧业资源循环利用工程中心（病死畜禽无害化处理）项目"
广东惠云钛业股份有限公司,9144453007545211876,"2018-02-02 00:00:00","2020-02-01 00:00:00",粤林地许准[2018]161号,煤改气窖炉供气配套设施技改项目
罗定市土地开发储备中心,07793592-0,"2018-02-02 00:00:00","2020-02-01 00:00:00",粤林地许准[2018]166号,"罗定市2016年度第五批次城镇建设用地二期（佛山云浮产业转移园双东分园）"
广东温氏种猪科技有限公司,91445321MA4UM4FJ3U,"2018-02-02 00:00:00","2020-02-01 00:00:00",粤林地许准[2018]164号,水台繁殖猪场升级改造工程
佛山（云浮）产业转移工业园管理委员会,11445300680582701D,"2018-02-02 00:00:00","2020-02-01 00:00:00",粤林地许准[2018]159号,"云城区2017年度第十二城镇建设用地（氢能产业基地内项目）"
云浮市力拓石业有限公司,9144530067885742X1,"2018-02-02 00:00:00","2020-02-01 00:00:00",粤林地许准[2018]163号,"都杨石矿场扩采项目（已批扩建，09、15年省厅曾批）"
云浮市华茂石业有限公司云安向阳石场,91445303MA4X2H01XK,"2018-03-06 00:00:00","2020-03-05 00:00:00",粤林地许准[2018]232号,云安向阳石场（旧石场重新开采利用）
佛山（云浮）产业转移工业园管理委员会,11445300680582701D,"2018-02-02 00:00:00","2020-02-01 00:00:00",粤林地许准[2018]157号,"云城区2017年度第十四次城镇建设用地（氢能产业基地内项目）"
云浮市美林投资有限公司,91445302680593363N,"2018-04-09 00:00:00","2020-04-08 00:00:00",粤林地许准[2018]309号,云浮美林石文化活动项目
佛山（云浮）产业转移工业园管理委员会,11445300680582701D,"2018-02-02 00:00:00","2020-02-01 00:00:00",粤林地许准[2018]156号,"云城区2017年度第十三批次城镇建设用地（氢能产业基地、加注站等）"
