F3070225300050_000008019,F3070225300050_000008008,F3070225300050_000008009,F3070225300050_000008017,F3070225300050_000008006,F3070225300050_000008018,F3070225300050_000008007,F3070225300050_000008011,F3070225300050_000008012,F3070225300050_000008001,F3070225300050_000008010,F3070225300050_000008015,F3070225300050_000008004,F3070225300050_000008016,F3070225300050_000008005,F3070225300050_000008013,F3070225300050_000008002,F3070225300050_000008014,F3070225300050_000008003
广东省新兴县质量技术监督检测所,E2等级,云浮市质量技术监督局,"2018-08-03 00:00:00",1g～1000g,砝码,—,"2021-08-20 00:00:00",正常,〔2017〕云量标新法证字第009号,"2017-08-21 00:00:00",云浮市质量技术监督局,E2等级克组砝码标准装置,445321,广东省新兴县质量技术监督检测所,12445321753680979Y,计量标准器具核准,梁子伟,行政许可
广东省新兴县质量技术监督检测所,F1等级,云浮市质量技术监督局,"2018-08-03 00:00:00",1mg～1g,砝码,—,"2021-08-20 00:00:00",正常,〔2017〕云量标新法证字第008号,"2017-08-21 00:00:00",云浮市质量技术监督局,F1等级毫克组砝码标准装置,445321,广东省新兴县质量技术监督检测所,12445321753680979Y,计量标准器具核准,梁子伟,行政许可
广东省新兴县质量技术监督检测所,M1等级、M2等级,云浮市质量技术监督局,"2018-08-03 00:00:00",0.1g～30t,非连续累计自动衡器,—,"2021-08-20 00:00:00",正常,〔2017〕云量标新法证字第013号,"2017-08-21 00:00:00",云浮市质量技术监督局,非连续累计自动衡器检定装置,445321,广东省新兴县质量技术监督检测所,12445321753680979Y,计量标准器具核准,梁子伟,行政许可
广东广业云硫矿业有限公司,"DCV MPE：0.05%rdg+0.05%FS，ACV MPE：0.05%rdg+0.05%FS，
DCA MPE：0.05%rdg+0.05%FS，
ACA(200mA~20A) MPE：0.05%rdg+0.05%FS，
ACA(200A~1000A) MPE:0.05%rdg+0.05%FS，
OHM MPE：0.2%rdg
",云浮市质量技术监督局,"2018-08-03 00:00:00","DCV:0.01V～750V,ACV:0.01V～750V,DCA:0.01A～20A，ACA:(200mA～20A),ACA:(200A～1000A),OHM:10Ω～10kΩ
","交直流电压表、电流表
钳表
指针万用表
",—,"2019-06-01 00:00:00",正常,［1991］粤量标粤企法证字第178号,"2015-06-02 00:00:00",云浮市质量技术监督局,交直流电压、电流表检定装置,445300,广东广业云硫矿业有限公司,91445300570159574X,计量标准器具核准,"张栋富 ",行政许可
广东省新兴县质量技术监督检测所,F2等级、M1等级、M2等级,云浮市质量技术监督局,"2018-08-03 00:00:00",0.1g～30t,重力式自动装料衡器（定量自动衡器）,—,"2021-08-20 00:00:00",正常,〔2017〕云量标新法证字第012号,"2017-08-21 00:00:00",云浮市质量技术监督局,重力式自动装料衡器检定装置,445321,广东省新兴县质量技术监督检测所,12445321753680979Y,计量标准器具核准,梁子伟,行政许可
广东省郁南县质量技术监督检测所,M2等级,云浮市质量技术监督局,"2018-08-03 00:00:00",60t及以下,各类衡器、模拟指示秤、非自行指示秤、数字指示秤,—,"2018-12-21 00:00:00",正常,〔2000〕云量标郁法证字第003号,"2014-12-22 00:00:00",云浮市质量技术监督局,M2等级大砝码标准装置,445322,广东省郁南县质量技术监督检测所,12445322753681015Y,计量标准器具核准,关杏新,行政许可
广东省罗定市质量技术监督检测所,F1等级,云浮市质量技术监督局,"2018-08-03 00:00:00",1g～500g,砝码,—,"2022-04-16 00:00:00",正常,[1987]云量标罗法证字第001号,"2018-04-17 00:00:00",云浮市质量技术监督局,F1等级克组砝码标准装置,445381,广东省罗定市质量技术监督检测所,12445381753678553J,计量标准器具核准,彭森杏,行政许可
广东广业云硫矿业有限公司,5等3级,云浮市质量技术监督局,"2018-08-03 00:00:00","(0-500)mm","游标卡尺(0-1000)mm,深度游标卡尺(0-300)mm,高度尺(0-1000)mm",—,"2018-12-04 00:00:00",正常,"［1990］云 量标 云 企证字第005号","2014-12-05 00:00:00",云浮市质量技术监督局,卡尺量具检定装置,445300,广东广业云硫矿业有限公司,91445300570159574X,计量标准器具核准,"张栋富 ",行政许可
广东省新兴县质量技术监督检测所,F2等级、M1等级、M2等级,云浮市质量技术监督局,"2018-08-03 00:00:00",0.1g～30t,"模拟指示秤、非自行指示秤、杆秤、数字指示秤、电子采血秤、机动车检测专用轴（轮）重仪",—,"2021-08-20 00:00:00",正常,〔2017〕云量标新法证字第011号,"2017-08-21 00:00:00",云浮市质量技术监督局,非自动衡器检定装置,445321,广东省新兴县质量技术监督检测所,12445321753680979Y,计量标准器具核准,梁子伟,行政许可
广东省罗定市质量技术监督检测所,F2等级,云浮市质量技术监督局,"2018-08-03 00:00:00",（1～30）kg,砝码,—,"2022-04-16 00:00:00",正常,[1987]云量标罗法证字第002号,"2018-04-17 00:00:00",云浮市质量技术监督局,F2等级公斤组砝码标准装置,445381,广东省罗定市质量技术监督检测所,12445381753678553J,计量标准器具核准,彭森杏,行政许可
广东省罗定市质量技术监督检测所,0.05级,云浮市质量技术监督局,"2018-08-03 00:00:00",0.04MPa～60MPa,"精密压力表和真空表，一般压力表、压力真空表和真空表",—,"2022-04-16 00:00:00",正常,[1987]云量标罗法证字第005号,"2018-04-17 00:00:00",云浮市质量技术监督局,0.05级活塞式压力计标准装置,445381,广东省罗定市质量技术监督检测所,12445381753678553J,计量标准器具核准,彭森杏,行政许可
广东省郁南县质量技术监督检测所,二等,云浮市质量技术监督局,"2018-08-03 00:00:00",20L、100L,燃油加油机,—,"2018-12-21 00:00:00",正常,〔2000〕云量标郁法证字第004号,"2014-12-22 00:00:00",云浮市质量技术监督局,燃油加油机容量检定装置,445322,广东省郁南县质量技术监督检测所,12445322753681015Y,计量标准器具核准,关杏新,行政许可
广东广业云硫矿业有限公司,M1、M2等级,云浮市质量技术监督局,"2018-08-03 00:00:00","(0-1000)kg","模拟指示秤≤500kg,非自行指示秤≤1000kg，数字指示秤≤1000kg",—,"2018-12-04 00:00:00",正常,"［1990］云 量标 云 企证字第003号","2014-12-05 00:00:00",云浮市质量技术监督局,非自动衡器检定装置,445300,广东广业云硫矿业有限公司,91445300570159574X,计量标准器具核准,"张栋富 ",行政许可
广东省郁南县质量技术监督检测所,0.05级,云浮市质量技术监督局,"2018-08-03 00:00:00","(0.04～60)MPa",一般压力表、弹性元件式精密压力表,—,"2018-12-21 00:00:00",正常,〔2000〕云量标郁法证字第005号,"2014-12-22 00:00:00",云浮市质量技术监督局,0.05级活塞式压力计标准装置,445322,广东省郁南县质量技术监督检测所,12445322753681015Y,计量标准器具核准,关杏新,行政许可
广东省罗定市质量技术监督检测所,2级,云浮市质量技术监督局,"2018-08-03 00:00:00",10L、20L、100L、300L,冷水水表,—,"2022-04-16 00:00:00",正常,[2004]云量标罗法证字第006号,"2018-04-17 00:00:00",云浮市质量技术监督局,水表检定装置,445381,广东省罗定市质量技术监督检测所,12445381753678553J,计量标准器具核准,彭森杏,行政许可
广东省罗定市质量技术监督检测所,M1等级、M2等级,云浮市质量技术监督局,"2018-08-03 00:00:00","0.1g～55t ",非连续累计自动衡器,—,"2022-04-16 00:00:00",正常,[2018]云量标罗法证字第009号,"2018-04-17 00:00:00",云浮市质量技术监督局,非连续累计自动衡器检定装置,445381,广东省罗定市质量技术监督检测所,12445381753678553J,计量标准器具核准,彭森杏,行政许可
广东省新兴县质量技术监督检测所,0.05级,云浮市质量技术监督局,"2018-08-03 00:00:00",（-0.095～60）MPa,"精密压力表和真空表，一般压力表、压力真空表和真空表，记录式压力表和压力真空表，轮胎压力表，数字压力计，压力控制器，压力传感器，压力变送器",—,"2019-06-14 00:00:00",正常,〔2015〕云量标新法证字第007号,"2015-06-15 00:00:00",云浮市质量技术监督局,0.05级数字压力计标准装置,445321,广东省新兴县质量技术监督检测所,12445321753680979Y,计量标准器具核准,梁子伟,行政许可
广东省新兴县质量技术监督检测所,E2等级、F1等级、F2等级、M1等级,云浮市质量技术监督局,"2018-08-03 00:00:00",1mg～30kg,"扭力天平、机械天平、架盘天平、电子天平、烘干法水分测定仪",—,"2021-08-20 00:00:00",正常,〔2017〕云量标新法证字第001号,"2017-08-21 00:00:00",云浮市质量技术监督局,天平检定装置,445321,广东省新兴县质量技术监督检测所,12445321753680979Y,计量标准器具核准,梁子伟,行政许可
广东省新兴县质量技术监督检测所,二等,云浮市质量技术监督局,"2018-08-03 00:00:00",≤100L/min,燃油加油机,—,"2021-08-20 00:00:00",正常,〔1999〕云量标新法证字第004号,"2017-08-21 00:00:00",云浮市质量技术监督局,燃油加油机检定装置,445321,广东省新兴县质量技术监督检测所,12445321753680979Y,计量标准器具核准,梁子伟,行政许可
广东省罗定市质量技术监督检测所,F2等级、M1等级、M2等级,云浮市质量技术监督局,"2018-08-03 00:00:00","0.1g～5t ",重力式自动装料衡器（定量自动衡器）,—,"2022-04-16 00:00:00",正常,[2018]云量标罗法证字第010号,"2018-04-17 00:00:00",云浮市质量技术监督局,重力式自动装料衡器检定装置,445381,广东省罗定市质量技术监督检测所,12445381753678553J,计量标准器具核准,彭森杏,行政许可
广东省罗定市质量技术监督检测所,F2等级、M1等级、M2等级,云浮市质量技术监督局,"2018-08-03 00:00:00","0.1g～55t ","模拟指示秤、非自行指示秤、杆秤、数字指示秤、电子采血秤、机动车检测专用轴（轮）重仪",—,"2022-04-16 00:00:00",正常,[2018]云量标罗法证字第007号,"2018-04-17 00:00:00",云浮市质量技术监督局,非自动衡器检定装置,445381,广东省罗定市质量技术监督检测所,12445381753678553J,计量标准器具核准,彭森杏,行政许可
广东省新兴县质量技术监督检测所,F2等级,云浮市质量技术监督局,"2018-08-03 00:00:00",1kg～30kg,砝码,—,"2021-08-20 00:00:00",正常,〔1999〕云量标新法证字第002号,"2017-08-21 00:00:00",云浮市质量技术监督局,F2等级公斤组砝码标准装置,445321,广东省新兴县质量技术监督检测所,12445321753680979Y,计量标准器具核准,梁子伟,行政许可
广东省罗定市质量技术监督检测所,二等,云浮市质量技术监督局,"2018-08-03 00:00:00",100L、50L、20L,燃油加油机,—,"2022-04-16 00:00:00",正常,[1989]云量标罗法证字第004号,"2018-04-17 00:00:00",云浮市质量技术监督局,燃油加油机检定装置,445381,广东省罗定市质量技术监督检测所,12445381753678553J,计量标准器具核准,彭森杏,行政许可
广东省郁南县质量技术监督检测所,"Urel=0.2%，k=2.45",云浮市质量技术监督局,"2018-08-03 00:00:00",10L、20L、100L、300L,冷水水表,—,"2018-12-21 00:00:00",正常,〔2000〕云量标郁法证字第006号,"2014-12-22 00:00:00",云浮市质量技术监督局,水表检定装置,445322,广东省郁南县质量技术监督检测所,12445322753681015Y,计量标准器具核准,关杏新,行政许可
广东省郁南县质量技术监督检测所,F2等级,云浮市质量技术监督局,"2018-08-03 00:00:00","1 kg～30kg",砝码、电子天平、机械天平、架盘天平,—,"2018-12-21 00:00:00",正常,〔2000〕云量标郁法证字第002号,"2014-12-22 00:00:00",云浮市质量技术监督局,F2等级公斤组砝码标准装置,445322,广东省郁南县质量技术监督检测所,12445322753681015Y,计量标准器具核准,关杏新,行政许可
广东广业云硫矿业有限公司,4等,云浮市质量技术监督局,"2018-08-03 00:00:00","(0-500)m","外径千分尺(0-2000)mm，公法线千分尺(0-150)mm，杠杆千分尺(0-100)mm，内径千分尺(50-500)mm",—,"2018-12-04 00:00:00",正常,"［1990］云 量标 云 企证字第002号","2014-12-05 00:00:00",云浮市质量技术监督局,测微量具检定装置,445300,广东广业云硫矿业有限公司,91445300570159574X,计量标准器具核准,"张栋富 ",行政许可
广东省新兴县质量技术监督检测所,F1等级,云浮市质量技术监督局,"2018-08-03 00:00:00",1g～500g,砝码,—,"2021-08-20 00:00:00",正常,〔1999〕云量标新法证字第003号,"2017-08-21 00:00:00",云浮市质量技术监督局,F1等级克组砝码标准装置,445321,广东省新兴县质量技术监督检测所,12445321753680979Y,计量标准器具核准,梁子伟,行政许可
广东省新兴县质量技术监督检测所,0.05级,云浮市质量技术监督局,"2018-08-03 00:00:00",（-0.1～60）MPa,"精密压力表和真空表，一般压力表、压力真空表和真空表",—,"2021-08-20 00:00:00",正常,〔1999〕云量标新法证字第005号,"2017-08-21 00:00:00",云浮市质量技术监督局,0.05级活塞压力计标准装置,445321,广东省新兴县质量技术监督检测所,12445321753680979Y,计量标准器具核准,梁子伟,行政许可
广东广业云硫矿业有限公司,"MPE：(1.0-3)μm",云浮市质量技术监督局,"2018-08-03 00:00:00","(0-50)m","指示表(0-10)mm/0.01mm，(0-1)mm/0.001mm，杠杆表0.8mm、1mm，大量程百分表(10-50)mm，内径表MPE：7μm-25μm",—,"2018-12-04 00:00:00",正常,"［1990］云 量标 云 企证字第006号","2014-12-05 00:00:00",云浮市质量技术监督局,指示表检定仪标准装置,445300,广东广业云硫矿业有限公司,91445300570159574X,计量标准器具核准,"张栋富 ",行政许可
广东省新兴县质量技术监督检测所,E2等级,云浮市质量技术监督局,"2018-08-03 00:00:00",1mg～1g,砝码,—,"2021-08-20 00:00:00",正常,〔2017〕云量标新法证字第010号,"2017-08-21 00:00:00",云浮市质量技术监督局,E2等级毫克组砝码标准装置,445321,广东省新兴县质量技术监督检测所,12445321753680979Y,计量标准器具核准,梁子伟,行政许可
广东广业云硫矿业有限公司,"电阻MPE：±0.2，±0.5%，±1%，±2%；电压MPE：±1%",云浮市质量技术监督局,"2018-08-03 00:00:00","电阻：100Ω～10MΩ，10MΩ～100MΩ，100MΩ～1GΩ,1GΩ～20GΩ；电压：（10～3000）V","绝缘电阻表(兆欧表)",—,"2019-06-01 00:00:00",正常,［1992］粤量标粤企法证字第182号,"2015-06-02 00:00:00",云浮市质量技术监督局,绝缘电阻表检定装置,445300,广东广业云硫矿业有限公司,91445300570159574X,计量标准器具核准,"张栋富 ",行政许可
广东省罗定市质量技术监督检测所,F1等级、F2等级、M1等级,云浮市质量技术监督局,"2018-08-03 00:00:00",1mg～30kg,"扭力天平、机械天平、架盘天平、电子天平、烘干法水分测定仪",—,"2022-04-16 00:00:00",正常,[2018]云量标罗法证字第008号,"2018-04-17 00:00:00",云浮市质量技术监督局,天平检定装置,445381,广东省罗定市质量技术监督检测所,12445381753678553J,计量标准器具核准,彭森杏,行政许可
广东省郁南县质量技术监督检测所,F1等级,云浮市质量技术监督局,"2018-08-03 00:00:00",1mg～400g,砝码、电子天平、机械天平、架盘天平,—,"2018-12-21 00:00:00",正常,〔2000〕云量标郁法证字第001号,"2014-12-22 00:00:00",云浮市质量技术监督局,F1等级克组、毫克组砝码标准装置,445322,广东省郁南县质量技术监督检测所,12445322753681015Y,计量标准器具核准,关杏新,行政许可
广东广业云硫矿业有限公司,0.4级,云浮市质量技术监督局,"2018-08-03 00:00:00","(-0.1-60)Mpa","弹性元件式压力(真空)表(-0.1-60)Mpa",—,"2018-12-04 00:00:00",正常,"［1991］云 量标 云 企证字第004号","2014-12-05 00:00:00",云浮市质量技术监督局,精密压力表标准装置,445300,广东广业云硫矿业有限公司,91445300570159574X,计量标准器具核准,"张栋富 ",行政许可
广东省新兴县质量技术监督检测所,"Urel=0.2%，k=2.45",云浮市质量技术监督局,"2018-08-03 00:00:00","口径：DN(15-50)mm
流量：(0.001-16)m3/h",水表,—,"2019-08-24 00:00:00",正常,〔2004〕云量标新法证字第006号,"2015-08-25 00:00:00",云浮市质量技术监督局,水表检定装置,445321,广东省新兴县质量技术监督检测所,12445321753680979Y,计量标准器具核准,梁子伟,行政许可
广东省罗定市质量技术监督检测所,F1等级,云浮市质量技术监督局,"2018-08-03 00:00:00",1mg～500g,砝码,—,"2022-04-16 00:00:00",正常,[2018]云量标罗法证字第003号,"2018-04-17 00:00:00",云浮市质量技术监督局,F1等级毫克组砝码标准装置,445381,广东省罗定市质量技术监督检测所,12445381753678553J,计量标准器具核准,彭森杏,行政许可
广东广业云硫矿业有限公司,0.05级,云浮市质量技术监督局,"2018-08-03 00:00:00",电压（15～400）V，电流（0.2～120）A,电子式电能表（安装式），机电式交流电能表,—,"2019-06-01 00:00:00",正常,"［1991］粤 量标粤企法证字第181号","2015-06-02 00:00:00",云浮市质量技术监督局,三相电能表检定装置,445300,广东广业云硫矿业有限公司,91445300570159574X,计量标准器具核准,"张栋富 ",行政许可
广东广业云硫矿业有限公司,F1等级,云浮市质量技术监督局,"2018-08-03 00:00:00",1mg-600g,"砝码20mg-200g，机械天平≤600g，架盘天平≤500g",—,"2018-12-04 00:00:00",正常,"［1990］云 量标 云 企证字第001号","2014-12-05 00:00:00",云浮市质量技术监督局,F1等级克组、毫克组砝码标准装置,445300,广东广业云硫矿业有限公司,91445300570159574X,计量标准器具核准,"张栋富 ",行政许可
