F3070225300045_000001001,F3070225300045_000001002,F3070225300045_000001003
卢全汉,二,无
梁淑怡,二,无
潘俊霖,二,无
陈艳萍,二,无
梁汉君,二,无
丁永乐,二,无
陈永能,二,无
张潮锋,二,无
叶德生,二,无
梁艺锋,二,无
严啟智,二,无
宾思丽,二,无
张镇宙,二,无
张海萍,二,无
李彬洪,二,无
杜晓晴,二,无
叶文辉,二,无
梁振杰,二,无
唐智泓,二,无
梁露,二,无
龙锦杏,二,无
叶静雅,二,无
张柳婷,二,无
何家仪,二,无
区献芬,二,无
张家铬,二,无
卢明富,二,无
麦梓弘,二,无
黄国权,二,无
张配弟,二,无
张志雄,二,无
李国庆,二,无
许永彬,二,无
梁馨夷,二,无
毛颖诗,二,无
梁炳浩,二,无
陈成福,二,无
张潮杰,二,无
陈俊杰,二,无
朱启铬,二,无
曾正平,二,无
唐泷武,二,无
区宝琪,二,无
李海琦,二,无
龙海明,二,无
谭金柳,二,无
黄紫洋,二,无
黎子胜,二,无
黎家明,二,无
冯咏诗,二,无
甘明明,二,无
郭楚祺,二,无
林淑君,二,无
冯宏烨,二,无
崔施萍,二,无
林测明,二,无
黄文婷,二,无
李幸梭,二,无
罗文达,二,无
黄梓锋,二,无
何定洪,二,无
区美琪,二,无
梁思敏,二,无
黄美媚,二,无
赖桂敏,二,无
陈进龙,二,无
彭宇康,二,无
伍锦宜,二,无
卢家雯,二,无
吴家乐,二,无
陈焯瑶,二,无
谢海林,二,无
黄卓文,二,无
谭贵元,二,无
叶中南,二,无
陈俊杰,二,无
林楚明,二,无
苏盈盈,二,无
陈雪雯,二,无
莫滢尉,二,无
王满杏,二,无
梁林斌,二,无
唐章材,二,无
陈俊晓,二,无
吴文权,二,无
潘锡文,二,无
王钊杰,二,无
苏静珊,二,无
邱卓兴,二,无
苏浩杰,二,无
黄兴发,二,无
苏甜甜,二,无
黄杰,二,无
陈慧敏,二,无
梁家朝,二,无
罗天标,二,无
何文婷,二,无
陈伟强,二,无
胡贤平,二,无
黄应科,二,无
黄德,二,无
张燕萍,二,无
凌建鹏,二,无
邓络锋,二,无
区志平,二,无
谭涌志,二,无
黄梓杰,二,无
李婉玲,二,无
彭兆朗,二,无
刘俊杰,二,无
区杜良,二,无
邹永振,二,无
梁永洲,二,无
徐炜茵,二,无
陈启俊,二,无
麦志坚,二,无
黎美仪,二,无
叶慧倩,二,无
陈文松,二,无
何俏玲,二,无
邓梓艺,二,无
李乾世,二,无
陈焕良,二,无
梁明龙,二,无
玉科明,二,无
