F3070225300180_000105014,F3070225300180_000105003,F3070225300180_000105013,F3070225300180_000105002,F3070225300180_000105016,F3070225300180_000105005,F3070225300180_000105015,F3070225300180_000105004,F3070225300180_000105010,F3070225300180_000105012,F3070225300180_000105001,F3070225300180_000105011,F3070225300180_000105007,F3070225300180_000105006,F3070225300180_000105009,F3070225300180_000105008
云浮市国土资源和城乡规划管理局,核准,"2020-01-21 00:00:00",地图审核,-,广东省地图院,0,云安区地图,-,"2018-01-22 00:00:00",云国土测绘﹝地审﹞20182003,练栩,-,1244000455859778Y,-,-
云浮市国土资源和城乡规划管理局,核准,-,地图审核,-,广东省地图院,0,"《广东省自然村落历史人文普查成果地图——云城区卷》插图",-,"2018-06-21 00:00:00",云国土测绘﹝地审﹞20182011,练栩,-,12440000455859778Y,-,-
云浮市国土资源和城乡规划管理局,核准,-,地图审核,-,广东省地图院,0,"《广东省自然村落历史人文普查成果地图——云安区卷》插图",-,"2018-06-25 00:00:00",云国土测绘﹝地审﹞20182012,练栩,-,12440000455859778Y,-,-
云浮市国土资源和城乡规划管理局,核准,-,地图审核,-,中煤地西安地图制印有限公司,0,搜房图,-,"2018-04-18 00:00:00",云国土测绘﹝地审﹞20182006,苗根,-,91610103587410913L,-,-
云浮市国土资源和城乡规划管理局,核准,"2019-12-06 00:00:00",地图审核,-,广东省地图院,0,云城区地图,-,"2017-12-07 00:00:00",云国土测绘﹝地审﹞20172003,练栩,-,1244000455859778Y,-,-
云浮市国土资源和城乡规划管理局,核准,"2020-01-21 00:00:00",地图审核,-,广东省地图院,0,广东省城市地图·云浮市地图,-,"2018-01-22 00:00:00",云国土测绘﹝地审﹞20182002,练栩,-,1244000455859778Y,-,-
云浮市国土资源和城乡规划管理局,核准,-,地图审核,-,广东省地图院,0,"《广东省自然村落历史人文普查成果地图——郁南县卷》插图",-,"2018-06-25 00:00:00",云国土测绘﹝地审﹞20182014,练栩,-,12440000455859778Y,-,-
云浮市国土资源和城乡规划管理局,核准,-,地图审核,-,广东省地图院,0,"《广东省自然村落历史人文普查成果地图——新兴县卷》插图",-,"2018-06-21 00:00:00",云国土测绘﹝地审﹞20182010,练栩,-,12440000455859778Y,-,-
云浮市国土资源和城乡规划管理局,核准,"2020-07-29 00:00:00",地图审核,-,云浮市国土资源和城乡规划管理局云安分局,0,云安（未含都杨镇）大比例尺公众版电子地图,-,"2018-07-30 00:00:00",云国土测绘﹝地审﹞20182015,林桂清,-,11445303007172577U,-,-
云浮市国土资源和城乡规划管理局,核准,"2019-11-22 00:00:00",地图审核,-,广东省地图院,0,云浮市地图,-,"2017-11-22 00:00:00",云国土测绘﹝地审﹞20172002,练栩,-,1244000455859778Y,-,-
云浮市国土资源和城乡规划管理局,核准,-,地图审核,-,广东省地图院,0,"《广东省自然村落历史人文普查成果地图——罗定市卷》插图",-,"2018-06-25 00:00:00",云国土测绘﹝地审﹞20182013,练栩,-,12440000455859778Y,-,-
云浮市国土资源和城乡规划管理局,核准,-,地图审核,-,广东省地图院,0,云浮市行政区划图,-,"2018-05-10 00:00:00",云国土测绘﹝地审﹞20182007,练栩,-,1244000455859778Y,-,-
云浮市国土资源和城乡规划管理局,核准,-,地图审核,-,广东省地图院,0,云浮市云安区行政区划图,-,"2018-05-10 00:00:00",云国土测绘﹝地审﹞20182009,练栩,-,1244000455859778Y,-,-
云浮市国土资源和城乡规划管理局,核准,-,地图审核,-,中煤地西安地图制印有限公司,0,搜房图,-,"2018-02-09 00:00:00",云国土测绘﹝地审﹞20182005,苗根,-,91610103587410913L,-,-
云浮市国土资源和城乡规划管理局,核准,"2020-02-05 00:00:00",地图审核,-,郁南县国土资源局,0,郁南县公众版电子地图,-,"2018-02-06 00:00:00",云国土测绘﹝地审﹞20182004,卢海文,-,114453227361817210,-,-
云浮市国土资源和城乡规划管理局,核准,"2019-08-27 00:00:00",地图审核,-,新兴县国土资源局,0,新兴大比例尺公众版电子地图,-,"2017-08-28 00:00:00",云国土测绘﹝地审﹞20172001,苏江毅,00717740-7,-,-,-
云浮市国土资源和城乡规划管理局,核准,-,地图审核,-,广东省地图院,0,云浮市云城区行政区划图,-,"2018-05-10 00:00:00",云国土测绘﹝地审﹞20182008,练栩,-,1244000455859778Y,-,-
云浮市国土资源和城乡规划管理局,核准,"2020-01-07 00:00:00",地图审核,-,云浮市国土资源和城乡规划管理局云城分局,0,云城区大比例尺公众版电子地图,-,"2018-01-08 00:00:00",云国土测绘﹝地审﹞20182001,梁光裕,-,1144530000717373X3,-,-
云浮市国土资源和城乡规划管理局,核准,-,地图审核,-,云浮市国土资源和城乡规划管理局云安分局,0,云安大比例尺公众版电子地图,-,"2018-05-17 00:00:00",云国土测绘﹝地审﹞20184001,林桂清,-,11445303007172577U,-,-
