F3070225300180_000103011,F3070225300180_000103001,F3070225300180_000103012,F3070225300180_000103002,F3070225300180_000103013,F3070225300180_000103003,F3070225300180_000103014,F3070225300180_000103010,F3070225300180_000103008,F3070225300180_000103009,F3070225300180_000103004,F3070225300180_000103015,F3070225300180_000103005,F3070225300180_000103016,F3070225300180_000103006,F3070225300180_000103007
吴弟军,丁测资字4432478,"2015-02-12 00:00:00",丁级测绘资质核准,"2019-12-31 00:00:00",核准,云浮市国土资源城乡规划管理局,-,-,-,"丁级：工程测量：控制测量(等级以外。)、地形测量(1：500比例尺，10平方公里以下；1：1000比例尺，15平方公里以下；1：2000比例尺，20平方公里以下。)、规划测量(总建筑面积20万平方米以下；国家重点建设工程不得承担。)、建筑工程测量(7层以下的住宅、高度24m以下的非住宅性质的民用建筑。)、市政工程测量(局部市政工程。)、线路与桥隧测量(100km以下的线路。不得承担桥隧测量。不得承担城市轨道交通项目。)、地下管线测量(管线长度100km以下。)、矿山测量(局部矿山测量、巷道测量。)；不动产测绘：地籍测绘(日常地籍调查及乡镇级以下地籍总调查中的地籍测绘。)、房产测绘(规划许可证载单栋建筑面积2万平方米以下；单个合同标的不超过建筑面积50万平方米。)。***",0,云浮市云建测绘有限公司,-,-,31516675-0
张朝海,丁2018007,"2018-08-16 00:00:00",乙丙级测绘资质初审,-,核准,云浮市国土资源和城乡规划管理局,-,-,-,乙丙级测绘资质初审，初审通过,0,云浮市云发测绘有限公司,-,"91445302053755984T ",-
陈淑坚,丁2018002,"2018-04-09 00:00:00",丁级测绘资质核准,"2019-12-31 00:00:00",核准,云浮市国土资源和城乡规划管理局,-,-,-,"丁级：工程测量：控制测量(等级以外。)、地形测量(1：500比例尺，10平方公里以下；1：1000比例尺，15平方公里以下；1：2000比例尺，20平方公里以下。)、规划测量(总建筑面积20万平方米以下；国家重点建设工程不得承担。)、建筑工程测量(7层以下的住宅、高度24m以下的非住宅性质的民用建筑。)、市政工程测量(局部市政工程。)、线路与桥隧测量(100km以下的线路。不得承担桥隧测量。不得承担城市轨道交通项目。)、矿山测量(局部矿山测量、巷道测量。)；不动产测绘：地籍测绘(日常地籍调查及乡镇级以下地籍总调查中的地籍测绘。)、房产测绘(规划许可证载单栋建筑面积2万平方米以下；单个合同标的不超过建筑面积50万平方米。)。***",0,云浮市弘浩测绘服务有限公司,-,91445302ma4x5kae4kM,-
梁石强,丁测资字4432649,"2015-08-27 00:00:00",丁级测绘资质核准,"2019-12-31 00:00:00",核准,云浮市国土资源城乡规划管理局,-,-,-,"丁级：工程测量：控制测量(等级以外。)、地形测量(1：500比例尺，10平方公里以下；1：1000比例尺，15平方公里以下；1：2000比例尺，20平方公里以下。)、规划测量(总建筑面积20万平方米以下；国家重点建设工程不得承担。)、建筑工程测量(7层以下的住宅、高度24m以下的非住宅性质的民用建筑。)、市政工程测量(局部市政工程。)、线路与桥隧测量(100km以下的线路。不得承担桥隧测量。不得承担城市轨道交通项目。)、矿山测量(局部矿山测量、巷道测量。)；不动产测绘：地籍测绘(日常地籍调查及乡镇级以下地籍总调查中的地籍测绘。)、房产测绘(规划许可证载单栋建筑面积2万平方米以下；单个合同标的不超过建筑面积50万平方米。)。***",0,云浮市安邦房产测绘有限公司,-,-,08107101-0
苏进健,丁2017001,"2017-11-08 00:00:00",丁级测绘资质核准,"2019-12-31 00:00:00",核准,云浮市国土资源和城乡规划管理局,-,91445381MA4XOFGN5T,-,"丁级：工程测量：控制测量(等级以外。)、地形测量(1：500比例尺，10平方公里以下；1：1000比例尺，15平方公里以下；1：2000比例尺，20平方公里以下。)、规划测量(总建筑面积20万平方米以下；国家重点建设工程不得承担。)、建筑工程测量(7层以下的住宅、高度24m以下的非住宅性质的民用建筑。)、市政工程测量(局部市政工程。)、线路与桥隧测量(100km以下的线路。不得承担桥隧测量。不得承担城市轨道交通项目。)、矿山测量(局部矿山测量、巷道测量。)；不动产测绘：地籍测绘(日常地籍调查及乡镇级以下地籍总调查中的地籍测绘。)、房产测绘(规划许可证载单栋建筑面积2万平方米以下；单个合同标的不超过建筑面积50万平方米。)。***",0,罗定市罗建测绘有限公司,-,-,-
梁敏,丁测资字4432667,"2015-12-09 00:00:00",丁级测绘资质核准,"2019-12-31 00:00:00",核准,云浮市国土资源城乡规划管理局,-,-,-,"丁级：工程测量：控制测量(等级以外。)、地形测量(1：500比例尺，10平方公里以下；1：1000比例尺，15平方公里以下；1：2000比例尺，20平方公里以下。)、规划测量(总建筑面积20万平方米以下；国家重点建设工程不得承担。)、建筑工程测量(7层以下的住宅、高度24m以下的非住宅性质的民用建筑。)、市政工程测量(局部市政工程。)、线路与桥隧测量(100km以下的线路。不得承担桥隧测量。不得承担城市轨道交通项目。)、矿山测量(局部矿山测量、巷道测量。)；不动产测绘：地籍测绘(日常地籍调查及乡镇级以下地籍总调查中的地籍测绘。)、房产测绘(规划许可证载单栋建筑面积2万平方米以下；单个合同标的不超过建筑面积50万平方米。)。***",0,云浮润达房产咨询有限公司,-,-,33483782-0
覃汝洪,丁测资字4431797,"2015-08-25 00:00:00",丁级测绘资质核准,"2019-12-31 00:00:00",核准,云浮市国土资源城乡规划管理局,-,-,-,"丁级：工程测量：控制测量(等级以外。)、地形测量(1：500比例尺，10平方公里以下；1：1000比例尺，15平方公里以下；1：2000比例尺，20平方公里以下。)、规划测量(总建筑面积20万平方米以下；国家重点建设工程不得承担。)、建筑工程测量(7层以下的住宅、高度24m以下的非住宅性质的民用建筑。)、市政工程测量(局部市政工程。)、线路与桥隧测量(100km以下的线路。不得承担桥隧测量。不得承担城市轨道交通项目。)、矿山测量(局部矿山测量、巷道测量。)；不动产测绘：地籍测绘(日常地籍调查及乡镇级以下地籍总调查中的地籍测绘。)、房产测绘(规划许可证载单栋建筑面积2万平方米以下；单个合同标的不超过建筑面积50万平方米。)。***",0,云浮市精诚测绘有限公司,-,-,39804704-3
黄炽涛,丁2018003,"2018-04-25 00:00:00",丁级测绘资质核准,"2019-12-31 00:00:00",核准,云浮市国土资源和城乡规划管理局,-,-,-,"单位名称变更：由罗定市大地测绘工程队变为罗定市大地测绘工程队（普通合伙）",0,罗定市大地测绘工程队,-,4453812200033,-
李汉广,丁测资字4432739,"2016-01-30 00:00:00",丁级测绘资质核准,"2019-12-31 00:00:00",核准,云浮市国土资源和城乡规划管理局,-,-,-,"丁级：工程测量：控制测量(等级以外。)、地形测量(1：500比例尺，10平方公里以下；1：1000比例尺，15平方公里以下；1：2000比例尺，20平方公里以下。)、规划测量(总建筑面积20万平方米以下；国家重点建设工程不得承担。)、建筑工程测量(7层以下的住宅、高度24m以下的非住宅性质的民用建筑。)、市政工程测量(局部市政工程。)、线路与桥隧测量(100km以下的线路。不得承担桥隧测量。不得承担城市轨道交通项目。)、矿山测量(局部矿山测量、巷道测量。)；不动产测绘：地籍测绘(日常地籍调查及乡镇级以下地籍总调查中的地籍测绘)。",0,云浮市测绘队,-,-,45650702-9
秦文毅,丁测资字4432883,"2016-08-09 00:00:00",丁级测绘资质核准,"2019-12-31 00:00:00",核准,云浮市国土资源和城乡规划管理局,-,-,-,"丁级：工程测量：控制测量(等级以外。)、地形测量(1：500比例尺，10平方公里以下；1：1000比例尺，15平方公里以下；1：2000比例尺，20平方公里以下。)、规划测量(总建筑面积20万平方米以下；国家重点建设工程不得承担。)、建筑工程测量(7层以下的住宅、高度24m以下的非住宅性质的民用建筑。)、市政工程测量(局部市政工程。)、线路与桥隧测量(100km以下的线路。不得承担桥隧测量。不得承担城市轨道交通项目。)、矿山测量(局部矿山测量、巷道测量。)；不动产测绘：地籍测绘(日常地籍调查及乡镇级以下地籍总调查中的地籍测绘。)。***",0,新兴县城乡规划勘测设计室,-,-,76731903-3
廖雪瑜,丁测资字4432720,"2016-01-30 00:00:00",丁级测绘资质核准,"2019-12-31 00:00:00",核准,云浮市国土资源和城乡规划管理局,-,-,-,"丁级：工程测量：控制测量(等级以外。)、地形测量(1：500比例尺，10平方公里以下；1：1000比例尺，15平方公里以下；1：2000比例尺，20平方公里以下。)、规划测量(总建筑面积20万平方米以下；国家重点建设工程不得承担。)、建筑工程测量(7层以下的住宅、高度24m以下的非住宅性质的民用建筑。)、市政工程测量(局部市政工程。)、线路与桥隧测量(100km以下的线路。不得承担桥隧测量。不得承担城市轨道交通项目。)、矿山测量(局部矿山测量、巷道测量。)；不动产测绘：地籍测绘(日常地籍调查及乡镇级以下地籍总调查中的地籍测绘。)、房产测绘(规划许可证载单栋建筑面积2万平方米以下；单个合同标的不超过建筑面积50万平方米。)。",0,云浮市富云测绘有限公司,-,-,30389182-4
梁延军,丁测资字4432586,"2015-06-04 00:00:00",丁级测绘资质核准,"2019-12-31 00:00:00",核准,云浮市国土资源城乡规划管理局,-,-,-,"丁级：不动产测绘：地籍测绘(日常地籍调查及乡镇级以下地籍总调查中的地籍测绘。)、房产测绘(规划许可证载单栋建筑面积2万平方米以下；单个合同标的不超过建筑面积50万平方米。)。***",0,云浮市房地产测绘所,-,-,74297610-9
秦建曹,丁测资字4432516,"2015-04-03 00:00:00",丁级测绘资质核准,"2019-12-31 00:00:00",核准,云浮市国土资源和城乡规划管理局,-,-,-,"丁级：工程测量：控制测量(等级以外。)、地形测量(1：500比例尺，10平方公里以下；1：1000比例尺，15平方公里以下；1：2000比例尺，20平方公里以下。)、规划测量(总建筑面积20万平方米以下；国家重点建设工程不得承担。)、建筑工程测量(7层以下的住宅、高度24m以下的非住宅性质的民用建筑。)、市政工程测量(局部市政工程。)、线路与桥隧测量(100km以下的线路。不得承担桥隧测量。不得承担城市轨道交通项目。)、矿山测量(局部矿山测量、巷道测量。)；不动产测绘：地籍测绘(日常地籍调查及乡镇级以下地籍总调查中的地籍测绘。)。***",0,罗定市罗翔测绘有限公司,-,-,31491735-6
黄炽涛,丁2018005,"2018-05-17 00:00:00",丁级测绘资质核准,"2019-12-31 00:00:00",核准,云浮市国土资源和城乡规划管理局,-,-,-,"丁级：工程测量：控制测量(等级以外。)、地形测量(1：500比例尺，10平方公里以下；1：1000比例尺，15平方公里以下；1：2000比例尺，20平方公里以下。)、规划测量(总建筑面积20万平方米以下；国家重点建设工程不得承担。)、建筑工程测量(7层以下的住宅、高度24m以下的非住宅性质的民用建筑。)、市政工程测量(局部市政工程。)、线路与桥隧测量(100km以下的线路。不得承担桥隧测量。不得承担城市轨道交通项目。)、矿山测量(局部矿山测量、巷道测量。)；不动产测绘：地籍测绘(日常地籍调查及乡镇级以下地籍总调查中的地籍测绘。)、房产测绘(规划许可证载单栋建筑面积2万平方米以下；单个合同标的不超过建筑面积50万平方米。)。***",0,罗定市大地测绘工程队（普通合伙）,-,445381000014683,-
陈华莲,丁2018001,"2018-03-22 00:00:00",丁级测绘资质核准,"2019-12-31 00:00:00",核准,云浮市国土资源和城乡规划管理局,-,-,-,"丁级：工程测量：控制测量(等级以外。)、地形测量(1：500比例尺，10平方公里以下；1：1000比例尺，15平方公里以下；1：2000比例尺，20平方公里以下。)、规划测量(总建筑面积20万平方米以下；国家重点建设工程不得承担。)、建筑工程测量(7层以下的住宅、高度24m以下的非住宅性质的民用建筑。)、市政工程测量(局部市政工程。)、水利工程测量(小型水利水电工程。)、线路与桥隧测量(100km以下的线路。不得承担桥隧测量。不得承担城市轨道交通项目。)、地下管线测量(管线长度100km以下。)、矿山测量(局部矿山测量、巷道测量。)；不动产测绘：地籍测绘(日常地籍调查及乡镇级以下地籍总调查中的地籍测绘。)、房产测绘(规划许可证载单栋建筑面积2万平方米以下；单个合同标的不超过建筑面积50万平方米。)。***",0,云浮市华恒测绘有限公司,-,91445302MA4WUQW28M,-
彭景良,丁2018006,"2018-07-27 00:00:00",丁级测绘资质核准,"2019-12-31 00:00:00",核准,云浮市国土资源和城乡规划管理局,-,-,-,"丁级：不动产测绘：地籍测绘(日常地籍调查及乡镇级以下地籍总调查中的地籍测绘。)、房产测绘(规划许可证载单栋建筑面积2万平方米以下；单个合同标的不超过建筑面积50万平方米。)。***",0,罗定市隆旺测绘有限公司,-,91445381MA4W4L483J,-
潘兵,丁2018004,"2018-04-25 00:00:00",丁级测绘资质核准,"2019-12-31 00:00:00",核准,云浮市国土资源和城乡规划管理局,-,-,-,"丁级：工程测量：控制测量(等级以外。)、地形测量(1：500比例尺，10平方公里以下；1：1000比例尺，15平方公里以下；1：2000比例尺，20平方公里以下。)、规划测量(总建筑面积20万平方米以下；国家重点建设工程不得承担。)、建筑工程测量(7层以下的住宅、高度24m以下的非住宅性质的民用建筑。)、市政工程测量(局部市政工程。)、线路与桥隧测量(100km以下的线路。不得承担桥隧测量。不得承担城市轨道交通项目。)、矿山测量(局部矿山测量、巷道测量。)；不动产测绘：地籍测绘(日常地籍调查及乡镇级以下地籍总调查中的地籍测绘。)、房产测绘(规划许可证载单栋建筑面积2万平方米以下；单个合同标的不超过建筑面积50万平方米。)。***",0,罗定市勘测规划设计室,-,91445381456494061R,-
张朝海,丁测资字4431788,"2015-12-31 00:00:00",丁级测绘资质核准,"2019-12-31 00:00:00",核准,云浮市国土资源城乡规划管理局,-,-,-,"丁级：工程测量：控制测量(等级以外。)、地形测量(1：500比例尺，10平方公里以下；1：1000比例尺，15平方公里以下；1：2000比例尺，20平方公里以下。)、规划测量(总建筑面积20万平方米以下；国家重点建设工程不得承担。)、建筑工程测量(7层以下的住宅、高度24m以下的非住宅性质的民用建筑。)、市政工程测量(局部市政工程。)、线路与桥隧测量(100km以下的线路。不得承担桥隧测量。不得承担城市轨道交通项目。)、矿山测量(局部矿山测量、巷道测量。)；不动产测绘：地籍测绘(日常地籍调查及乡镇级以下地籍总调查中的地籍测绘。)、房产测绘(规划许可证载单栋建筑面积2万平方米以下；单个合同标的不超过建筑面积50万平方米。)。**",0,云浮市云发测绘有限公司,-,-,05375598-4
