F3070225300095_000001003,F3070225300095_000001002,F3070225300095_000001005,F3070225300095_000001004,F3070225300095_000001001,F3070225300095_000001007,F3070225300095_000001006,F3070225300095_000001008
粤建燃证字：21-0027,管道燃气,胡志强,罗定市双东街道陈皮村白沙项,罗定新奥燃气有限公司,云浮市城市综合管理局,营业,罗定
粤建燃证字：21-0025,管道燃气,童水凤,新兴县新城镇广兴大道西,新兴中燃城市燃气发展有限公司,云浮市城市综合管理局,营业,新兴
粤建燃证字：21-0029,管道燃气,谢年兵,云浮市云城区佛山（云浮）产业转移工业园恩劳片区,云浮佛燃天然气有限公司（云城恩劳分公司）,云浮市城市综合管理局,营业,恩劳工业园区
粤建燃证字：21-0028,管道燃气,黄绍辉,云安六都镇新城港城大道37号,云安华润燃气有限公司,云浮市城市综合管理局,营业,云安
粤建燃证字：21-0030,管道燃气,黄征,云浮市郁南县封开连线边,云浮新奥燃气有限公司,云浮市城市综合管理局,营业,郁南
粤建燃证字：21-0026,管道燃气,谢年兵,云浮新区文华路,云浮佛燃天然气有限公司,云浮市城市综合管理局,营业,云浮新区
粤建燃证字：21-0001,管道燃气,童水凤,云浮市区环市中路高峰猪冲口西侧,云浮中燃城市燃气发展有限公司,云浮市城市综合管理局,营业,云城
