F3070225300023_000007001,F3070225300023_000007002,F3070225300023_000007003,F3070225300023_000007004
工程技术研究中心建设专题,广东万事泰集团有限公司,广东省智能餐厨具工程技术研究中心建设资助,20.0000000000
工程技术研究中心建设专题,广东新合铝业新兴有限公司,云浮市铝合金表面处理工程工程技术研究中心建设资助,5.0000000000
工程技术研究中心建设专题,广东益康生环保科技有限公司,"云浮市养殖废水深度处理及循环回用工程技术研究中心建设资助",5.0000000000
工程技术研究中心建设专题,广东友源电气有限公司,广东省现代电能综合治理工程技术研究中心建设资助,20.0000000000
新型研发机构建设专题,云浮华云创新设计有限公司,云浮创新设计中心新型研发机构建设资助,30.0000000000
重点实验室建设专题,佛山（云浮）氢能产业与新材料发展研究院,云浮市氢能源重点实验室建设,5.0000000000
工程技术研究中心建设专题,广东德纳斯金属制品有限公司,云浮市节能环保不锈钢厨具工程技术研究中心建设资助,5.0000000000
工程技术研究中心建设专题,广东润田肥业有限公司,云浮市新型生态功能肥料工程技术研究中心建设资助,5.0000000000
重点实验室建设专题,广东雷允上药业有限公司,云浮市心脑血管类中药重点实验室建设,5.0000000000
工程技术研究中心建设专题," 广东南牧机械设备有限公司",云浮市畜牧养殖机械工程技术研究中心建设资助,5.0000000000
重点实验室建设专题,新兴县先丰不锈钢制品有限公司,云浮市不锈钢制品重点实验室建设,5.0000000000
