F3070225300062_000028004,F3070225300062_000028003,F3070225300062_000028006,F3070225300062_000028005,F3070225300062_000028007,F3070225300062_000028002,F3070225300062_000028001
云浮郁南县,"处方药；非处方药：中药饮片、中成药、化学药制剂、抗生素制剂、生化药品、生物制品（除疫苗）***","2018-02-01 00:00:00",郁南县千官镇城中路94号房屋首层,C-GD-18-YF-0020,药品零售,郁南县千官镇康民药店
云浮新兴县,"处方药；非处方药：中药饮片、 中成药、化学药制剂、抗生素制剂、生化药品、生物制品（预防性生物制品除外）***","2018-03-09 00:00:00",新兴县簕竹镇簕竹圩112号首层,C-GD-18-YF-0023,零售连锁,云浮天天邦健医药连锁有限公司簕竹店
云浮郁南县,"处方药；非处方药：中药饮片、中成药、化学药制剂、抗生素制剂、生化药品、生物制品（除疫苗）***","2018-05-15 00:00:00",郁南县都城镇平江路农行宿舍首层,C-GD-18-YF-0030,药品零售,郁南县郁中药房
云浮云城区,"非处方药、处方药：
中药饮片、中成药、化学药制剂、抗生素制剂、生化药品、生物制品(除疫苗)**
","2018-08-13 00:00:00",云浮市翠玉小区第四幢首层第七卡,C-GD-18-YF-0081,零售连锁,国药控股广州有限公司云浮大药房
云浮云城区,"处方药；非处方药：中药饮片、中成药、化学药制剂、抗生素制剂、生化药品、生物制品（除疫苗）***","2018-03-26 00:00:00",云浮市云城区兴云东路罗沙市场左侧第三卡,C-GD-18-YF-0029,药品零售,云浮市云城区康俞医药有限公司
云浮罗定市,"处方药；非处方药：中药饮片、中成药、化学药制剂、抗生素制剂、生化药品、生物制品（除疫苗）***","2018-05-15 00:00:00",罗定市大新中路56号,C-GD-18-YF-0037,药品零售,罗定市康晟医药有限公司大新路分公司
云浮罗定市,"处方药；非处方药:中药饮片、中成药、化学药制剂、抗生素制剂、生化药品、生物制品(除疫苗) ***","2018-06-22 00:00:00",罗定市工业三路东雅苑A座105号,C-GD-18-YF-0058,药品零售,罗定市康晟医药有限公司五里桥分公司
云浮罗定市,"处方药；非处方药：中药饮片、中成药、化学药制剂、抗生素制剂、生化药品、生物制品（除疫苗）***","2018-06-04 00:00:00",罗定市素龙街道龙信北路13号,C-GD-18-YF-0057,零售连锁,云浮天天邦健医药连锁有限公司罗定素龙二店
云浮罗定市,"处方药；非处方药：中药饮片、中成药、化学药制剂、抗生素制剂、生化药品、生物制品（除疫苗）***","2018-03-09 00:00:00",罗定市大岗东路207号,C-GD-18-YF-0025,药品零售,罗定市正健成药店
云浮新兴,"处方药；非处方药：中药饮片、中成药、化学药制剂 、抗生素制剂、生化药品、生物制品（预防性生物制品除外）***","2018-01-09 00:00:00","新兴县新城镇文建路1号新豪轩城市花园商铺三幢1层41号商铺",C-GD-18-YF-0012,"零售(连锁)",广东美罗汇健康药房有限公司新兴文建路店
云浮新兴县,"处方药；非处方药：中药饮、中成药、化学药制剂 、抗生素制剂、生化药品、生物制品（除疫苗）***","2018-06-22 00:00:00","新兴县新城镇兴业路68号翔顺新成花园第9幢1-2层23号商铺（首层）",C-GD-18-YF-0061,药品零售,新兴县新城镇健星药店
云浮云安区,"处方药；非处方药：中药饮片、中成药、化学药制剂、抗生素制剂、生化药品、生物制品（仅限口服）***","2018-02-01 00:00:00",云浮市云安区白石镇白石街（朱志才房屋）首层,C-GD-18-YF-0022,零售连锁,云浮市大参林药店有限公司云安白石分店
云浮罗定市,"处方药；非处方药；中药饮片，中成药，化学药制剂，抗生素制剂，生化药品，生物制品（除疫苗）***","2018-06-04 00:00:00",罗定市罗镜镇新城中二路56首层,C-GD-18-YF-0052,药品零售,罗定市同辉堂医药有限公司
云浮郁南县,"处方药；非处方药：
中药饮片、中成药、化学药制剂、抗生素制剂、生化药品、生物制品（除疫苗）***
","2018-08-13 00:00:00",郁南县大湾镇府前路82号首层,C-GD-18-YF-0079,零售连锁,云浮市大参林药店有限公司郁南大湾分店
云浮罗定市,"处方药；非处方药；中药饮、中成药、化学药制剂、抗生素制剂、生化药品、生物制品（除疫苗）***","2018-06-22 00:00:00",罗定市太平镇城东大道41号,C-GD-18-YF-0063,药品零售,罗定市康晟医药有限公司太平荣富分公司
云浮罗定市,"处方药；非处方药：中药饮片、中成药、化学药制剂、抗生素制剂、生化药品、生物制品（除疫苗）***","2018-06-22 00:00:00",罗定市罗城街道龙园路197号首层第1、2卡,C-GD-18-YF-0059,药品零售,罗定市容南医药有限公司
云浮罗定市,"处方药；非处方药：中药饮片、中成药、化学药制剂、抗生素制剂、生化药品、生物制品（除疫苗）***","2018-05-15 00:00:00",罗定市罗平镇人民南路14号,C-GD-18-YF-0039,零售连锁,云浮市大参林药店有限公司罗定罗平二店
云浮云安区,"处方药;非处方药:中药饮片、中成药、化学药制剂、抗生素制剂、生化药品、生物制品(除疫苗) ***","2018-06-22 00:00:00",云浮市云安区府前二路黄浩光房屋,C-GD-18-YF-0067,药品零售,罗定市康晟医药有限公司云安百康分公司
云浮罗定市,"处方药；非处方药：中药饮片、中成药、化学药制剂、抗生素制剂、生化药品、生物制品（除疫苗）***","2018-05-15 00:00:00",罗定市素龙街朝阳路17号首层,C-GD-18-YF-0044,药品零售,罗定市素龙正济生药店
云浮郁南县,"处方药；非处方药；中药饮片、中成药、化学药制剂、抗生素制剂、生化药品、生物制品（除疫苗）***","2018-06-04 00:00:00",郁南县大湾镇过境公路卢锦基房屋首层,C-GD-18-YF-0054,药品零售,郁南县林和药店
云浮罗定市,"处方药；非处方药：中药饮片、中成药、化学药制剂、抗生素制剂、生化药品、生物制品（除疫苗）***","2018-05-15 00:00:00",罗定市旧324线公路边街（梁海的房屋首层）,C-GD-18-YF-0045,药品零售,华佗国药（广东）大药房有限公司罗定素龙二店
云浮郁南县,"处方药；非处方药：
中药饮片、中成药、化学药制剂、抗生素制剂、生化药品、生物制品（除疫苗）***
","2018-08-13 00:00:00",郁南县河口镇新城中路（谢福均的房屋）,C-GD-18-YF-0080,零售连锁,云浮市大参林药店有限公司郁南河口分店
云浮罗定市,"处方药；非处方药：中药饮片、中成药、化学药制剂、抗生素制剂、生化药品、生物制品（除疫苗）***","2018-02-01 00:00:00",罗定市罗城镇人民中路113号之三首层,C-GD-18-YF-0016,零售连锁,云浮市大参林药店有限公司罗定人民中路店
云浮郁南县,"处方药；非处方药：中药饮片、中成药、化学药制剂、抗生素制剂、生化药品、生物制品（除疫苗）***","2018-05-15 00:00:00",郁南县连滩镇连滩大道141号首层,C-GD-18-YF-0031,药品零售,郁南县康达药房有限公司
云浮云安,"处方药；非处方药：中药饮片、中成药、化学药制剂、抗生素制剂、生化药品、生物制品（仅限口服）******","2018-01-09 00:00:00",云浮市云安区六都镇南乡新南一路78号首层,C-GD-18-YF-0001,零售,云浮市杏林医药有限公司云安德仁堂分店
云浮罗定市,"处方药；非处方药：中药饮片、中成药、化学药制剂、抗生素制剂、生化药品、生物制品（除疫苗）***","2018-02-01 00:00:00",罗定市塘镇向阳路80号,C-GD-18-YF-0018,零售连锁,云浮市大参林药店有限公司罗定塘店
云浮新兴县,"处方药；非处方药：
中药饮片、中成药、化学药制剂 、抗生素制剂、生化药品***
","2018-07-24 00:00:00",新兴县新城镇建设南路66号之一,C-GD-18-YF-0069,零售连锁,新兴县太子心医药有限公司第十三药店
云浮罗定,"处方药：非处方药：中药饮片、中成药、化学药制剂、抗生素制剂、生化药品、生物制品（除疫苗）***","2018-01-09 00:00:00",罗定市太平镇城东大道62号,C-GD-18-YF-0006,零售,罗定市正心药店
云浮云安区,"处方药；非处方药；中药饮片、中成药、化学药制剂、抗生素制剂、生化药品、生物制品（除疫苗）***","2018-06-22 00:00:00",云安区六都镇新南开发区新桥南路48号,C-GD-18-YF-0068,药品零售,云浮市杏林医药有限公司云安永健分店
云浮罗定市,"处方药；非处方药：中药饮片、中成药、化学药制剂、抗生素制剂、生化药品、生物制品（除疫苗）***","2018-02-01 00:00:00",罗定市罗城镇兴业路1号A幢107、108房,C-GD-18-YF-0015,药品零售,罗定市恒益药店
云浮罗定市,"处方药；非处方药：中药饮片、中成药、化学药制剂、抗生素制剂、生化药品、生物制品（除疫苗）***","2018-05-15 00:00:00",罗定市榃滨镇迎宾路（刘小梅的房屋）,C-GD-18-YF-0046,零售连锁,广东尚药房连锁药店有限公司罗定杏星药店
云浮罗定市,"处方药；非处方药：中药饮片、中成药、化学药制剂、抗生素制剂、生化药品、生物制品（除疫苗）***","2018-05-15 00:00:00",罗定市连州镇北街4号之一,C-GD-18-YF-0043,药品零售,罗定市康晟医药有限公司连州分公司
云浮郁南县,"处方药；非处方药；中药饮片、中成药、化学药制剂、抗生素制剂、生化药品、生物制品(除疫苗)***","2018-06-04 00:00:00",郁南县连滩镇建设路47号,C-GD-18-YF-0055,药品零售,罗定市康晟医药有限公司连滩分公司
云浮罗定市,"处方药；非处方药：中药饮片、中成药、化学药制剂、抗生素制剂、生化药品、生物制品（除疫苗）***","2018-05-15 00:00:00",罗定市罗城龙园路141、143号,C-GD-18-YF-0038,零售连锁,云浮市大参林药店有限公司罗定龙园店
云浮新兴县,"处方药；非处方药:中药饮片、中成药、化学药制剂、抗生素制剂、生化药品、生物制品（预防性生物制品除外）***","2018-03-26 00:00:00",新兴县天堂镇内中市场侧林子祥房屋（首层）,C-GD-18-YF-0026,药品零售,新兴县天堂镇康美来药房
云浮郁南县,"处方药；非处方药：中药饮片、中成药、化学药制剂、抗生素制剂、生化药品、生物制品（除疫苗）***","2018-02-01 00:00:00",郁南县宝珠镇大用村委上寨村2号,C-GD-18-YF-0021,药品零售,郁南县宝珠镇幸康药店
云浮郁南县,"处方药；非处方药；中药饮片；中成药；化学药制剂；抗生素制剂；生化药品；生物制品（除疫苗）***","2018-06-04 00:00:00",郁南县连滩镇振兴路83号首层,C-GD-18-YF-0056,药品零售,郁南县连滩镇新绿荷药店
云浮云城区,"处方药；非处方药：
中药饮片、中成药、化学药制剂 、抗生素制剂、生化药品***
","2018-07-24 00:00:00",新兴县新城镇南街146号148号北起第5、6卡,C-GD-18-YF-0077,零售连锁,新兴县太子心医药有限公司第二十三药店
云浮云安,"处方药；非处方药：中药饮片、中成药、  化学药制剂 、抗生素制剂、生化药品、  生物制品（仅限口服）***","2018-01-09 00:00:00",云浮市云安区高村镇新街14号首层,C-GD-18-YF-0002,零售（连锁）,云浮市大参林药店有限公司云安高村分店
云浮罗定市,"处方药；非处方药：中药饮片、中成药、化学药制剂、抗生素制剂、生化药品、生物制品（除疫苗）***","2018-02-01 00:00:00",罗定市素龙衔道潭井村委龙城中路155号首层,C-GD-18-YF-0017,药品零售,罗定市海群药店
云浮云安区,"处方药；非处方药：中药饮片、中成药、抗生素制剂、化学药制剂、生化药品、生物制品（除疫苗）***","2018-05-15 00:00:00","云浮市云安区石城镇茶洞街60号（罗其珊的房屋)",C-GD-18-YF-0050,药品零售,云浮市云安区益乐药店
云浮新兴县,"处方药；非处方药：中成药、化学药制剂、抗生素制剂***","2018-05-15 00:00:00",新兴县六祖镇官洞圩44号首层,C-GD-18-YF-0048,药品零售,新兴县六祖镇怡康药商店
云浮新兴,"处方药；非处方药：中药饮片、中成药、化学药制剂、抗生素制剂、生化药品、生物制品（预防性生物制品除外）***","2018-01-09 00:00:00","新兴县新城镇文泉路9号泰基家园1幢22、23、25号商铺（首层）",C-GD-18-YF-0011,零售,新兴县新城镇健福药店
云浮罗定市,"处方药；非处方药：中药饮片、中成药、化学药制剂、抗生素制剂、生化药品、生物制品（除疫苗）***","2018-03-09 00:00:00",罗定市龙华东路岗脑至阳界二段（20）首层,C-GD-18-YF-0024,药品零售,罗定市莱康药店
云浮罗定,"处方药；非处方药：中药饮片、中成药、化学药制剂、抗生素制剂、生化药品、生物制品（除疫苗）***","2018-01-09 00:00:00",罗定市lang塘镇立新路9号,C-GD-18-YF-0003,零售,罗定市康晟医药有限公司lang塘分公司
云浮新兴县,"处方药；非处方药：中药饮片、中成药、化学药制剂、抗生素制剂、生化药品、生物制品（除疫苗）***","2018-03-26 00:00:00",云浮市云安区镇安镇居委广海路79号首层,C-GD-18-YF-0028,零售连锁,云浮市松仙医药连锁有限公司镇安店
云浮罗定市,"处方药；非处方药；中药饮片、中成药、化学药制剂、抗生素制剂、生化药品**","2018-06-22 00:00:00",罗定市塘镇向阳路58号,C-GD-18-YF-0065,药品零售,罗定市小春药店
云浮新兴,"处方药；非处方药：中药饮片、中成药、化学药制剂 、抗生素制剂、生化药品***","2018-01-09 00:00:00",新兴县新城镇环城南路16号之三、四首层,C-GD-18-YF-0009,零售,新兴县太子心医药有限公司第十九药店
云浮新兴县,"处方药；非处方药：
中药饮片、中成药、化学药制剂 、抗生素制剂、生化药品***
","2018-07-24 00:00:00",新兴县六祖镇集成圩集成北路19-21号,C-GD-18-YF-0076,零售连锁,新兴县太子心医药有限公司第十五药店
云浮郁南县,"处方药；非处方药；中药饮片、中成药、化学药制剂、抗生素制剂、生化药品、生物制品（除疫苗）***","2018-06-04 00:00:00",郁南县都城镇城中西路19号首层,C-GD-18-YF-0053,药品零售,郁南县都城镇益和堂大药房锦绣药店
云浮新兴县,"处方药；非处方药：
中药饮片、中成药、化学药制剂 、抗生素制剂、生化药品***
","2018-07-24 00:00:00",新兴县新城镇体育路8号首层第一卡之1、之2,C-GD-18-YF-0075,零售连锁,新兴县太子心医药有限公司第十六药店
云浮郁南县,"处方药；非处方药：中药饮片、中成药、化学药制剂、抗生素制剂、生化药品、生物制品（除疫苗）***","2018-05-15 00:00:00",郁南县连滩镇城中路24号首层,C-GD-18-YF-0033,药品零售,郁南县连滩镇永辉堂药店
云浮罗定市,"处方药；非处方药：
中药饮片、中成药、化学药制剂、抗生素制剂、生化药品、生物制品（除疫苗）***
","2018-07-24 00:00:00",罗定市罗镜镇中二路48号首层,C-GD-18-YF-0074,药品零售,云浮市大参林药店有限公司罗定罗镜二店
云浮罗定市,"处方药；非处方药：
中药饮片、中成药、化学药制剂 、抗生素制剂、生化药品***
","2018-07-24 00:00:00",新兴县新城镇广兴大道西李国雄房屋,C-GD-18-YF-0072,零售连锁,新兴县太子心医药有限公司第十二药店
云浮罗定市,"处方药；非处方药：中药饮片、中成药、化学药制剂、抗生素制剂、生化药品、生物制品（除疫苗）***","2018-05-15 00:00:00",罗定市罗平镇教育路18号,C-GD-18-YF-0040,药品零售,罗定市康晟医药有限公司罗平分公司
云浮新兴县,"处方药；非处方药：
中药饮片、中成药、化学药制剂 、抗生素制剂、生化药品***
","2018-07-24 00:00:00",新兴县簕竹镇簕竹圩镇128号首层,C-GD-18-YF-0078,零售连锁,新兴县太子心医药有限公司第十八药店
云浮云安区,"处方药;非处方药:中药饮片、中成药、化学药制剂、抗生素制剂、生化药品、生物制品(除疫苗) ***","2018-06-22 00:00:00",云安区六都镇吉祥路41-42号,C-GD-18-YF-0066,药品零售,罗定市康晟医药有限公司云安六都分公司
云浮罗定,"处方药、非处方药：中药饮片、中成药、化学药制剂、抗生素制剂、生化药品、生物制品（除疫苗）***","2018-01-09 00:00:00",罗定市金鸡镇解放路24号,C-GD-18-YF-0005,零售,罗定市金鸡镇百益药房
云浮罗定市,"处方药；非处方药:中药饮片、中成药、化学药制剂、抗生素制剂、生化药品、生物制品（除疫苗）***","2018-02-01 00:00:00","罗定市罗城镇城南小区三区二十米街边（邱洪勇的房屋）",C-GD-18-YF-0019,零售连锁,云浮市大参林药店有限公司罗定平南店
云浮云城区,"处方药；非处方药：中药饮片、中成药、化学药制剂、抗生素制剂、生化药品、生物制品（除疫苗）***","2018-05-15 00:00:00","云浮市市区金山区兴云西路帝景苑二区H幢首层第7卡商铺",C-GD-18-YF-0049,药品零售,罗定市康晟医药有限公司云城金山分公司
云浮郁南县,"处方药；非处方药：中药饮片、中成药、化学药制剂、抗生素制剂、生化药品、生物制品（除疫苗）***","2018-05-15 00:00:00",郁南县连滩镇中华路郑燕玲房屋首层,C-GD-18-YF-0034,药品零售,郁南县连滩镇民生堂药店
云浮郁南,"处方药；非处方药：中药饮片、中成药、　化学药制剂、抗生素制剂、生化药品、　生物制品（除疫苗）***","2018-01-09 00:00:00",郁南县千官镇茶山开发区（谭伟嫦）房屋首层,C-GD-18-YF-0007,零售,郁南县千官镇健宁堂民康药店
云浮罗定市,"处方药；非处方药；中药饮片、中成药、化学药制剂、抗生素制剂、生化药品、生物制品（除疫苗）***","2018-06-04 00:00:00",罗定市大木塘东25号首层,C-GD-18-YF-0051,药品零售,罗定市中康医药有限公司
云浮新兴县,"处方药；非处方药：
中药饮片、中成药、化学药制剂 、抗生素制剂、生化药品***
","2018-07-24 00:00:00",新兴县新城镇陇塘村委招商楼北起第一、二卡,C-GD-18-YF-0073,零售连锁,新兴县太子心医药有限公司第十七药店
云浮郁南县,"处方药；非处方药：中药饮片、中成药、化学药制剂、抗生素制剂、生化药品、生物制品（除疫苗）***","2018-05-15 00:00:00",郁南县连滩镇建设路18号首层,C-GD-18-YF-0035,药品零售,郁南县连滩镇维新药店
云浮新兴,"处方药；非处方药：中药饮片、中成药、化学药制剂 、抗生素制剂、生化药品***","2018-01-09 00:00:00","新兴县新城镇育才南路13号之58、59、60、61卡商铺（城北商业广 场）",C-GD-18-YF-0008,零售,新兴县太子心医药有限公司第六分公司
云浮云城区,"处方药、非处方药：中成药、化学药制剂、抗生素制剂、生化药品、生物制品（除疫苗）","2018-06-22 00:00:00",云浮市云城区云城街道翠玉一路102号商铺,C-GD-18-YF-0060,药品零售,云浮市云城区云中药房
云浮罗定市,"处方药；非处方药、中药饮片、中成药、化学药制剂、抗生素制剂、生化药品、生物制品（除疫苗）","2018-07-24 00:00:00",罗定市榃滨镇迎宾路68号首层,C-GD-18-YF-0070,药品零售,罗定市榃滨镇信德药店
云浮新兴县,"处方药；非处方药：中药饮片、中成药、化学药制剂、抗生素制剂、生化药品、生物制品（除疫苗）***","2018-05-15 00:00:00","新兴县新城镇沙州开发区D2筠洲路（张妙玲房屋第三卡）",C-GD-18-YF-0047,零售连锁,新兴县太子心医药有限公司第十四药店
云浮罗定市,"处方药；非处方药：中药饮片、中成药、化学药制剂、抗生素制剂、生化药品、生物制品（除疫苗）***","2018-02-01 00:00:00",罗定市船步镇华市路8号一楼,C-GD-18-YF-0014,药品零售,云浮天天邦健医药连锁有限公司罗定船步二店
云浮罗定,"处方药，非处方药：中药饮片、中成药、化学药制剂、抗生素制剂、生化药品、生物制品（除疫苗）***","2018-01-09 00:00:00","罗定市人民中路47、49号面向街道自左至右第二卡商铺",C-GD-18-YF-0004,零售,罗定市康晟医药有限公司轩贤堂分公司
云浮罗定市,"处方药；非处方药：中药饮片、中成药、化学药制剂、抗生素制剂、生化药品、生物制品（除疫苗）***","2018-05-15 00:00:00",罗定市罗平镇人民路27号,C-GD-18-YF-0042,药品零售,罗定市中和堂药店
云浮罗定市,"处方药、非处方药；中成药、中药饮片、化学药制剂、抗生素制剂、生化药品、生物制品（除疫苗）***","2018-06-22 00:00:00",罗定市分界镇人民路57号,C-GD-18-YF-0064,零售连锁,云浮市大参林药店有限公司罗定分界店
云浮郁南县,"处方药；非处方药：中药饮片、中成药、化学药制剂、抗生素制剂、生化药品、生物制品（除疫苗）***","2018-05-15 00:00:00",郁南县大湾镇正街路27号,C-GD-18-YF-0036,药品零售,郁南县大湾镇权威药店
云浮郁南县,"处方药；非处方药：中药饮片、中成药、化学药制剂、抗生素制剂、生化药品、生物制品（除疫苗）***","2018-05-15 00:00:00",郁南县连滩镇振兴路51号首层,C-GD-18-YF-0032,药品零售,郁南县连滩镇吉祥兴药店
云浮新兴,"处方药；非处方药：中药饮片、中成药、化学药制剂 、抗生素制剂、生化药品，生物制品（预防性生物制品除外）***","2018-01-09 00:00:00",新兴县东成镇卫生院门诊部首层向南商铺,C-GD-18-YF-0013,零售,新兴县东成镇康健药店
云浮云城区,"处方药；非处方药：中药饮片、中成药、化学药制剂、抗生素制剂、生化药品、生物制品（除疫苗）***","2018-06-22 00:00:00",云浮市市区绿屏路与云峰路交汇处B幢首层10号商铺,C-GD-18-YF-0062,零售连锁,云浮市大参林药店有限公司云城云峰分店
云浮新兴,"处方药；非处方药：中药饮片、中成药、化学药制剂 、抗生素制剂、生化药品、生物制品(预防性生物制品除外) ***","2018-01-09 00:00:00",新兴县新城镇文华路112号之5号商铺,C-GD-18-YF-0010,零售,新兴县新城镇俊康大药房
云浮郁南县,"处方药；非处方药：中药饮片、中成药、化学药制剂、抗生素制剂、生化药品、生物制品（除疫苗）***","2018-03-26 00:00:00",郁南县都城镇城北五路A39号、A41号,C-GD-18-YF-0027,零售连锁,云浮市大参林药店有限公司郁南城北分店
云浮罗定市,"处方药；非处方药：中药饮片、中成药、化学药制剂、抗生素制剂、生化药品、生物制品（除疫苗）***","2018-05-15 00:00:00",罗定市分界镇人民路26号,C-GD-18-YF-0041,药品零售,罗定市康晟医药有限公司锦康分公司
云浮罗定市,"处方药；非处方药：
中药饮片、中成药、化学药制剂、抗生素制剂、生化药品、生物制品（除疫苗）***
","2018-07-24 00:00:00",罗定市榃滨镇榃滨圩迎宾路（朱劲霖的房屋）,C-GD-18-YF-0071,零售连锁,云浮市大参林药店有限公司罗定榃滨店
