F3070225300035_000020007,F3070225300035_000020005,F3070225300035_000020006,F3070225300035_000020003,F3070225300035_000020004,F3070225300035_000020001,F3070225300035_000020002
肉猪,Q/GDWS8-2018,粉状,"314H生长肥育猪后期复合预混料0.6%",粤饲预字（2018）701093,广东温氏食品集团股份有限公司,肉猪用复合预混合饲料
种猪,Q/GDWS8-2018,粉状,"335种公猪复合预混料1.0%",粤饲预字（2018）701054,广东温氏食品集团股份有限公司,种猪用复合预混合饲料
肉猪,Q/GDWS8-2018,粉状,312H仔猪后期复合预混料,粤饲预字（2018）701082,广东温氏食品集团股份有限公司,肉猪用复合预混合饲料
肉猪,Q/GDWS8-2018,粉状,"314生长肥育猪中期复合预混料0.6%",粤饲预字（2018）701079,广东温氏食品集团股份有限公司,肉猪用复合预混合饲料
肉猪,Q/GDWS8-2018,粉状,"312后备期复合预混料1.0%",粤饲预字（2018）701048,广东温氏食品集团股份有限公司,肉猪用复合预混合饲料
种猪,Q/GDWS8-2018,粉状,"335种公猪复合预混料2.0%",粤饲预字（2018）701056,广东温氏食品集团股份有限公司,种猪用复合预混合饲料
家畜、家禽,Q/WSDHN84-2018,粉状,益特舒,粤饲预字（2018）703067,广东温氏大华农生物科技有限公司,复合预混合饲料Ⅵ
家畜、家禽、水产,NT/T2131-2012,粉状,旺畜宝,粤饲添字（2018）326001,新兴县国研科技有限公司,枯草芽孢杆菌
种猪,Q/GDWS8-2018,粉状,332Q妊娠前期复合预混料,粤饲预字（2018）701050,广东温氏食品集团股份有限公司,种猪用复合预混合饲料
种猪,Q/GDWS8-2018,粉状,"313后备期复合预混料1.0%",粤饲预字（2018）701043,广东温氏食品集团股份有限公司,种猪用复合预混合饲料
种猪,Q/GDWS8-2018,粉状,"313后备期复合预混料0.6%",粤饲预字（2018）701045,广东温氏食品集团股份有限公司,种猪用复合预混合饲料
肉猪,Q/GDWS8-2018,粉状,"312Q仔猪前期复合预混料1.0%",粤饲预字（2018）701083,广东温氏食品集团股份有限公司,肉猪用复合预混合饲料
仔猪,Q/WSDHN85-2018,粉状,WENS仔猪人工乳Ⅱ,粤饲预字（2018）703066,广东温氏大华农生物科技有限公司,猪用复合预混合饲Ⅱ
种猪,Q/GDWS8-2018,粉状,"332Z妊娠中期复合预混料0.6%",粤饲预字（2018）701052,广东温氏食品集团股份有限公司,种猪用复合预混合饲料
猪,Q/TB24-2018,粉状,血气方刚,粤饲预字（2018）704022,广东省天宝生物制药有限公司,猪用复合预混合饲料Ⅱ
猪,Q/TB23-2018,粉状,健立长,粤饲预字（2018）704021,广东省天宝生物制药有限公司,猪用复合预混合饲料
肉猪,Q/GDWS8-2018,粉状,"314H生长肥育猪后期复合预混料0.4%",粤饲预字（2018）701092,广东温氏食品集团股份有限公司,肉猪用复合预混合饲料
种猪,Q/GDWS8-2018,粉状,332Z妊娠中期复合预混料,粤饲预字（2018）701051,广东温氏食品集团股份有限公司,种猪用复合预混合饲料
种猪,Q/GDWS8-2018,粉状,"333哺乳期复合预混料0.6%",粤饲预字（2018）701047,广东温氏食品集团股份有限公司,种猪用复合预混合饲料
肉猪,Q/GDWS8-2018,粉状,"315生长肥育猪后期复合预混料0.4%",粤饲预字（2018）701094,广东温氏食品集团股份有限公司,肉猪用复合预混合饲料
肉猪,Q/GDWS8-2018,粉状,"314生长肥肉猪中期复合预混料0.4%",粤饲预字（2018）701095,广东温氏食品集团股份有限公司,肉猪用复合预混合饲料
肉猪,Q/GDWS8-2018,粉状,"313生长肥肉猪前期复合预混料0.6%",粤饲预字（2018）701078,广东温氏食品集团股份有限公司,肉猪用复合预混合饲料
种猪,Q/GDWS8-2018,粉状,"333哺乳期复合预混料1.0%",粤饲预字（2018）701053,广东温氏食品集团股份有限公司,种猪用复合预混合饲料
种猪,Q/GDWS8-2018,粉状,"331后备期复合预混料0.6%",粤饲预字（2018）701046,广东温氏食品集团股份有限公司,种猪用复合预混合饲料
种猪,Q/GDWS8-2018,粉状,"335种公猪复合预混料0.6%",粤饲预字（2018）701057,广东温氏食品集团股份有限公司,种猪用复合预混合饲料
种猪,Q/GDWS8-2018,粉状,"332Q妊娠前期复合预混料1.0%",粤饲预字（2018）701049,广东温氏食品集团股份有限公司,种猪用复合预混合饲料
肉猪,Q/GDWS8-2018,粉状,311乳猪复合预混料,粤饲预字（2018）701081,广东温氏食品集团股份有限公司,肉猪用复合预混合饲料
肉猪,Q/GDWS8-2018,粉状,"315生长肥育猪后期复合预混料0.6%",粤饲预字（2018）701080,广东温氏食品集团股份有限公司,肉猪用复合预混合饲料
肉猪,Q/GDWS8-2018,粉状,"313生长肥育猪前期复合预混料0.4%",粤饲预字（2018）701096,广东温氏食品集团股份有限公司,肉猪用复合预混合饲料
种猪,Q/GDWS8-2018,粉状,330配前优饲复合预混料,粤饲预字（2018）701055,广东温氏食品集团股份有限公司,种猪用复合预混合饲料
种猪,Q/GDWS8-2018,粉状,"331后备期复合预混料1.0%",粤饲预字（2018）701044,广东温氏食品集团股份有限公司,种猪用复合预混合饲料
