F3070225300036_000020003,F3070225300036_000020002,F3070225300036_000020001
新兴县,县级,合河水库森林公园
罗定市,县级,三叉顶森林公园
罗定市,县级,连州仙景森林公园
新兴县,县级,新兴金台山森林公园
新兴县,县级,佛手岭森林公园
云安区,县级,云安县崖鹰山森林公园
罗定市,县级,罗定南山森林公园
云安区,市级,云浮市凤凰山森林公园
云安区,县级,云安凌宵岩森林公园
郁南县,县级,龙井西竺庵森林公园
云安区,县级,云安县头盔山森林公园
云安区,市级,云浮东山森林公园
云城区,市级,云浮笔架山森林公园
新兴县,县级,龙山森林公园
云城区,县级,卧龙湖森林公园
新兴县,县级,双甲森林公园
郁南县,市级,云浮蒲芦山市级森林公园
云安区,县级,云安县高吊水森林公园
新兴县,县级,北峰山森林公园
云城区,县级,城北大金山森林公园
罗定市,县级,山垌森林公园
罗定市,县级,金银湖森林公园
新兴县,县级,办表水库森林公园
新兴县,县级,水源山森林公园
罗定市,县级,聚龙洞森林公园
云城区,县级,？？亚婆髻山森林公园
" 云城区",省级,广东南山森林公园管理处
罗定市,县级,龙窟顶森林公园
云城区,市级,云浮观音山森林公园
罗定市,县级,罗光森林公园
郁南县,县级,大河水库森林公园
云安区,县级,云安东升森林公园
云安区,市级,云浮将军顶森林公园
罗定市,县级,云盖山森林公园
新兴县,县级,共成水库森林公园
郁南县,国家,广东大王山森林公园
新兴县,县级,神仙谷森林公园
郁南县,县级,天池庵森林公园
郁南县,县级,连滩镇五指山县级森林公园
罗定市,县级,大芒山森林公园
新兴县,县级,旧厂林场森林公园
郁南县,县级,大历山森林公园
