F3070225300048_000023017,F3070225300048_000023006,F3070225300048_000023018,F3070225300048_000023007,F3070225300048_000023019,F3070225300048_000023008,F3070225300048_000023009,F3070225300048_000023020,F3070225300048_000023010,F3070225300048_000023011,F3070225300048_000023012,F3070225300048_000023001,F3070225300048_000023013,F3070225300048_000023002,F3070225300048_000023014,F3070225300048_000023003,F3070225300048_000023015,F3070225300048_000023004,F3070225300048_000023016,F3070225300048_000023005
无,"2018-03-30 00:00:00",无,云浮市文化广电新闻出版局,不公开,无,"康*升",云浮市文化广电新闻出版局,无,没收非法出版物,无,（云）文罚字〔2018〕第2号,云浮市禅宗六祖文化研究会,云浮市禅宗六祖文化研究会,51445300073529335J,散发未经批准擅自印刷的出版物,无,没收未经批准擅自印刷的出版物共5240本。,无,"《出版物市场管理规定》第三十二条第四款、第三十九条"
无,"2018-01-04 00:00:00",无,云浮市文化广电新闻出版局,不公开,无,"廖*花",云浮市文化广电新闻出版局,无,没收违法所得,没收非法出版物,（云）文罚字〔2018〕第1号,"广州市增城读者书店（负责人廖*花）","广州市增城读者书店（负责人廖*花）",92440101L830417747,发行侵犯他人著作权的出版物,无,没收违法所得；没收侵权盗版图书129本。,无,"《中华人民共和国著作权法》第四十八条第（一）项、《中华人民共和国著作权法实施条例》第三十六条"
无,"2018-04-27 00:00:00",无,云浮市文化广电新闻出版局,不公开,无,"陈*凯",云浮市文化广电新闻出版局,无,罚款,无,（云）文罚字〔2018〕第6号,云浮市金色年华娱乐有限公司,云浮市金色年华娱乐有限公司,无,播放含有违背社会公德内容的曲目,914453020969226000,罚款,无,《娱乐场所管理条例》第四十八条第（二）项
无,"2018-04-13 00:00:00",无,云浮市文化广电新闻出版局,不公开,无,"谭*民",云浮市文化广电新闻出版局,无,停业整顿,没收非法出版物、罚款,（云）文罚字〔2018〕第3号,"云城区健民教育印刷厂（经营者谭*民）","云城区健民教育印刷厂（经营者谭*民）",无,擅自兼营出版物经营活动,445302600221627,"1、责令停业整顿3天；2、没收擅自兼营装订的出版物430份；罚款",无,《印刷业管理条例》第三十七条第（一）项
无,"2018-05-02 00:00:00",无,云浮市文化广电新闻出版局,不公开,无,"吴*炜",云浮市文化广电新闻出版局,无,罚款,无,（云）文罚字〔2018〕第5号,云浮市石之城故事音乐餐饮有限公司,云浮市石之城故事音乐餐饮有限公司,91445302MA4X83JU2U,播放含有违背社会公德内容的曲目,无,罚款,无,《娱乐场所管理条例》第四十八条第（二）项
无,"2018-05-22 00:00:00",无,云浮市文化广电新闻出版局,不公开,无,"吴*醒",云浮市文化广电新闻出版局,无,没收演出器材,无,（云）文罚字〔2018〕第4号,云浮市胡桃里餐饮管理有限公司,云浮市胡桃里餐饮管理有限公司,91445302MA4X34RP8J,擅自从事营业性演出经营活动,无,没收演出器材,无,"《营业性演出管理条例》第四十三条第一款、《营业性演出管理条例实施细则》第五十条"
