F3070225300062_000030005,F3070225300062_000030004,F3070225300062_000030003,F3070225300062_000030002,F3070225300062_000030008,F3070225300062_000030007,F3070225300062_000030006,F3070225300062_000030001
新兴县食品药品监督管理局,"新兴县新城镇凤凰村民委员会深耕垌房屋第三排第2卡商铺","新兴县新城镇凤凰村民委员会深耕垌房屋第三排第2卡商铺",代用茶：紫米代用茶,"2023-05-13 00:00:00","2018-05-14 00:00:00",SC11444532100951,兴县美微食品有限公司
新兴县食品药品监督管理局,新兴县六祖镇集城圩青云路水库综合楼首层,新兴县六祖镇集城圩青云路水库综合楼首层,"茶叶：绿茶（龙井茶、珠茶、黄山毛峰、都匀毛尖、其他）、红茶（祈门工夫红茶、小种红茶、红碎茶、其他）","2023-02-21 00:00:00","2018-02-23 00:00:00",SC11444532100880,新兴县龙圣茶业食品有限公司
新兴县食品药品监督管理局,新兴县凉果工业城,新兴县凉果工业城,"蜜饯：蜜饯类、凉果类、果脯类、话化类、果丹（饼）类、果糕类","2023-07-26 00:00:00","2018-07-27 00:00:00",SC11744532101104,新兴县东成镇金益食品厂
云城区食品药品监督管理局,云浮市云城区兴云东路187号,云浮市云城区兴云东路187号,食用植物油：花生油,"2023-01-22 00:00:00","2018-01-23 00:00:00",SC10244530200345,云浮市云城区都骑志勇花生油厂
郁南县食品药品监督管理局,"郁南县都城镇二环路（广隆农贸市场前排商铺）第5－7卡","郁南县都城镇二环路（广隆农贸市场前排商铺）第5－7卡",食用植物油（花生油）,"2023-05-10 00:00:00","2018-05-11 00:00:00",SC10244532200228,郁南县纯新食用油厂
云城区食品药品监督管理局,"云浮市云城区腰古镇中央储备库云浮直属库18号仓南边","云浮市云城区腰古镇中央储备粮云浮直属库18号仓南边",大米,"2023-05-29 00:00:00","2018-05-30 00:00:00",SC10144530200148,云浮市辉达米业有限公司
云城区食品药品监督管理局,云浮市云城区解放西路80号第二卡,云浮市云城区解放西路80号第二卡,食用植物油（花生油）,"2023-05-01 00:00:00","2018-05-02 00:00:00",SC10244530200361,云浮市云城区思龙诚信花生油厂
郁南县食品药品监督管理局,郁南县都城镇新生东路113号之右首层,郁南县都城镇新生东路113号之右首层,食用植物油：花生油,"2023-04-08 00:00:00","2018-04-09 00:00:00",SC10244532200201,郁南县都城镇正良油厂
郁南县食品药品监督管理局,郁南县连滩镇西郊工业区二十五号,郁南县连滩镇西郊工业区二十五号,其他酒：其他发酵酒：蜂蜜梅酒,"2023-05-29 00:00:00","2018-05-30 00:00:00",SC11544532200259,广东金樱子酿酒有限公司
新兴县食品药品监督管理局,"新兴县新城镇城东路133号（岗背洞）（伍尚伟房屋首层）","新兴县新城镇城东路133号（岗背洞）（伍尚伟房屋首层）",淀粉及淀粉制品：淀粉制品（湿粉条）,"2023-06-10 00:00:00","2018-06-11 00:00:00",SC12344532100991,新兴县新城镇大发粉厂
郁南县食品药品监督管理局,郁南县都城镇富窝村委会三窝村公路边吴杰芳所属土地,郁南县都城镇富窝村委会三窝村公路边吴杰芳所属土地,腌腊肉制品：肉灌制品、腊肉制品、其他肉制品,"2023-05-20 00:00:00","2018-05-21 00:00:00",SC10444532200240,郁南县都城坤记腊味加工厂
新兴县食品药品监督管理局,新兴县天堂镇五东黎头岗路口（李文房屋）,新兴县天堂镇五东黎头岗路口（李文房屋）,大米,"2023-04-01 00:00:00","2018-04-02 00:00:00",SC10144532100923,新兴县天堂镇文记碾米厂
罗定市食品药品监督管理局,罗定市素龙街道凤塘村榃石山3号,罗定市素龙街道凤塘村榃石山3号,豆制品：非发酵性豆制品（腐竹）,"2023-04-03 00:00:00","2018-04-04 00:00:00",SC12544538100637,罗定市肇扬豆制品加工厂
新兴县食品药品监督管理局,新兴县簕竹镇云龙村民委员会云雾榔头山,新兴县簕竹镇云龙村民委员会云雾榔头山,"果蔬罐头：蔬菜罐头（竹笋罐头）；酱腌菜：酸竹笋、酸芥菜","2023-07-04 00:00:00","2018-07-05 00:00:00",SC11644532101012,新兴县云翰食品有限公司
罗定市食品药品监督管理局,罗定市太平镇太西村委文围村（欧林勇的房屋）,罗定市太平镇太西村委文围村（欧林勇的房屋）,大米,"2023-01-15 00:00:00","2018-01-16 00:00:00",SC10144538100617,罗定市佳信粮食加工厂
郁南县食品药品监督管理局,郁南县都城镇五龙村委田舍大湾山场边,郁南县都城镇五龙村委田舍大湾山场边,挂面：普通挂面,"2023-06-14 00:00:00","2018-06-15 00:00:00",SC10144532200279,郁南县广丰裕食品有限公司
罗定市食品药品监督管理局,罗定市素龙街道潭井村委永安山牛塘,罗定市素龙街道潭井村委永安山牛塘,大米,"2023-07-29 00:00:00","2018-07-30 00:00:00",SC10144538100730,罗定市万家香粮油有限公司素龙分公司
罗定市食品药品监督管理局,"罗定市围底镇工业园区内（罗定市鸭松农业发展有限公司）","罗定市东华一路1号南江帝景尊荣阁B幢18F层01A",蛋制品：再制蛋类（皮蛋、咸蛋）,"2023-05-29 00:00:00","2018-05-30 00:00:00",SC11944538100668,罗定市鸭松农业发展有限公司
新兴县食品药品监督管理局,广东省新兴县新城镇站前路28号,广东省新兴县新城镇站前路28号,速冻调制食品：生制品（冻鱼、速冻调味水产品）,"2023-01-22 00:00:00","2018-01-23 00:00:00",SC11144532100877,广东明基水产品有限公司
新兴县食品药品监督管理局,新兴县新城镇凤凰开发岗地,新兴县新城镇凤凰开发岗地,"蜜饯：蜜饯类、话化类、凉果类、果丹（饼）类；水果制品：水果干制品【葡萄干】（分装）；炒货食品及坚果制品：烘炒类（分装）；糖果：压片糖果","2023-05-29 00:00:00","2018-05-30 00:00:00",SC11744532100976,新兴县联生食品有限公司
郁南县食品药品监督管理局,郁南县都城镇十二岭,郁南县都城镇十二岭陈宗民房屋,蜜饯：蜜饯类、话化类,"2023-05-20 00:00:00","2018-05-21 00:00:00",SC11744532200233,郁南县都城镇鸿润凉果厂
郁南县食品药品监督管理局,郁南县都城镇三窝村地尾丰收农庄旁,郁南县都城镇三窝村地尾丰收农庄旁,"其他酒：其他蒸馏酒（余甘果白酒）、其他发酵酒（无核黄皮酒、余甘果酒、桑葚酒、稔子酒）、配制酒（青梅酒）","2023-05-29 00:00:00","2018-05-30 00:00:00",SC11544532200267,广东巴伦比酒业有限公司
罗定市食品药品监督管理局,罗定市太平镇太西村委会文围村,罗定市太平镇太西村委会文围村,"调味料：半固态（酱）调味料（辣椒酱）；酱腌菜：酱渍菜、盐渍菜、其他","2023-05-20 00:00:00","2018-05-21 00:00:00",SC11644538100652,罗定市常旺食品有限公司
新兴县食品药品监督管理局,新兴县新城镇中山路95号,新兴县新城镇中山路95号,热加工糕点：烧烤类糕点（月饼）,"2023-06-10 00:00:00","2018-06-11 00:00:00",SC12444532100989,新兴县新中旅大酒店有限公司
新兴县食品药品监督管理局,新兴县新城镇天皇洞一号,新兴县新城镇天皇洞一号,"蜜饯：蜜饯类、凉果类、话化类；蜜饯：蜜饯类、凉果类、话化类","2023-04-16 00:00:00","2018-04-17 00:00:00",SC11744532100933,新兴县嘉兴实业有限公司
罗定市食品药品监督管理局,"罗定市素龙街道信令机场路口（罗定市培鑫实业有限公司的房屋D卡）","罗定市素龙街道信令机场路口（罗定市培鑫实业有限公司的房屋D卡）",大米,"2021-07-31 00:00:00","2018-07-30 00:00:00",SC10144538100166,罗定市长品粮食加工厂
郁南县食品药品监督管理局,"郁南县都城镇牛圩河开发区桥头左侧2号黎天德、陈锦锐所属商铺第2卡","郁南县都城镇牛圩河开发区桥头左侧2号黎天德、陈锦锐所属商铺第2卡","糖果：压片糖果；代可可脂巧克力及代可可脂巧克力制品：代可可脂巧克力制品","2023-05-07 00:00:00","2018-05-08 00:00:00",SC11344532200212,云浮市好伙伴食品有限公司
罗定市食品药品监督管理局,罗定市罗平镇雀儿顶,罗定市罗平镇雀儿顶,大米,"2023-07-16 00:00:00","2018-07-17 00:00:00",SC10144538100713,罗定市罗平镇喜雀粮食加工厂
新兴县食品药品监督管理局,新兴县新城镇沿江南路66号,新兴县新城镇沿江南路66号,食用植物油：花生油,"2023-07-12 00:00:00","2018-07-13 00:00:00",SC10244532101079,新兴县新城镇健乐源食用植物油厂
云安区食品药品监督管理局,"云浮市云安区都杨镇村头村陈德炎厂房（即乐童幼儿园旁边）","云浮市云安区都杨镇村头村陈德炎厂房（即乐童幼儿园旁边）","糖果：硬质糖果、凝胶糖果、充气糖果；巧克力及巧克力制品：巧克力、巧克力制品；代可可脂巧克力及代可可脂巧克力制品：代可可脂巧克力、代可可脂巧克力制品","2023-05-13 00:00:00","2018-05-14 00:00:00",SC11344530300129,锐意（云浮）食品有限公司
新兴县食品药品监督管理局,"新兴县六祖镇旧 ？村大园开发区","新兴县六祖镇旧 ？村大园开发区","食用植物油（茶籽油、花生油、大豆油、调和油、玉米油、棕榈油）","2023-03-14 00:00:00","2018-03-15 00:00:00",SC10244532100901,新兴县香和源食品有限公司
郁南县食品药品监督管理局,郁南县建城镇东一村委大垌一村民小组大堤脚,郁南县建城镇东一村委大垌一村民小组大堤脚,"其他粮食加工品：谷物粉类制成品(米粉制品）","2023-07-01 00:00:00","2018-07-02 00:00:00",SC10144532200295,郁南县建城镇康健食品厂
新兴县食品药品监督管理局,新兴县新城镇中山路95号,新兴县新城镇中山路95号,热加工糕点：烧烤类糕点（月饼）,"2023-06-10 00:00:00","2018-06-11 00:00:00",SC12444532100989,新兴县新中旅大酒店有限公司
罗定市食品药品监督管理局,罗定市罗城街道大岗东路110号首层第二卡,罗定市罗城街道大岗东路110号首层第二卡,食用植物油：花生油,"2023-01-15 00:00:00","2018-01-16 00:00:00",SC102445381006069,罗定市贤德花生油厂
罗定市食品药品监督管理局,罗定市围底镇第一工业区谭志平的房屋一楼之二,罗定市围底镇第一工业区谭志平的房屋一楼之二,大米；食用植物油：花生油、大豆油、食用调和油,"2023-04-08 00:00:00","2018-04-09 00:00:00",SC10144538100641,罗定市力佳粮油加工厂
罗定市食品药品监督管理局,罗定市罗平镇雀儿顶开发区,罗定市罗平镇雀儿顶开发区,大米,"2023-07-16 00:00:00","2018-07-17 00:00:00",SC10144538100721,罗定市罗平镇银雀粮食加工厂
新兴县食品药品监督管理局,新兴县新成工业园兴业东路南侧,新兴县新成工业园兴业东路南侧,"曲奇饼干；热加工糕点：蒸煮类糕点、烘烤类糕点；冷加工糕点：熟粉糕点","2023-07-25 00:00:00","2018-07-26 00:00:00",SC12444532101088,新兴县麦加利食品有限公司
新兴县食品药品监督管理局,新兴县太平镇共成开发区,新兴县太平镇共成开发区,"畜禽水产罐头：鱼类罐头《炸鱼罐头》）；蜜饯：蜜饯类、凉果类、果脯类、话化类","2021-05-05 00:00:00","2018-03-15 00:00:00",SC10944532100097,新兴县惠食乐食品有限公司
新兴县食品药品监督管理局,新兴县凉果工业城,新兴县凉果工业城,"蜜饯（蜜饯类、凉果类、果脯类、话化类、果丹（饼）类、果糕类）；烘炒类（炒瓜子、炒花生、其他）、油炸类（油炸花生、其他）、其他类（水煮花生、裹衣花生、咸干花生、其他）","2023-02-21 00:00:00","2018-02-22 00:00:00",SC11744532100579,广东马林食品有限公司
罗定市食品药品监督管理局,罗定市围底镇马赛克厂路口,罗定市围底镇马赛克厂路口,大米,"2023-06-10 00:00:00","2018-06-11 00:00:00",SC10144538100684,罗定市围底镇云记粮食加工厂
罗定市食品药品监督管理局,罗定市围底镇工业大道西19号首层,罗定市围底镇工业大道西19号首层,食用植物油：花生油,"2023-06-10 00:00:00","2018-06-11 00:00:00",SC10244538100671,罗定市财兴花生油厂
新兴县食品药品监督管理局,新兴县太平镇下沙对塘开发区（柯瑞珍房屋）,新兴县太平镇下沙对塘开发区（柯瑞珍房屋）,蜜饯（蜜饯类、凉果类、果脯类、话化类）,"2023-07-26 00:00:00","2018-07-27 00:00:00",SC11744532101090,新兴县太平镇珍华果子食品厂
罗定市食品药品监督管理局,罗定市附城镇街道新城区,罗定市附城镇街道新城区,其他粮食加工品：谷物粉类制成品（河粉）,"2023-01-22 00:00:00","2018-01-23 00:00:00",SC10144538100625,罗定市粤发食品厂
郁南县食品药品监督管理局,郁南县南江口镇平罗村委会平罗卢锡全所属厂房,郁南县南江口镇平罗村委会平罗卢锡全所属厂房,食用植物油：花生油,"2023-07-01 00:00:00","2018-07-02 00:00:00",SC10244532200285,云浮市粤粮湾食品有限公司
罗定市食品药品监督管理局,罗定市苹塘镇桐油村委路获路口,罗定市苹塘镇桐油村委路获路口,大米：大米、糙米,"2023-07-12 00:00:00","2018-07-13 00:00:00",SC10144538100705,罗定市青洲大米加工厂
新兴县食品药品监督管理局,新兴县新城镇新成工业园内B2-07地块,新兴县新城镇新成工业园内B2-07地块,"热加工熟肉制品（酱卤肉制品）；速冻调制食品：生制品（辣子鸡）","2023-03-14 00:00:00","2018-03-15 00:00:00",SC10444532100664,广东温氏佳味食品有限公司
新兴县食品药品监督管理局,新兴到天堂圩镇（天堂粮所内）,新兴到天堂圩镇（天堂粮所内）,食用植物油：花生油,"2023-01-22 00:00:00","2018-01-23 00:00:00",SC10244532100864,新兴县城关粮食管理所天堂油厂
云安区食品药品监督管理局,云浮市云安区六都镇富强村委会浦西村烂坑坝,云浮市云安区六都镇富强村委会浦西村烂坑坝,桶装包装饮用水：包装饮用水（饮用天然泉水）,"2023-05-13 00:00:00","2018-05-14 00:00:00",SC10644530300111,云浮市笔架山泉饮品有限公司
新兴县食品药品监督管理局,新兴县天堂镇邮电侧边,新兴县天堂镇邮电侧边,热加工糕点：烘烤类糕点（月饼）,"2023-05-20 00:00:00","2018-05-21 00:00:00",SC12444532100964,新兴县天堂镇美隆饼家
云城区食品药品监督管理局,云浮市云城区云城街道土门村委会原土门小学场地右侧,云浮市云城区云城街道土门村委会原土门小学场地右侧,"炒货及坚果制品：烘炒类；糖果（硬质糖果、奶糖糖果、充气糖果）；热加工糕点：烘烤类糕点、油炸类糕点、蒸煮类糕点、炒制类糕点、其他类；冷加工糕点：熟粉糕点、西式装饰糕点、上糖浆类、夹心（注心）类、糕团类、其他类；发酵性豆制品(豆豉、豉油膏)","2023-05-01 00:00:00","2018-05-02 00:00:00",SC12444530200354,云浮市新云实业有限责任公司
