F3070225300062_000029005,F3070225300062_000029004,F3070225300062_000029007,F3070225300062_000029006,F3070225300062_000029009,F3070225300062_000029008,F3070225300062_000029001,F3070225300062_000029003,F3070225300062_000029002
"单位食堂(职工食堂)",广东省云浮市云城区世纪大道西（办公大楼后）,"2017-10-31 00:00:00",热食类食品制售,"2022-03-20 00:00:00","2017-10-31 00:00:00",云浮市食品药品监督管理局,伍启汉,JY34453000000255
"单位食堂(职工食堂)",广东省云浮市云城区云城街道兴云西路96号,"2017-04-06 00:00:00",热食类食品制售,"2022-04-05 00:00:00","2017-04-06 00:00:00",云浮市财政局,李伟忠,JY34453000000271
"单位食堂(学校食堂)",广东省云浮市云城区高峰街道高峰生活区3号,"2016-04-05 00:00:00",热食类食品制售,"2021-04-04 00:00:00","2016-04-05 00:00:00",云浮市特殊教育学校,胡建亮,JY34453000000062
"单位食堂(职工食堂)",广东省云浮市云城区云城街道星岩三路30号,"2017-04-10 00:00:00",热食类食品制售,"2022-04-09 00:00:00","2017-04-10 00:00:00",云浮市职业训练中心,黄剑军,JY34453000000298
"单位食堂(职工食堂)","广东省云浮市云城区云城街道屏峰路1号（市保健院）行政后勤楼二楼","2017-08-21 00:00:00",热食类食品制售,"2022-08-20 00:00:00","2017-08-21 00:00:00",云浮市妇幼保健计划生育服务中心,陈海鸥,JY34453000000319
"单位食堂(学校食堂)",广东省云浮市云城区云城街道环市西路西侧鹏石地段,"2018-07-02 00:00:00",热食类食品制售，糕点类食品（不含裱花蛋糕）制售,"2021-03-15 00:00:00","2018-07-02 00:00:00",云浮市中等专业学校食堂,区伟雄,JY34453000000046
单位食堂,"广东省云浮市云城区云城街道环市中
路178号","2016-03-03 00:00:00",热食类食品制售,"2021-03-02 00:00:00","2016-03-03 00:00:00",广东烟草云浮市有限责任公司,黄小健,JY34453000000038
"餐饮服务经营者(中型餐馆)",广东省云浮市行政中心侧,"2017-03-02 00:00:00","热食类食品制售，糕点类食品（不含裱花蛋糕）制售，自制饮品（不含自酿酒）制售","2022-03-01 00:00:00","2017-03-02 00:00:00",云浮市迎宾馆有限公司,麦泽洪,JY24453000000230
"单位食堂(职工食堂)",广东省云浮市云城区河滨西路工商大楼13楼,"2017-04-06 00:00:00",热食类食品制售,"2022-04-05 00:00:00","2017-04-06 00:00:00",云浮市工商行政管理局,欧皓,JY34453000000263
"单位食堂(职工食堂)",广东省云浮市云城区云城街道河南东路70号,"2017-10-11 00:00:00",热食类食品制售,"2022-04-09 00:00:00","2017-10-11 00:00:00",云浮市水务局,刘桂燊,JY34453000000280
"单位食堂(学校食堂)","广东省云浮市云城区天柱路文笔新村内（云浮市中心体校内）","2017-11-01 00:00:00",热食类食品制售,"2022-10-31 00:00:00","2017-11-01 00:00:00",云浮市中心体校,黄梓进,JY34453000000343
单位食堂,"广东省云浮市云城区河滨西路
（广东电网公司云浮供电局变电管理所大楼内）","2016-01-26 00:00:00",热食类食品制售,"2021-01-25 00:00:00","2016-01-26 00:00:00",云浮市佳信物业服务有限公司,吴世强,JY34453000000020
"单位食堂(职工食堂)","广东省云浮市云城区云城街道金山大道（中国移动附楼二层）","2016-06-24 00:00:00",热食类食品制售,"2021-06-23 00:00:00","2016-06-24 00:00:00",中国移动通信集团广东有限公司云浮分公司,杜杰雄,JY34453000000167
"单位食堂(职工食堂)","广东省云浮市云城区世纪大道中云浮市国土资源和城乡规划管理局","2018-04-09 00:00:00",热食类食品制售,"2023-04-08 00:00:00","2018-04-09 00:00:00",云浮市国土资源和城乡规划管理局,廖鹏洲,JY34453000000378
"单位食堂(职工食堂)",广东省云浮市云城区金丰路3号,"2018-01-11 00:00:00","热食类食品制售，糕点类食品（不含裱花蛋糕）制售，自制饮品（不含自酿酒）制售","2023-01-10 00:00:00","2018-01-11 00:00:00",广东电网有限责任公司云浮供电局食堂,叶军,JY34453000000360
"单位食堂(职工食堂)",广东省云浮市云城区云城街道锦绣路26号林业局内,"2016-03-23 00:00:00",热食类食品制售,"2021-03-22 00:00:00","2016-03-23 00:00:00",云浮市林业局,余潮兴,JY34453000000054
"单位食堂(职工食堂)","广东省云浮市云城区云城街道兴云西路90号电信附属楼","2016-04-20 00:00:00",热食类食品制售,"2021-04-19 00:00:00","2016-04-20 00:00:00",中国电信股份有限公司云浮分公司,李正岗,JY34453000000079
"单位食堂(职工食堂)",广东省云浮市云城区府前路1号,"2016-11-14 00:00:00",热食类食品制售,"2021-11-13 00:00:00","2016-11-14 00:00:00",云浮市机关事务管理局,江阳均,JY34453000000222
"单位食堂(养老机构食堂)",广东省云浮市云城区城北生鸡稔,"2018-05-17 00:00:00",热食类食品制售,"2023-05-16 00:00:00","2018-05-17 00:00:00",云浮市福利院,黎洪锦,JY34453000000386
餐饮服务经营者（大型餐馆）,"广东省云浮市云城区市行政中心侧
(迎宾楼一楼中餐厅）","2018-01-08 00:00:00","热食类食品制售，冷食类食品（含烧卤熟肉）制售，糕点类食品（不含裱花蛋糕）制售，自制饮品（不含自酿酒）制售","2023-01-07 00:00:00","2018-01-08 00:00:00",云浮市迎宾馆有限公司,麦泽洪,JY24453000000352
"餐饮服务经营者(集体用餐配送单位)",广东省云浮市云城区云城街道桥南路（80号侧）,"2017-11-03 00:00:00",热食类食品制售，糕点类食品（不含裱花蛋糕）制售,"2021-08-28 00:00:00","2017-11-03 00:00:00",云浮市新之味餐饮服务有限公司,刘淑贤,JY24453000000192
"单位食堂(职工食堂)",广东省云浮市云城区云城街道环市东路120号,"2018-07-10 00:00:00",热食类食品制售,"2021-08-28 00:00:00","2018-07-10 00:00:00",云浮市人民医院,苏全喜,JY34453000000206
单位食堂,"广东省云浮市云城区河口街道云浮发
电厂厂区内","2017-10-10 00:00:00",热食类食品制售，糕点类食品（不含裱花蛋糕）制售,"2021-07-18 00:00:00","2017-10-10 00:00:00",广东粤电云河发电有限公司,曾胜庭,JY34453000000175
"单位食堂(职工食堂)",广东省云浮市云城区高峰街道大降坪采选公司办公楼傍,"2017-09-11 00:00:00",热食类食品制售,"2022-09-10 00:00:00","2017-09-11 00:00:00",广东广业云硫矿业有限公司,王琦,JY34453000000327
"单位食堂(职工食堂)",广东省云浮市云城区建设北路100号,"2016-08-10 00:00:00",热食类食品制售,"2021-08-09 00:00:00","2016-08-10 00:00:00",云浮市中医院,金峰,JY34453000000183
"单位食堂(职工食堂)",广东省云浮市云城区翠丰路环城养护中心四楼,"2017-03-09 00:00:00",热食类食品制售,"2022-03-08 00:00:00","2017-03-09 00:00:00",广东烟草云浮市有限责任公司,黄小健,JY34453000000247
单位食堂,"广东省云浮市市区城北环市西路西侧
鹏石地段云浮市高级技工学校内","2018-05-22 00:00:00",热食类食品制售,"2021-11-13 00:00:00","2018-05-22 00:00:00",云浮市高级技工学校,覃敬文,JY34453000000214
"单位食堂(学校食堂)",广东省云浮市云城区河滨西路113号,"2016-06-22 00:00:00",热食类食品制售,"2021-06-21 00:00:00","2016-06-22 00:00:00",云浮市邓发纪念中学,欧泽昌,JY34453000000159
"单位食堂(职工食堂)",广东省云浮市云城区兴云西路（邮电大厦）,"2017-09-11 00:00:00",热食类食品制售,"2022-09-10 00:00:00","2017-09-11 00:00:00",中国邮政集团公司云浮市分公司,杨国华,JY34453000000335
