F3070225300180_000107010,F3070225300180_000107006,F3070225300180_000107007,F3070225300180_000107015,F3070225300180_000107004,F3070225300180_000107016,F3070225300180_000107005,F3070225300180_000107013,F3070225300180_000107002,F3070225300180_000107014,F3070225300180_000107003,F3070225300180_000107011,F3070225300180_000107012,F3070225300180_000107001,F3070225300180_000107008,F3070225300180_000107009
-,914453023348378208,-,0,丁级测绘作业证核发,-,广东润达房产测量有限公司,"2021-06-20 00:00:00",丙、丁级测绘作业证核发,云浮市国土资源和城乡规划管理局,核准,梁敏,"2018-06-21 00:00:00",测绘作业2018201,-,-
-,-,08107101-0,0,丙、丁级测绘作业证核发,-,云浮市安邦房产测绘有限公司,"2020-07-09 00:00:00",丙、丁级测绘作业证核发,云浮市国土资源和城乡规划管理局,核准,梁石强,"2017-07-10 00:00:00",测绘作业2017014,-,-
-,-,722924010-0,0,丙、丁级测绘作业证核发,-,云浮市城市规划测量队,"2020-07-09 00:00:00",丙、丁级测绘作业证核发,云浮市国土资源和城乡规划管理局,核准,余业振,"2017-07-10 00:00:00",测绘作业2017020,-,-
-,-,76158858-2,0,丙、丁级测绘作业证核发,-,新兴县国土资源局测绘队,"2020-07-09 00:00:00",丙、丁级测绘作业证核发,云浮市国土资源和城乡规划管理局,核准,曾伟坚,"2017-07-10 00:00:00",测绘作业2017019,-,-
-,-,39804704-3,0,丙、丁级测绘作业证核发,-,云浮市精诚测绘有限公司,"2020-07-06 00:00:00",丙、丁级测绘作业证核发,云浮市国土资源和城乡规划管理局,核准,覃汝洪,"2017-07-07 00:00:00",测绘作业2017011,-,-
-,-,33483782-0,0,丙、丁级测绘作业证核发,-,广东润达房产测量有限公司,"2020-07-09 00:00:00",丙、丁级测绘作业证核发,云浮市国土资源和城乡规划管理局,核准,梁敏,"2017-07-10 00:00:00",测绘作业2017013,-,-
-,-,31516675-0,0,丙、丁级测绘作业证核发,-,云浮市云建测绘有限公司,"2020-07-11 00:00:00",丙、丁级测绘作业证核发,云浮市国土资源和城乡规划管理局,核准,吴弟军,"2017-07-12 00:00:00",测绘作业2017023,-,-
-,-,31491735-6,0,丙、丁级测绘作业证核发,-,罗定市罗翔测绘有限公司,"2020-07-09 00:00:00",丙、丁级测绘作业证核发,云浮市国土资源和城乡规划管理局,核准,秦建曹,"2017-07-10 00:00:00",测绘作业2017018,-,-
-,-,05375598-4,0,丙、丁级测绘作业证核发,-,云浮市云发测绘有限公司,"2020-07-09 00:00:00",丙、丁级测绘作业证核发,云浮市国土资源和城乡规划管理局,核准,张朝海,"2017-07-10 00:00:00",测绘作业2017012,-,-
-,-,30389182-4,0,丙、丁级测绘作业证核发,-,云浮市富云测绘有限公司,"2020-07-09 00:00:00",丙、丁级测绘作业证核发,云浮市国土资源和城乡规划管理局,核准,廖雪瑜,"2017-07-10 00:00:00",测绘作业2017015,-,-
-,-,74297610－9,0,丙、丁级测绘作业证核发,-,云浮市房地产测绘所,"2020-07-11 00:00:00",丙、丁级测绘作业证核发,云浮市国土资源和城乡规划管理局,核准,梁延军,"2017-07-12 00:00:00",测绘作业2017024,-,-
-,91445381L06681516K,-,0,丙、丁级测绘作业证核发,-,罗定市大地测绘工程队,"2020-07-09 00:00:00",丙、丁级测绘作业证核发,云浮市国土资源和城乡规划管理局,核准,黄炽涛,"2017-07-10 00:00:00",测绘作业2017017,-,-
-,-,76731903-3,0,丙、丁级测绘作业证核发,-,新兴县城乡规划勘测设计室,"2020-07-09 00:00:00",丙、丁级测绘作业证核发,云浮市国土资源和城乡规划管理局,核准,秦文毅,"2017-07-10 00:00:00",测绘作业2017016,-,-
