F3070225300023_000008003,F3070225300023_000008002,F3070225300023_000008001,F3070225300023_000008004
制何首乌炮制方法及饮片质量标准的产业化研究,云浮市厚德中药饮片有限公司,产学研重大项目专题,15.0000000000
云浮市专业镇产学研协同创新平台建设,云浮市协同创新科技有限公司,协同创新平台建设专题,20.0000000000
锅具表面新型涂层制备与温度传感器封装产业化研究,新兴县先丰不锈钢制品有限公司,产学研重大项目专题,15.0000000000
肉桂特色食用菌栽培及其深加工技术研究与应用,广东桂之神实业股份有限公司,产学研重大项目专题,15.0000000000
新兴县不锈钢产业产学研协同创新平台建设,新兴县新州不锈钢科技有限公司,协同创新平台建设专题,20.0000000000
超高产花生仲恺花12的产业化示范与开发,广东禅农科技股份有限公司,产学研重大项目专题,15.0000000000
石材大板智能桥切机研发与应用,云浮市科特机械有限公司,产学研重大项目专题,15.0000000000
