F3070220000043_000032002,F3070220000043_000032001,F3070220000043_000032009,F3070220000043_000032008,F3070220000043_000032007,F3070220000043_000032006,F3070220000043_000032005,F3070220000043_000032004,F3070220000043_000032003
-,广州文麦贸易有限公司,91440104MA59BBDR88,-,-,-,-,"经原广东省广州市国家税务局中区稽查局检查，发现其在2016年1月11日至2017年12月31日期间，主要存在以下问题:对外虚开增值税销项发票 47份,金额455.11万元，税额77.37万元。","虚开增值税专用发票或者虚开用于骗取出口退税、抵扣税款的其他发票"
-,佛山市华顺投资有限公司,9144060656255251XF,-,-,-,-,"经原广东省佛山市顺德区国家税务局稽查局检查，发现其在2013年01月01日至2014年10月31日期间，主要存在以下问题：采取偷税手段，不缴或者少缴应纳税款113.08万元。",偷税
-,中山市康新美电器有限公司,91442000066719018X,-,-,-,-,"经原广东省中山市国家税务局稽查局检查，发现其在2015年01月01日至2015年12月31日期间，主要存在以下问题：非法取得增值税进项发票8份，金额79.45万元，税额14.00万元。","虚开增值税专用发票或者虚开用于骗取出口退税、抵扣税款的其他发票"
-,广州瑞翔酒店管理有限公司,91440101MA5A3ER36E,-,-,-,-,"经国家税务总局广州市税务局稽查局检查，发现其在2017年10月至2017年12月期间，主要存在以下问题: 对外虚开增值税销项发票10份,金额99.79万元，税额16.96万元","虚开增值税专用发票或者虚开用于骗取出口退税、抵扣税款的其他发票"
-,广州相仵贸易有限公司,91440104MA59C3GL1C,-,-,-,-,"经国家税务总局广州市税务局稽查局检查，发现其在2016年3月28日至2017年12月31日期间，主要存在以下问题:对外虚开增值税销项发票118份,金额1151.57万元，税额195.77万元。","虚开增值税专用发票或者虚开用于骗取出口退税、抵扣税款的其他发票"
-,中山市康新美电器有限公司,91442000066719018X,-,-,-,-,"经原广东省中山市国家税务局稽查局检查，发现其在2015年01月01日至2015年12月31日期间，主要存在以下问题：非法取得增值税进项发票8份，金额79.45万元，税额14.00万元。","虚开增值税专用发票或者虚开用于骗取出口退税、抵扣税款的其他发票"
-,广州顺彤实业有限公司,440111353505557,-,-,-,-,"经广东省广州市国家税务局西区稽查局检查，发现其在2015年8月13日至2016年6月30日期间，主要存在以下问题：对外虚开增值税销项发票169份, 金额合计1519.82万元，税额合计258.37万元。","虚开增值税专用发票或者虚开用于骗取出口退税、抵扣税款的其他发票"
-,"江门市伟特科技有限公司 ",44070356259391X,-,-,-,-,"经广东省江门市国家税务局稽查局检查，发现其在2011年01月01日至2015年12月31日期间，主要存在以下问题：采取偷税手段，不缴或者少缴应纳税款450.39万元。 ","偷税 "
-,广州合国贸易有限公司,91440106355812438K,-,-,-,-,"经广东省广州市国家税务局西区稽查局检查，发现其在2015年11月1日至2016年2月28日期间，主要存在以下问题:对外虚开增值税销项发票148份,金额1432.97万元，税额243.60万元。","虚开增值税专用发票或者虚开用于骗取出口退税、抵扣税款的其他发票"
-,惠州大亚湾东安石化有限公司,441301559101478,-,-,-,-,"      经原广东省惠州市大亚湾区国家税务局稽查局检查，发现其在2014年01月01日至2015年12月31日期间，主要存在以下问题：对外虚开增值税销项发票6830份，金额63501.00万元，税额10795.00万元。","虚开增值税专用发票或者虚开用于骗取出口退税、抵扣税款的其他发票"
-,广州市快赞商贸有限公司,91440113MA59AU2Q6F,-,-,-,-,"经广东省广州市国家税务局西区稽查局检查，发现其在2016年3月1日至2016年5月31日期间，主要存在以下问题:对外虚开增值税销项发票80份,金额795.95万元，税额135.31万元。","虚开增值税专用发票或者虚开用于骗取出口退税、抵扣税款的其他发票"
-,广州匹姚贸易有限公司,91440112793484614R,-,-,-,-,"经广东省广州市国家税务局东区稽查局检查，发现其在2016年1-5月期间对外虚开增值税销项发票217份, 涉及金额2,092.01万元、税额355.64万元，价税合计2,447.65万元。","虚开增值税专用发票或者虚开用于骗取出口退税、抵扣税款的其他发票"
-,中山市英业达建筑材料有限公司,91442000MA4X3KYM12,-,-,-,-,"经国家税务总局中山市税务局稽查局检查，发现其在2017年09月11日至2017年12月31日期间，主要存在以下问题：对外虚开增值税专用发票20份，金额195.98万元，税额33.32万元。","虚开增值税专用发票或者虚开用于骗取出口退税、抵扣税款的其他发票"
-,广州尚品化工有限公司,91440101MA5ALJ79X6,-,-,-,-,"经国家税务总局广州市税务局稽查局检查，发现其在2017年11月至2017年12月期间，主要存在以下问题:对外虚开增值税销项发票10份,金额116.74万元，税额16.96万元。","虚开增值税专用发票或者虚开用于骗取出口退税、抵扣税款的其他发票"
-,广州市欣松电子有限公司,440100063314728,-,-,-,-,"经广东省广州市国家税务局西区稽查局检查，发现其在2015年9 月至10月期间，主要存在以下问题:对外虚开增值税销项发票155份,金额1446.96万元，税额245.98万元。","虚开增值税专用发票或者虚开用于骗取出口退税、抵扣税款的其他发票"
-,广州企达实业有限公司,440111353506007,-,-,-,-,"经广东省广州市国家税务局西区稽查局检查，发现其在2015年8月13日至2016年6月30日期间，主要存在以下问题：对外虚开增值税销项发票192份, 金额合计1705.05万元，税额合计289.86万元。","虚开增值税专用发票或者虚开用于骗取出口退税、抵扣税款的其他发票"
-,广州市粤园满贸易有限公司,91440113MA59AU0W2U,-,-,-,-,"经广东省广州市国家税务局西区稽查局检查，发现其在2016年5月1日至2016年5月31日期间，主要存在以下问题:对外虚开增值税销项发票15份,金额149.85万元，税额25.48万元。","虚开增值税专用发票或者虚开用于骗取出口退税、抵扣税款的其他发票"
-,惠州市康瑞医药有限公司,91441322752890747Q,-,-,-,-,"经原广东省惠州市博罗县国家税务局稽查局检查，发现其在2013年09月01日至2014年07月31日期间，主要存在以下问题：非法取得增值税进项发票66份，金额4368.00万元，税额743.00万元。","虚开增值税专用发票或者虚开用于骗取出口退税、抵扣税款的其他发票"
-,中山市坦洲镇源泰电子制品厂,914420005921276962,-,-,-,-,"经原广东省中山市国家税务局稽查局检查，发现其在2014年01月01日至2014年12月31日期间，主要存在以下问题：非法取得增值税进项发票1份，金额5.99万元，税额1.00万元。","虚开增值税专用发票或者虚开用于骗取出口退税、抵扣税款的其他发票"
-,广州市兰漾贸易有限公司,91440104347476411A,-,-,-,-,"经广东省广州市国家税务局西区稽查局检查，发现其在2015年11月1日至2016年3月31日期间，主要存在以下问题:对外虚开增值税销项发票219份,金额2,146.15万元，税额364.85万元。","虚开增值税专用发票或者虚开用于骗取出口退税、抵扣税款的其他发票"
-,广州市连域盛再生资源发展有限公司,91440103MA59AT8J4E,-,-,-,-,"经广东省广州市国家税务局西区稽查局检查，发现其在2016年3月1日至2016年6月30日期间，主要存在以下问题:对外虚开增值税销项发票121份,金额1197.89万元，税额203.64万元。","虚开增值税专用发票或者虚开用于骗取出口退税、抵扣税款的其他发票"
-,广州轰轰烈烈贸易有限公司,914401043314208431,-,-,-,-,"经原广东省广州市国家税务局中区稽查局检查，发现其在2015年4月1日至2017年12月31日期间，主要存在以下问题:对外虚开增值税销项发票 175份,金额1721.66万元，税额292.68万元。","虚开增值税专用发票或者虚开用于骗取出口退税、抵扣税款的其他发票"
-,广州市逸展汽车销售有限公司,914401137282282516,-,-,-,-,"经广东省广州市国家税务局北区稽查局检查，发现其在2011年01月01日至2013年11月30日期间，主要存在以下问题：采取偷税手段，不缴或者少缴应纳税款213.88万元。",偷税
-,广州市诺智贸易有限公司,440111321094909,-,-,-,-,"经广东省广州市国家税务局西区稽查局检查，发现其在2015年6月18日至2016年6月30日期间，主要存在以下问题：对外虚开增值税销项发票63份, 金额合计590.48万元，税额合计100.38万元。","虚开增值税专用发票或者虚开用于骗取出口退税、抵扣税款的其他发票"
-,广州晔盈贸易有限公司,914401120746064271,-,-,-,-,"经广东省广州市国家税务局东区稽查局检查，发现其在2015年12月至2016年4月期间对外虚开增值税销项发票247份, 涉及金额2,413.85万元,税额410.35万元,价税合计2,824.20万元。","虚开增值税专用发票或者虚开用于骗取出口退税、抵扣税款的其他发票"
-,中山市腾祥精密电子科技有限公司,442000075118564,-,-,-,-,"经广东省中山市国家税务局稽查局检查，发现其在2014年期间，主要存在以下问题：以假报出口或者其他欺骗手段，骗取国家出口退税。",骗取出口退税
-,广州市魅政贸易有限公司,440111347387945,-,-,-,-,"经广东省广州市国家税务局西区稽查局检查，发现其在2015年6月25日至2016年6月30日期间，主要存在以下问题：对外虚开增值税销项发票69份, 发票金额合计646.71万元，税额合计109.94万元。","虚开增值税专用发票或者虚开用于骗取出口退税、抵扣税款的其他发票"
-,广州市波达也电子科技有限公司,91440101MA59F5RE63,-,-,-,-,"经国家税务总局广州市税务局稽查局检查，发现其在2016年10月至2017年12月期间，主要存在以下问题:对外虚开增值税销项发票100份,金额974.13万元，税额136.42万元。","虚开增值税专用发票或者虚开用于骗取出口退税、抵扣税款的其他发票"
-,广州市专文贸易有限公司,914401113473881717,-,-,-,-,"经广东省广州市国家税务局西区稽查局检查，发现其在2015年6月25日至2016年6月30日期间，主要存在以下问题：对外虚开增值税销项发票205份, 金额合计2003.76万元，税额合计340.64万元。","虚开增值税专用发票或者虚开用于骗取出口退税、抵扣税款的其他发票"
-,广州市社展贸易有限公司,440100574004932,-,-,-,-,"      经原广东省广州市国家税务局西区稽查局检查，发现其在2014年01月01日至2015年12月31日期间，主要存在以下问题：一、以欺骗手段，骗取国家出口退税款29.91万元；二、其他涉税违法问题，涉及税款241.31万元。",骗取出口退税
-,广州市左霜贸易有限公司,91440104MA59CADG0N,-,-,-,-,"经原广东省广州市国家税务局中区稽查局检查，发现其在2016年4月7日至2017年12月31日期间，主要存在以下问题:对外虚开增值税销项发票 120份,金额1192.39万元，税额202.71万元。","虚开增值税专用发票或者虚开用于骗取出口退税、抵扣税款的其他发票"
-,广州华恩儿童服饰用品有限公司,440100563964962,-,-,-,-," 经广东省广州市国家税务局西区稽查局检查，发现其在2011年01月01日至2014年08月31日期间，主要存在以下问题：一、采取偷税手段，不缴或者少缴应纳税款162.75万元；二、其他涉税违法问题，涉及税款29.46万元。",偷税
-,佛山市顺德区川斯特机电设备有限公司,914406067783071509,-,-,-,-,"经原广东省佛山市顺德区国家税务局稽查局检查，发现其在2011年01月01日至2014年12月31日期间，主要存在以下问题：非法取得增值税进项发票10份，金额8.85万元，税额1.50万元。","虚开增值税专用发票或者虚开用于骗取出口退税、抵扣税款的其他发票"
-,广州承鄞商贸有限公司,440104340196855,-,-,-,-," 经广东省广州市国家税务局中区稽查局检查，发现其在2015年01月01日至2015年12月31日期间，主要存在以下问题：一、对外虚开增值税销项发票9份，金额87.00万元，税额15.00万元；二、其他涉税违法问题，涉及税款132.08万元。","虚开增值税专用发票或者虚开用于骗取出口退税、抵扣税款的其他发票"
-,广州霸玉电子产品有限公司,91440101MA5ALBQK9G,-,-,-,-,"经国家税务总局广州市税务局稽查局检查，发现其在2017年11月至2017年12月期间，主要存在以下问题:对外虚开增值税销项发票25份,金额291.51万元，税额42.36万元。","虚开增值税专用发票或者虚开用于骗取出口退税、抵扣税款的其他发票"
-,广州市朗臻医疗器械有限公司,91440113799413358F,-,-,-,-,"经广东省广州市国家税务局北区稽查局检查，发现其在2008年01月01日至2012年12月31日期间，主要存在以下问题：一、采取偷税手段，不缴或者少缴应纳税款214.31万元；二、其他涉税违法问题，涉及税款56.15万元。",偷税
-,广州市建政贸易有限公司,44011132109487X,-,-,-,-,"经广东省广州市国家税务局西区稽查局检查，发现其在2015年6月19日至2016年6月30日期间，主要存在以下问题：对外虚开增值税销项发票147份, 金额合计1241.53万元，税额合计211.06万元。","虚开增值税专用发票或者虚开用于骗取出口退税、抵扣税款的其他发票"
-,广州市依方烁商贸有限公司,91440184MA59C4CQXK,-,-,-,-,"经广东省广州市国家税务局中区稽查局检查，发现其在2015年1月至12月期间，主要存在以下问题:一、对外虚开增值税销项发票14份,金额135.90万元，税额23.10万元。","虚开增值税专用发票或者虚开用于骗取出口退税、抵扣税款的其他发票"
-,广东中兴经济发展有限公司,440106190370538,-,-,-,-,"经广东省广州市地方税务局稽查局检查，发现其在1999年7月1日至2000年12月31日期间，主要存在以下问题:一、欠缴应纳税款1,697,592.86元，采取转移或者隐匿财产的手段，妨碍税务机关追缴欠缴的税款。",逃避追缴欠税
-,广州市鸿讯制衣有限公司,440100783756372,-,-,-,-,"经广东省广州市国家税务局西区稽查局检查，发现其在2012年01月01日至2015年03月31日期间，主要存在以下问题：一、采取偷税手段，不缴或者少缴应纳税款245.94万元；二、其他涉税违法问题，涉及税款156.63万元。",偷税
-,广东今来药业有限公司,914401127756725314,-,-,-,-,"经广东省广州市国家税务局东区稽查局检查，发现其在2012年01月01日至2015年12月31日期间，主要存在以下问题：一、非法取得增值税进项发票3615份，金额35646.00万元，税额4638.00万元；二、对外虚开增值税销项发票132份，金额1153.00万元，税额149.00万元；三、其他涉税违法问题，涉及税款8913.00万元。","虚开增值税专用发票或者虚开用于骗取出口退税、抵扣税款的其他发票"
-,广东今来药业有限公司,914401127756725314,-,-,-,-,"经广东省广州市国家税务局东区稽查局检查，发现其在2012年01月01日至2015年12月31日期间，主要存在以下问题：一、非法取得增值税进项发票3615份，金额35646.00万元，税额4638.00万元；二、对外虚开增值税销项发票132份，金额1153.00万元，税额149.00万元；三、其他涉税违法问题，涉及税款8913.00万元。","虚开增值税专用发票或者虚开用于骗取出口退税、抵扣税款的其他发票"
-,广州龙纳贸易有限公司,914401120589336557,-,-,-,-,"经广东省广州市国家税务局东区稽查局检查，发现其在2016年2-6月期间存在对外虚开增值税销项发票249份, 涉及金额合计2,427.49万元，税额合计412.67万元，价税合计2,840.16万元。","虚开增值税专用发票或者虚开用于骗取出口退税、抵扣税款的其他发票"
-,海丰县广信鞋业有限公司,441521722412533,-,-,-,-,"经广东省汕尾市海丰县国家税务局稽查局检查，发现其在2013年01月01日至2014年12月31日期间，主要存在以下问题：一、采取偷税手段，不缴或者少缴应纳税款33.48万元；二、以欺骗手段，骗取国家出口退税款980.82万元。",偷税；骗取出口退税
-,广州耀叠贸易有限公司,914401133474276796,-,-,-,-,"经广东省广州市国家税务局西区稽查局检查，发现其在2015年9月1日至2016年4月30日期间，主要存在以下问题:对外虚开增值税销项发票199份,金额1928.04万元，税额327.77万元。","虚开增值税专用发票或者虚开用于骗取出口退税、抵扣税款的其他发票"
-,广州市敬朝壹生物科技有限公司,91440101578022089D,-,-,-,-,"经广东省广州市国家税务局西区稽查局检查，发现其在2014年01月01日至2016年05月31日期间，主要存在以下问题：一、以欺骗手段，骗取国家出口退税款95.69万元；二、其他涉税违法问题，涉及税款45.79万元。",骗取出口退税
-,广州市敬朝壹生物科技有限公司,91440101578022089D,-,-,-,-,"经广东省广州市国家税务局西区稽查局检查，发现其在2014年01月01日至2016年05月31日期间，主要存在以下问题：一、以欺骗手段，骗取国家出口退税款95.69万元；二、其他涉税违法问题，涉及税款45.79万元。",骗取出口退税
-,广州市擎信褚商贸有限责任公司,91440113MA59AU4C48,-,-,-,-,"经广东省广州市国家税务局西区稽查局检查，发现其在2016年5月1日至2016年6月30日期间，主要存在以下问题:对外虚开增值税销项发票32份,金额315.90万元，税额53.70万元。","虚开增值税专用发票或者虚开用于骗取出口退税、抵扣税款的其他发票"
-,惠州市和标贸易有限公司,914413005940157430,-,-,-,-,"经原广东省惠州市国家税务局稽查局检查，发现其在2014年01月01日至2016年06月30日期间，主要存在以下问题：以欺骗手段，骗取国家出口退税款727.89万元。",骗取出口退税
-,广州市旷宝贸易有限公司,91440111321095186Q,-,-,-,-,"经广东省广州市国家税务局西区稽查局检查，发现其在2015年6月17日至2016年6月30日期间，主要存在以下问题：对外虚开增值税销项发票173份, 金额合计1648.96万元，税额合计280.32万元。","虚开增值税专用发票或者虚开用于骗取出口退税、抵扣税款的其他发票"
-,惠州市庄正服饰有限公司,441302337948972,-,-,-,-,"      经原广东省惠州市国家税务局稽查局检查，发现其在2015年06月01日至2016年06月30日期间，主要存在以下问题：非法取得增值税进项发票184份，金额1320.38万元，税额224.00万元。","虚开增值税专用发票或者虚开用于骗取出口退税、抵扣税款的其他发票"
-,广州市维托纺织服装有限公司,914401015895131154,-,-,-,-,"经广东省广州市国家税务局东区稽查局检查，发现其在2012年09月01日至2014年01月31日期间，主要存在以下问题：非法取得增值税进项发票71份，涉及金额696.31万元，税额118.37万元。已抵扣进项税额103.84万元，造成少缴企业所得税177.71万元。","虚开增值税专用发票或者虚开用于骗取出口退税、抵扣税款的其他发票"
-,广州立飞设备工程有限公司,91440101MA5ALNMK6M,-,-,-,-,"经国家税务总局广州市税务局稽查局检查，发现其在2017年11月至2017年12月期间，主要存在以下问题:对外虚开增值税销项发票10份,金额116.60万元，税额16.94万元。","虚开增值税专用发票或者虚开用于骗取出口退税、抵扣税款的其他发票"
-,中山雄浩纺织有限公司,914420003038569496,-,-,-,-,"经国家税务总局中山市税务局稽查局检查，发现其在2016年01月01日至2016年12月31日期间，主要存在以下问题：非法取得增值税进项发票5份，金额47.01万元，税额7.99万元。","虚开增值税专用发票或者虚开用于骗取出口退税、抵扣税款的其他发票"
-,佛山市顺德区亿华环保设备有限公司,914406066176538378,-,-,-,-,"经原广东省佛山市顺德区国家税务局稽查局检查，发现其在2009年01月01日至2013年12月31日期间，主要存在以下问题：一、采取偷税手段，不缴或者少缴应纳税款16.39万元。二、非法取得增值税进项发票215份，金额208.56万元，税额35.00万元。","偷税;虚开增值税专用发票或者虚开用于骗取出口退税、抵扣税款的其他发票"
-,广州市立基物业管理有限公司,91440104757785196Q,-,-,-,-,"经原广州市地方税务局稽查局检查，发现其在2011年01月01日至2016年07月31日期间，主要存在以下问题：一、采取偷税手段，不缴或者少缴应纳税款185.10万元；二、其他涉税违法问题，涉及税款152.69万元。",偷税
-,广州潺然贸易有限公司,91440104MA59BM055Q,-,-,-,-,"经原广东省广州市国家税务局中区稽查局检查，发现其在2016年2月2日至2017年12月31日期间，主要存在以下问题:对外虚开增值税销项发票 120份,金额1905.59万元，税额323.95万元。","虚开增值税专用发票或者虚开用于骗取出口退税、抵扣税款的其他发票"
-,佛山市顺德区亿华环保设备有限公司,914406066176538378,-,-,-,-,"经原广东省佛山市顺德区国家税务局稽查局检查，发现其在2009年01月01日至2013年12月31日期间，主要存在以下问题：一、采取偷税手段，不缴或者少缴应纳税款16.39万元。二、非法取得增值税进项发票215份，金额208.56万元，税额35.00万元。","偷税;虚开增值税专用发票或者虚开用于骗取出口退税、抵扣税款的其他发票"
-,广州市淳良贸易有限公司,44011132109508X,-,-,-,-,"经广东省广州市国家税务局西区稽查局检查，发现其在2015年6月18日至2016年6月30日期间，主要存在以下问题：对外虚开增值税销项发票90份, 金额合计751.95万元，税额合计127.83万元。","虚开增值税专用发票或者虚开用于骗取出口退税、抵扣税款的其他发票"
-,广州市微龙电子科技有限公司,91440116797378536H,-,-,-,-,"经广东省广州市国家税务局东区稽查局检查，发现其在2015年01月01日至2015年12月31日期间，主要存在以下问题：一、非法取得增值税进项发票3份，金额25.64万元，税额4.00万元；二、其他涉税违法问题，涉及税款4.16万元。 ","虚开增值税专用发票或者虚开用于骗取出口退税、抵扣税款的其他发票"
-,广州市律佳贸易有限公司,440111321080144,-,-,-,-,"经广东省广州市国家税务局西区稽查局检查，发现其在2015年6月23日至2016年6月30日期间，主要存在以下问题：对外虚开增值税销项发票119份, 金额合计1007.48万元，税额合计171.27万元。","虚开增值税专用发票或者虚开用于骗取出口退税、抵扣税款的其他发票"
-,中山市东升镇钛元五金厂,914420005940118498,-,-,-,-,"经广东省中山市国家税务局稽查局检查，发现其在2015年01月01日至2015年12月31日期间，主要存在以下问题：非法取得增值税进项发票1份，金额9.99万元，税额2.00万元。","虚开增值税专用发票或者虚开用于骗取出口退税、抵扣税款的其他发票"
-,佛山市南海誉天金属制品厂,440682799396543,-,-,-,-,"经原广东省佛山市南海区国家税务局稽查局检查，发现其在2012年至2014年期间，主要存在以下问题:对外虚开增值税销项发票10份,金额31.49万元，税额5.35万元。","虚开增值税专用发票或者虚开用于骗取出口退税、抵扣税款的其他发票"
-,佛山市华顺投资有限公司,9144060656255251XF,-,-,-,-,"经原广东省佛山市顺德区国家税务局稽查局检查，发现其在2013年01月01日至2014年10月31日期间，主要存在以下问题：采取偷税手段，不缴或者少缴应纳税款113.08万元。",偷税
-,广州明生贸易有限公司,"4.40101E+14",-,-,-,-,"经广东省广州市国家税务局南区稽查局检查，发现其在2015年10月至2016年9月期间，主要存在以下问题: 对外虚开增值税专用发票236份，涉及金额22513万元，税额3827万元。","虚开增值税专用发票或者虚开用于骗取出口退税、抵扣税款的其他发票"
-,广州市粤濠优贸易有限公司,91440103MA59AT8F12,-,-,-,-,"经广东省广州市国家税务局西区稽查局检查，发现其在2015年12月1日至2016年6月30日期间，主要存在以下问题:对外虚开增值税销项发票175份,金额1737.52万元，税额295.38万元。","虚开增值税专用发票或者虚开用于骗取出口退税、抵扣税款的其他发票"
-,和平利元科技实业有限公司,441624097595169,-,-,-,-,"经广东省河源市国家税务局稽查局检查，发现其在2014年07月01日至2015年10月31日期间，主要存在以下问题：一、以欺骗手段，骗取国家出口退税款14.43万元；二、1、返纳已取得出口退税款  2、未取得出口退税款不予办理  3、免抵税额调减；三、其他涉税违法问题，涉及税款32.98万元。",骗取出口退税
-,广州锁成贸易有限公司,91440112MA59ADJ05T,-,-,-,-,"经广东省广州市国家税务局东区稽查局检查，发现其在2016年3-6月期间存在对外虚开增值税销项发票200份, 涉及金额1,991.77万元、税额338,60万元，价税合计2,330.37万元。","虚开增值税专用发票或者虚开用于骗取出口退税、抵扣税款的其他发票"
-,广州市铭力再生资源回收有限公司,440105304663567,-,-,-,-,"经广东省广州市国家税务局北区稽查局检查，发现其在2014年10月1日至2015年5月31日期间，主要存在以下问题:一、非法取得增值税进项发票913份,金额9,032.96万元，税额1,535.60万元；二、对外虚开增值税销项发票3,232份,金额32,054.41万元，税额5,449.25万元。","虚开增值税专用发票或者虚开用于骗取出口退税、抵扣税款的其他发票"
-,广州琼芬贸易有限公司,91440104MA59CK24XN,-,-,-,-,"经国家税务总局广州市税务局第二稽查局检查，发现其在2016年4月至2017年12月期间，主要存在以下问题:一、对外虚开增值税销项发票150份,金额1494.14万元，税额254.00万元(其中未申报销项税额84.21万元) ；二、其他涉税违法问题，涉及税款10.11万元。","虚开增值税专用发票或者虚开用于骗取出口退税、抵扣税款的其他发票"
-,中山市坦洲镇源泰电子制品厂,914420005921276962,-,-,-,-,"经原广东省中山市国家税务局稽查局检查，发现其在2014年01月01日至2014年12月31日期间，主要存在以下问题：非法取得增值税进项发票1份，金额5.99万元，税额1.00万元。","虚开增值税专用发票或者虚开用于骗取出口退税、抵扣税款的其他发票"
-,广州市淳思贸易有限公司,440111321095469,-,-,-,-,"经广东省广州市国家税务局西区稽查局检查，发现其在2015年6月19日至2016年6月30日期间，主要存在以下问题：对外虚开增值税销项发票51份, 金额合计501.62万元，税额合计85.28万元。","虚开增值税专用发票或者虚开用于骗取出口退税、抵扣税款的其他发票"
-,广州倪宝贸易有限公司,914401123535172593,-,-,-,-,"经广东省广州市国家税务局东区稽查局检查，发现其在2015年11月至2016年5月期间，对外虚开增值税销项发票327份, 涉及金额合计3,173.12万元，税额合计539.43万元，价税合计3,712.55万元。","虚开增值税专用发票或者虚开用于骗取出口退税、抵扣税款的其他发票"
-,广州鑫中航机电设备有限公司,91440112693568036L,-,-,-,-,"经广东省广州市国家税务局东区稽查局检查，发现其在2015年01月01日至2015年12月31日期间，主要存在以下问题：非法取得增值税专用发票6份, 涉及金额52.14万元,税额8.86万元。已抵扣进项税额8.86万元，造成少缴企业所得税3.22万元。","虚开增值税专用发票或者虚开用于骗取出口退税、抵扣税款的其他发票"
-,广州市信珈康贸易有限公司,91440104MA59ATCG5L,-,-,-,-,"经广东省广州市国家税务局西区稽查局检查，发现其在2016年3月1日至2016年5月31日期间，主要存在以下问题:对外虚开增值税销项发票100份,金额994.41万元，税额169.05万元。","虚开增值税专用发票或者虚开用于骗取出口退税、抵扣税款的其他发票"
-,广州市秧琨贸易有限公司,91440111321078888W,-,-,-,-,"经广东省广州市国家税务局西区稽查局检查，发现其在2015年6月19日至2016年6月30日期间，主要存在以下问题：对外虚开增值税销项发票115份, 金额合计1097.72万元，税额合计186.61万元。","虚开增值税专用发票或者虚开用于骗取出口退税、抵扣税款的其他发票"
-,连平县威盛豪家具有限公司,441623055395820,-,-,-,-,"经原广东省连平县国家税务局稽查局检查，发现其在2014年7月至11月期间，主要存在以下问题：取得虚开的增值税专用发票22份进行抵扣，金额214.89万元，税额36.53万元。","虚开增值税专用发票或者虚开用于骗取出口退税、抵扣税款的其他发票"
-,广州安键贸易发展有限公司,914401017910228975,-,-,-,-,"经广东省广州市国家税务局中区稽查局检查，发现其在2007年01月01日至2012年12月31日期间，主要存在以下问题：采取偷税手段，不缴或者少缴应纳税款1815.47万元。 ",偷税
-,广州市慧安药业有限公司,914401167860829403,-,-,-,-,"经广东省广州市国家税务局东区稽查局检查，发现其在2014年01月01日至2015年12月31日期间，主要存在以下问题：一、非法取得增值税进项发票107份，金额1366.00万元，税额177.00万元；二、其他涉税违法问题，涉及税款345.00万元。","虚开增值税专用发票或者虚开用于骗取出口退税、抵扣税款的其他发票"
-,广州市购爽贸易有限公司,44011132109524X,-,-,-,-,"经广东省广州市国家税务局西区稽查局检查，发现其在2015年6月18日至2016年6月30日期间，主要存在以下问题：对外虚开增值税销项发票59份, 金额合计579.23万元，税额合计98.47万元。","虚开增值税专用发票或者虚开用于骗取出口退税、抵扣税款的其他发票"
-,广州市琪烽贸易有限公司,440100687686685,-,-,-,-,"经广东省广州市国家税务局东区稽查局检查，发现其在2009年04月01日至2013年06月30日期间，主要存在以下问题：一、以欺骗手段，骗取国家出口退税款15.03万元；二、其他涉税违法问题，涉及税款3118.59万元。 ",骗取出口退税
-,惠州市晒乐照明光电科技有限公司,91441300096565240H,-,-,-,-,"      经原广东省惠州市国家税务局稽查局检查，发现其在2014年01月01日至2016年06月30日期间，主要存在以下问题：对外虚开增值税销项发票53份，金额499.75万元，税额85.00万元。","虚开增值税专用发票或者虚开用于骗取出口退税、抵扣税款的其他发票"
-,广东省丝丽国际集团股份有限公司,914400007270826766,-,-,-,-,"经广东省广州市国家税务局中区稽查局检查，发现其在2012年7月1日至2015年10月31日期间，主要存在以下问题:一、以欺骗手段，骗取国家出口退税款149.77万元；二、其他涉税违法问题，涉及税款20285.93万元。",骗取出口退税
-,广州海游贸易有限公司,914401016969129126,-,-,-,-,"经原广东省广州市国家税务局中区稽查局检查，发现其在2017年8月1日至2017年8月31日期间，主要存在以下问题:对外虚开增值税销项发票50份,金额490.52万元，税额83.89万元。","虚开增值税专用发票或者虚开用于骗取出口退税、抵扣税款的其他发票"
-,广州市寰通涂料实业有限公司,440183X18531942,-,-,-,-,"经广东省广州市国家税务局东区稽查局检查，发现其在2010年6月至2011年11月期间，对外虚开增值税销项发票201份,金额1,114.92万元，税额189.54万元。","虚开增值税专用发票或者虚开用于骗取出口退税、抵扣税款的其他发票"
-,广州市赞穗贸易有限公司,91440104MA59ATHR7G,-,-,-,-,"经广东省广州市国家税务局西区稽查局检查，发现其在2015年12月1日至2016年4月30日期间，主要存在以下问题:对外虚开增值税销项发票119份,金额1,171.70万元，税额199.19万元。","虚开增值税专用发票或者虚开用于骗取出口退税、抵扣税款的其他发票"
-,广州旺广贸易有限公司,91440106355812307P,-,-,-,-,"经广东省广州市国家税务局西区稽查局检查，发现其在2015年11月1日至2016年2月28日期间，主要存在以下问题:对外虚开增值税销项发票150份,金额1452.48万元，税额246.92万元。","虚开增值税专用发票或者虚开用于骗取出口退税、抵扣税款的其他发票"
-,广州市荣辉再生资源回收有限公司,440105304663620,-,-,-,-,"经广东省广州市国家税务局北区稽查局检查，发现其在2014年10月1日至2015年6月30日期间，主要存在以下问题:一、非法取得增值税进项发票517份,金额6,118.64万元，税额1,040.17万元；二、对外虚开增值税销项发票4,204份,金额41,577.13万元，税额7,068.11万元。","虚开增值税专用发票或者虚开用于骗取出口退税、抵扣税款的其他发票"
-,广州市雄霖贸易有限公司,91440111321078642T,-,-,-,-,"经广东省广州市国家税务局西区稽查局检查，发现其在2015年6月19日至2016年6月30日期间，主要存在以下问题：对外虚开增值税销项发票174份, 金额合计1697.02万元，税额合计288.49万元。","虚开增值税专用发票或者虚开用于骗取出口退税、抵扣税款的其他发票"
-,广州市铭辉金属贸易有限公司,440100076508097,-,-,-,-,"经广东省广州市国家税务局北区稽查局检查，发现其在2013年8月23日至2015年5月31日期间，主要存在以下问题:一、非法取得增值税进项发票11,403份,金额111,339万元，税额18,928万元；二、对外虚开增值税销项发票1,352份,金额129,639万元，税额22,039万元。","虚开增值税专用发票或者虚开用于骗取出口退税、抵扣税款的其他发票"
-,广州华恩儿童服饰用品有限公司,440100563964962,-,-,-,-," 经广东省广州市国家税务局西区稽查局检查，发现其在2011年01月01日至2014年08月31日期间，主要存在以下问题：一、采取偷税手段，不缴或者少缴应纳税款162.75万元；二、其他涉税违法问题，涉及税款29.46万元。",偷税
-,腾达（广州）金属制品有限公司,91440101MA59N34H2A,-,-,-,-,"经原广东省广州市国家税务局中区稽查局检查，发现其在2016年5月2日至2017年8月24日期间，主要存在以下问题:对外虚开增值税销项发票10份,金额93.86万元，税额15.96万元。","虚开增值税专用发票或者虚开用于骗取出口退税、抵扣税款的其他发票"
-,广州夏川贸易有限公司,91440112MA59AWKT08,-,-,-,-,"经广东省广州市国家税务局东区稽查局检查，发现其在2015年11月至2016年6月期间存在对外虚开增值税销项发票250份, 涉及金额2，449.58万元、税额416.43万元，价税合计2，866.00万元。","虚开增值税专用发票或者虚开用于骗取出口退税、抵扣税款的其他发票"
-,广州玛骋恒包装材料有限公司,440100593743394,-,-,-,-,"经广东省广州市国家税务局南区稽查局检查，发现其在2015年01月01日至2015年12月31日期间，主要存在以下问题：非法取得增值税进项发票4份，金额40.00万元，税额7.00万元。","虚开增值税专用发票或者虚开用于骗取出口退税、抵扣税款的其他发票"
-,广州市朗臻医疗器械有限公司,91440113799413358F,-,-,-,-,"经广东省广州市国家税务局北区稽查局检查，发现其在2008年01月01日至2012年12月31日期间，主要存在以下问题：一、采取偷税手段，不缴或者少缴应纳税款214.31万元；二、其他涉税违法问题，涉及税款56.15万元。",偷税
-,广州承鄞商贸有限公司,440104340196855,-,-,-,-," 经广东省广州市国家税务局中区稽查局检查，发现其在2015年01月01日至2015年12月31日期间，主要存在以下问题：一、对外虚开增值税销项发票9份，金额87.00万元，税额15.00万元；二、其他涉税违法问题，涉及税款132.08万元。","虚开增值税专用发票或者虚开用于骗取出口退税、抵扣税款的其他发票"
-,广州震荟贸易有限公司,91440106347461877T,-,-,-,-,"经广东省广州市国家税务局南区稽查局检查，发现其在2015年9月期间，主要存在以下问题: 对外虚开增值税专用发票26份，涉及金额254万元，税额43万元。","虚开增值税专用发票或者虚开用于骗取出口退税、抵扣税款的其他发票"
-,广州标讯贸易有限公司,91440113304567516P,-,-,-,-,"经广东省广州市国家税务局西区稽查局检查，发现其在2016年2月1日至2016年6月30日期间，主要存在以下问题:对外虚开增值税销项发票143份,金额1,416.54万元，税额240.81万元。","虚开增值税专用发票或者虚开用于骗取出口退税、抵扣税款的其他发票"
-,广州市力联金属贸易有限公司,440100304364110,-,-,-,-,"经广东省广州市国家税务局北区稽查局检查，发现其在2014年6月24日至2015年5月31日期间，主要存在以下问题:一、非法取得增值税进项发票5,539份,金额60,822万元，税额10,340万元；二、对外虚开增值税销项发票1,176份,金额107,796万元，税额18,325万元。","虚开增值税专用发票或者虚开用于骗取出口退税、抵扣税款的其他发票"
-,广州武东宪商贸有限公司,91440104MA59CNE01M,-,-,-,-,"经国家税务总局广州市税务局第二稽查局检查，发现其在2016年5月至2017年12月期间，主要存在以下问题:一、对外虚开增值税销项发票150份,金额1479.51万元，税额251.52万元(其中未申报销项税额84.98万元)；二、其他涉税违法问题，涉及税款10.19万元。","虚开增值税专用发票或者虚开用于骗取出口退税、抵扣税款的其他发票"
-,广州市长升电子有限公司,440100675670942,-,-,-,-,"经广东省广州市国家税务局西区稽查局检查，发现其在2014年1月至2015年3月期间，主要存在以下问题:对外虚开增值税销项发票1120份, 金额合计9830.06万元，税额合计1671.11万元。","虚开增值税专用发票或者虚开用于骗取出口退税、抵扣税款的其他发票"
-,广州市匹迪贸易有限公司,914401126852249700,-,-,-,-,"经广东省广州市国家税务局东区稽查局检查，发现其在2016年3-6月期间存在对外虚开增值税销项发票190份, 涉及金额1,840.11万元,税额312.82万元,价税合计2,152.93万元。","虚开增值税专用发票或者虚开用于骗取出口退税、抵扣税款的其他发票"
-,广州固的易贸易有限公司,440100050643741,-,-,-,-,"经广东省广州市国家税务局北区稽查局检查，发现其在2014年01月01日至2014年12月31日期间，主要存在以下问题：非法取得增值税进项发票11份，金额1017.73万元，税额132.00万元。","虚开增值税专用发票或者虚开用于骗取出口退税、抵扣税款的其他发票"
-,广州集芯室贸易有限公司,91440112MA59AT8W0D,-,-,-,-,"经广东省广州市国家税务局东区稽查局检查，发现其在2016年1-2月期间存在对外虚开增值税销项发票97份, 涉及金额932.05万元,税额158.45万元,价税合计1090.50万元。","虚开增值税专用发票或者虚开用于骗取出口退税、抵扣税款的其他发票"
-,佛山市南海华豪铝型材有限公司,440682980092413,-,-,-,-,"经原广东省佛山市南海区国家税务局稽查局检查，发现其在2010年至2014年期间，主要存在以下问题:对外虚开增值税销项发票15份,金额519.09万元，税额88.25万元。","虚开增值税专用发票或者虚开用于骗取出口退税、抵扣税款的其他发票"
-,增城市新塘顺昌纺织有限公司,440183737191147,-,-,-,-,"经广东省广州市国家税务局东区稽查局检查，发现其在2015年07月01日至2015年10月31日期间，主要存在以下问题：非法取得增值税进项发票13份，涉及金额100.91万元,税额17.15万元。已抵扣进项税额17.15万元，造成少缴企业所得税17.39万元。","虚开增值税专用发票或者虚开用于骗取出口退税、抵扣税款的其他发票"
-,"江门市蓬江区天豪玻璃制品有限公司 ",440703553678233,-,-,-,-,"经广东省江门市国家税务局稽查局检查，发现其在2010年04月22日至2014年06月30日期间，主要存在以下问题：一、取得虚开的958份增值税专用发票，税额1923.65万元，其中取得的104份增值税专用发票作出进项税额转出，税额为229.69万元，造成少缴增值税款1703.96万元；二、非法取得增值税进项发票958份，金额11315.62万元，税额1923.65万元；三、对外虚开增值税销项发票1758份，金额15053.05万元，税额2559.01万元。 ","虚开增值税专用发票或者虚开用于骗取出口退税、抵扣税款的其他发票"
-,广州市慧安药业有限公司,914401167860829403,-,-,-,-,"经广东省广州市国家税务局东区稽查局检查，发现其在2014年01月01日至2015年12月31日期间，主要存在以下问题：一、非法取得增值税进项发票107份，金额1366.00万元，税额177.00万元；二、其他涉税违法问题，涉及税款345.00万元。","虚开增值税专用发票或者虚开用于骗取出口退税、抵扣税款的其他发票"
-,广州余方玉电子科技有限公司,91440104MA59D1EU2L,-,-,-,-,"经国家税务总局广州市税务局第二稽查局检查，发现其在2016年5月至2017年12月期间，主要存在以下问题:一、对外虚开增值税销项发票150份,金额1493.31万元，税额253.86万元(其中未申报销项税额84.87万元)；二、其他涉税违法问题，涉及税款10.19万元。","虚开增值税专用发票或者虚开用于骗取出口退税、抵扣税款的其他发票"
-,广州市藤淞贸易有限公司,914401043474197162,-,-,-,-,"经广东省广州市国家税务局西区稽查局检查，发现其在2015年11月1日至2016年3月31日期间，主要存在以下问题:对外虚开增值税销项发票80份,金额2,178.02万元，税额370.26万元。","虚开增值税专用发票或者虚开用于骗取出口退税、抵扣税款的其他发票"
-,广州市松德电子科技有限公司,91440111665936663W,-,-,-,-,"      经广东省广州市国家税务局西区稽查局检查，发现其在2014年01月01日至2015年12月31日期间，主要存在以下问题：一、以欺骗手段，骗取国家出口退税款21.95万元；二、其他涉税违法问题，涉及税款164.79万元。",骗取出口退税
-,黎炎珍,440620196003032786,-,-,-,-,"经原广东省中山市地方税务局稽查局检查，发现其自2013年01月01日至2013年12月31日期间，主要存在以下问题：一、采取偷税手段，不缴或者少缴应纳税款571.50万元；二其他涉税违法问题，涉及税款8.10万元。",偷税
-,黎炎珍,440620196003032786,-,-,-,-,"经原广东省中山市地方税务局稽查局检查，发现其自2013年01月01日至2013年12月31日期间，主要存在以下问题：一、采取偷税手段，不缴或者少缴应纳税款571.50万元；二其他涉税违法问题，涉及税款8.10万元。",偷税
-,广州荷莱贸易有限公司,91440104304563822F,-,-,-,-,"经广东省广州市国家税务局西区稽查局检查，发现其在2015年11月1日至2016年3月31日期间，主要存在以下问题:对外虚开增值税销项发票233份,金额2302.72万元，税额391.46万元。","虚开增值税专用发票或者虚开用于骗取出口退税、抵扣税款的其他发票"
-,广州久促贸易有限公司,91440113347427775F,-,-,-,-,"经广东省广州市国家税务局西区稽查局检查，发现其在2015年9月1日至2016年4月30日期间，主要存在以下问题:对外虚开增值税销项发票240份,金额2327.17万元，税额395.62万元。","虚开增值税专用发票或者虚开用于骗取出口退税、抵扣税款的其他发票"
-,广州连康壹贸易有限公司,91440106058920176W,-,-,-,-,"经广东省广州市国家税务局西区稽查局检查，发现其在2016年3月1日至2016年6月30日期间，主要存在以下问题:对外虚开增值税销项发票125份,金额1236.49万元，税额210.20万元。","虚开增值税专用发票或者虚开用于骗取出口退税、抵扣税款的其他发票"
-,广州组么电子科技有限公司,91440104MA59BLX1XC,-,-,-,-,"经国家税务总局广州市税务局第二稽查局检查，发现其在2016年1月至2017年12月期间，主要存在以下问题:一、对外虚开增值税销项发票998份,金额7320.49万元，税额1244.46万元(其中未申报销项税额6.80万元) ；二、其他涉税违法问题，涉及税款0.82万元。","虚开增值税专用发票或者虚开用于骗取出口退税、抵扣税款的其他发票"
-,广州巨尔科技应用有限公司,44019130465533X,-,-,-,-,"经广东省广州市国家税务局东区稽查局检查，发现其在2015年7月至2015年11月期间，主要存在以下问题:非法取得增值税进项发票10份,金额99.83万元，税额16.97万元。","虚开增值税专用发票或者虚开用于骗取出口退税、抵扣税款的其他发票"
-,广州市杨参贸易有限公司,440111321095397,-,-,-,-,"经广东省广州市国家税务局西区稽查局检查，发现其在2015年6月19日至2016年6月30日期间，主要存在以下问题：对外虚开增值税销项发票75份, 金额合计702.19万元，税额合计119.37万元。","虚开增值税专用发票或者虚开用于骗取出口退税、抵扣税款的其他发票"
-,广州育慈贸易有限公司,91440106304431600G,-,-,-,-,"经广东省广州市国家税务局南区稽查局检查，发现其在2014年01月01日至2015年12月31日期间，主要存在以下问题：一、以欺骗手段，骗取国家出口退税款8.64万元；二、其他涉税违法问题，涉及税款341.46万元。 ",骗取出口退税
-,广州刚磊贸易有限公司,91440113MA59AXWJ8H,-,-,-,-,"经国家税务总局广州市税务局稽查局检查，发现其在2015年11月27日至2016年12月31日期间，主要存在以下问题:对外虚开增值税销项发票98份,金额936.43万元，税额159.19万元。","虚开增值税专用发票或者虚开用于骗取出口退税、抵扣税款的其他发票"
-,广州阀东单商贸有限公司,91440104MA59CN8P81,-,-,-,-,"经国家税务总局广州市税务局第二稽查局检查，发现其在2016年5月至2017年12月期间，主要存在以下问题:一、对外虚开增值税销项发票200份,金额1980.78万元，税额336.73万元(其中未申报销项税额83.66万元) ；二、其他涉税违法问题，涉及税款10.04万元。","虚开增值税专用发票或者虚开用于骗取出口退税、抵扣税款的其他发票"
-,广州普升实业有限公司,91440111353505485G,-,-,-,-,"经广东省广州市国家税务局西区稽查局检查，发现其在2015年8月11日至2016年6月30日期间，主要存在以下问题：对外虚开增值税销项发票163份, 金额合计1516.02万元，税额合计257.72万元。","虚开增值税专用发票或者虚开用于骗取出口退税、抵扣税款的其他发票"
