COMMUNITY,RES_NAME,RES_ADDR,RES_IMG_URL,STREET,TYPE_NAME,ITEM_NAME
和平,-,-,-,福海,公厕,市政
和平,-,-,-,福海,公厕,文体设施
山门,-,-,-,燕罗,公厕,公园
万丰,-,-,-,新桥,公厕,商场超市
新桥,-,-,-,新桥,公厕,市政
后瑞,-,-,-,航城,公厕,市政
黄田,-,-,-,航城,公厕,医院
沙头,-,-,-,沙井,公厕,商场超市
上川,-,-,-,新安,公厕,集贸市场
海旺,-,-,-,新安,公厕,公园
文雅,-,-,-,新安,公厕,集贸市场
新田,-,-,-,福海,公厕,医院
新田,-,-,-,福海,公厕,加油站
新田,-,-,-,福海,公厕,公园
民主,-,-,-,沙井,公厕,旅游景点
沙头,-,-,-,沙井,公厕,集贸市场
民主,-,-,-,沙井,公厕,-
龙珠,-,-,-,西乡,公厕,公园
凤凰岗,-,-,-,西乡,公厕,医院
桃源,-,-,-,西乡,公厕,文体设施
固戍,-,-,-,西乡,公厕,医院
劳动,-,-,-,西乡,公厕,医院
富华,-,-,-,西乡,公厕,医院
福永,-,-,-,福永,公厕,市政
永丰,-,-,-,西乡,公厕,-
黄田,-,-,-,航城,公厕,-
上合,-,-,-,新安,公厕,市政
松涛,-,-,-,松岗,公厕,医院
和平,-,-,-,福海,公厕,市政
铁岗,-,-,-,西乡,公厕,市政
沙浦,-,-,-,松岗,公厕,-
塘尾,-,-,-,福海,公厕,-
衙边,-,-,-,沙井,公厕,-
龙井,-,-,-,新安,公厕,-
文汇,-,-,-,新安,公厕,-
共和,-,-,-,沙井,公厕,市政
新桥,-,-,-,新桥,公厕,市政
花果山,-,-,-,松岗,公厕,市政
红星,-,-,-,松岗,公厕,市政
松涛,-,-,-,松岗,公厕,市政
三围,-,-,-,航城,公厕,市政
利锦,-,-,-,航城,公厕,市政
上寮,-,-,-,新桥,公厕,医院
黄埔,-,-,-,新桥,公厕,市政
上寮,-,-,-,新桥,公厕,市政
衙边,-,-,-,沙井,公厕,医院
兴东,-,-,-,新安,公厕,加油站
安乐,-,-,-,新安,公厕,医院
海富,-,-,-,新安,公厕,加油站
海富,-,-,-,新安,公厕,集贸市场
灵芝园,-,-,-,新安,公厕,市政
海裕,-,-,-,新安,公厕,-
洪浪,-,-,-,新安,公厕,-
富华,-,-,-,西乡,公厕,文体设施
龙珠,-,-,-,西乡,公厕,市政
海旺,-,-,-,新安,公厕,公园
民主,-,-,-,沙井,公厕,市政
山门,-,-,-,燕罗,公厕,-
草围,-,-,-,航城,公厕,-
灵芝园,-,-,-,新安,公厕,市政
上寮,-,-,-,新桥,公厕,加油站
海裕,-,-,-,新安,公厕,-
步涌,-,-,-,沙井,公厕,-
盐田,-,-,-,西乡,公厕,公园
东方,-,-,-,松岗,公厕,公交场站
碧头,-,-,-,松岗,公厕,市政
潭头,-,-,-,松岗,公厕,集贸市场
朗下,-,-,-,松岗,公厕,医院
楼岗,-,-,-,松岗,公厕,市政
黄田,-,-,-,航城,公厕,公园
桥头,-,-,-,福海,公厕,市政
桥头,-,-,-,福海,公厕,医院
新和,-,-,-,福海,公厕,市政
罗田,-,-,-,燕罗,公厕,医院
山门,-,-,-,燕罗,公厕,公园
黄麻布,-,-,-,航城,公厕,医院
沙四,-,-,-,沙井,公厕,医院
和一,-,-,-,沙井,公厕,集贸市场
坣岗,-,-,-,沙井,公厕,市政
兴东,-,-,-,新安,公厕,公交场站
上川,-,-,-,新安,公厕,商场超市
布心,-,-,-,新安,公厕,公园
官田,-,-,-,石岩,公厕,市政
甲岸,-,-,-,新安,公厕,长途汽车站
新田,-,-,-,福海,公厕,公园
坣岗,-,-,-,沙井,公厕,集贸市场
辛养,-,-,-,沙井,公厕,市政
坣岗,-,-,-,沙井,公厕,商城超市
坣岗,-,-,-,沙井,公厕,市政
共和,-,-,-,沙井,公厕,-
大浪,-,-,-,新安,公厕,-
固戍,-,-,-,西乡,公厕,集贸市场
固戍,-,-,-,西乡,公厕,市政
劳动,-,-,-,西乡,公厕,商场超市
南昌,-,-,-,西乡,公厕,医院
燕川,-,-,-,燕罗,公厕,公园
西乡,-,-,-,西乡,公厕,-
蚝业,-,-,-,西乡,公厕,-
聚福,-,-,-,福永,公厕,-
沙浦,-,-,-,松岗,公厕,-
鹤洲,-,-,-,航城,公厕,-
钟屋,-,-,-,航城,公厕,-
新和,-,-,-,福海,公厕,-
塘下涌,-,-,-,燕罗,公厕,加油站
坣岗,-,-,-,沙井,公厕,市政
福中福,-,-,-,西乡,公厕,-
翻身,-,-,-,新安,公厕,商场超市
海裕,-,-,-,新安,公厕,-
红星,-,-,-,松岗,公厕,集贸市场
固戍,-,-,-,西乡,公厕,-
上寮,-,-,-,新桥,公厕,市政
东方,-,-,-,松岗,公厕,商场超市
利锦,-,-,-,航城,公厕,加油站
洪桥头,-,-,-,燕罗,公厕,市政
罗田,-,-,-,燕罗,公厕,公园
碧头,-,-,-,松岗,公厕,市政
后亭,-,-,-,沙井,公厕,医院
辛养,-,-,-,沙井,公厕,市政
兴东,-,-,-,新安,公厕,文体设施
海裕,-,-,-,新安,公厕,医院
海富,-,-,-,新安,公厕,医院
大浪,-,-,-,新安,公厕,医院
官田,-,-,-,石岩,公厕,公园
官田,-,-,-,石岩,公厕,市政
文雅,-,-,-,新安,公厕,加油站
新田,-,-,-,福海,公厕,市政
塘尾,-,-,-,福海,公厕,公园
固戍,-,-,-,西乡,公厕,市政
固戍,-,-,-,西乡,公厕,市政
龙珠,-,-,-,西乡,公厕,长途汽车站
凤凰,-,-,-,福永,公厕,公园
东方,-,-,-,松岗,公厕,-
海旺,-,-,-,新安,公厕,公交场站
桥头,-,-,-,福海,公厕,公园
文汇,-,-,-,新安,公厕,医院
翻身,-,-,-,新安,公厕,-
固戍,-,-,-,西乡,公厕,市政
三围,-,-,-,航城,公厕,-
新桥,-,-,-,新桥,公厕,市政
应人石,-,-,-,石岩,公厕,公园
新二,-,-,-,新桥,公厕,市政
溪头,-,-,-,松岗,公厕,集贸市场
溪头,-,-,-,松岗,公厕,市政
潭头,-,-,-,松岗,公厕,市政
塘尾,-,-,-,福海,公厕,市政
塘下涌,-,-,-,燕罗,公厕,公交场站
步涌,-,-,-,沙井,公厕,医院
新乐,-,-,-,新安,公厕,医院
布心,-,-,-,新安,公厕,公园
新安湖,-,-,-,新安,公厕,商场超市
新乐,-,-,-,新安,公厕,市政
洪浪,-,-,-,新安,公厕,医院
新安湖,-,-,-,新安,公厕,商场超市
安乐,-,-,-,新安,公厕,市政
安乐,-,-,-,新安,公厕,商场超市
兴东,-,-,-,新安,公厕,公园
桥头,-,-,-,福海,公厕,医院
坣岗,-,-,-,沙井,公厕,市政
东塘,-,-,-,沙井,公厕,市政
衙边,-,-,-,沙井,公厕,-
衙边,-,-,-,沙井,公厕,-
劳动,-,-,-,西乡,公厕,商场超市
固戍,-,-,-,西乡,公厕,市政
固戍,-,-,-,西乡,公厕,市政
富华,-,-,-,西乡,公厕,公园
固戍,-,-,-,西乡,公厕,市政
劳动,-,-,-,西乡,公厕,文体设施
富华,-,-,-,西乡,公厕,长途汽车站
固戍,-,-,-,西乡,公厕,集贸市场
固戍,-,-,-,西乡,公厕,市政
固戍,-,-,-,西乡,公厕,市政
白石厦,-,-,-,福永,公厕,医院
福永,-,-,-,福永,公厕,市政
凤凰,-,-,-,福永,公厕,市政
永丰,-,-,-,西乡,公厕,-
富华,-,-,-,西乡,公厕,-
松岗,-,-,-,松岗,公厕,-
东方,-,-,-,松岗,公厕,市政
大浪,-,-,-,新安,公厕,-
固戍,-,-,-,西乡,公厕,医院
钟屋,-,-,-,航城,公厕,集贸市场
臣田,-,-,-,西乡,公厕,医院
黄麻布,-,-,-,航城,公厕,市政
塘下涌,-,-,-,燕罗,公厕,公园
洪浪,-,-,-,新安,公厕,-
福中福,-,-,-,西乡,公厕,-
后亭,-,-,-,沙井,公厕,-
固戍,-,-,-,西乡,公厕,加油站
燕川,-,-,-,燕罗,公厕,-
固戍,-,-,-,西乡,公厕,公园
松岗,-,-,-,松岗,公厕,加油站
东方,-,-,-,松岗,公厕,加油站
潭头,-,-,-,松岗,公厕,加油站
塘下涌,-,-,-,燕罗,公厕,市政
罗田,-,-,-,燕罗,公厕,商场超市
沙企,-,-,-,新桥,公厕,市政
朗下,-,-,-,松岗,公厕,市政
黄麻布,-,-,-,航城,公厕,商场超市
和一,-,-,-,沙井,公厕,公园
和一,-,-,-,沙井,公厕,医院
共和,-,-,-,沙井,公厕,集贸市场
洪浪,-,-,-,新安,公厕,公园
罗租,-,-,-,石岩,公厕,公园
罗租,-,-,-,石岩,公厕,市政
塘尾,-,-,-,福海,公厕,市政
和平,-,-,-,福海,公厕,市政
新乐,-,-,-,新安,公厕,-
上川,-,-,-,新安,公厕,-
富华,-,-,-,西乡,公厕,商场超市
流塘,-,-,-,西乡,公厕,医院
固戍,-,-,-,西乡,公厕,-
麻布,-,-,-,西乡,公厕,-
上寮,-,-,-,新桥,公厕,-
上寮,-,-,-,新桥,公厕,-
步涌,-,-,-,沙井,公厕,市政
石龙,-,-,-,石岩,公厕,市政
东塘,-,-,-,沙井,公厕,长途汽车站
上寮,-,-,-,新桥,公厕,市政
东方,-,-,-,松岗,公厕,集贸市场
海裕,-,-,-,新安,公厕,商场超市
红星,-,-,-,松岗,公厕,公园
大王山,-,-,-,沙井,公厕,市政
灵芝园,-,-,-,新安,公厕,-
凤凰岗,-,-,-,西乡,公厕,市政
龙井,-,-,-,新安,公厕,-
碧头,-,-,-,松岗,公厕,-
盐田,-,-,-,西乡,公厕,长途汽车站
富华,-,-,-,西乡,公厕,市政
大王山,-,-,-,沙井,公厕,市政
花果山,-,-,-,松岗,公厕,集贸市场
潭头,-,-,-,松岗,公厕,市政
燕川,-,-,-,燕罗,公厕,市政
上星,-,-,-,新桥,公厕,医院
文雅,-,-,-,新安,公厕,市政
龙井,-,-,-,新安,公厕,市政
浪心,-,-,-,石岩,公厕,市政
浪心,-,-,-,石岩,公厕,市政
上合,-,-,-,新安,公厕,公交场站
塘尾,-,-,-,福海,公厕,商场超市
沙井,-,-,-,沙井,公厕,市政
沙二,-,-,-,沙井,公厕,-
沙井,-,-,-,沙井,公厕,-
衙边,-,-,-,沙井,公厕,-
永丰,-,-,-,西乡,公厕,集贸市场
南昌,-,-,-,西乡,公厕,公园
固戍,-,-,-,西乡,公厕,医院
柳竹,-,-,-,西乡,公厕,集贸市场
海旺,-,-,-,新安,公厕,公园
沙企,-,-,-,新桥,公厕,文体设施
布心,-,-,-,新安,公厕,加油站
福永,-,-,-,福永,公厕,-
万丰,-,-,-,新桥,公厕,-
和平,-,-,-,福海,公厕,商场超市
黄埔,-,-,-,新桥,公厕,集贸市场
福中福,-,-,-,西乡,公厕,-
新桥,-,-,-,新桥,公厕,加油站
翻身,-,-,-,新安,公厕,医院
新安湖,-,-,-,新安,公厕,集贸市场
和平,-,-,-,福海,公厕,医院
潭头,-,-,-,松岗,公厕,市政
塘下涌,-,-,-,燕罗,公厕,商场超市
潭头,-,-,-,松岗,公厕,公园
劳动,-,-,-,西乡,公厕,市政
福围,-,-,-,福永,公厕,医院
白石厦,-,-,-,福永,公厕,商场超市
沙浦,-,-,-,松岗,公厕,市政
固戍,-,-,-,西乡,公厕,-
凤凰岗,-,-,-,西乡,公厕,-
聚福,-,-,-,福永,公厕,-
新二,-,-,-,新桥,公厕,-
东方,-,-,-,松岗,公厕,-
凤凰,-,-,-,福永,公厕,加油站
燕川,-,-,-,燕罗,公厕,文体设施
黄田,-,-,-,航城,公厕,市政
蚝三,-,-,-,沙井,公厕,-
上川,-,-,-,新安,公厕,-
臣田,-,-,-,西乡,公厕,公园
怀德,-,-,-,福永,公厕,商场超市
甲岸,-,-,-,新安,公厕,长途汽车站
桥头,-,-,-,福海,公厕,市政
和平,-,-,-,福海,公厕,-
沙头,-,-,-,沙井,公厕,商场超市
坣岗,-,-,-,沙井,公厕,-
黄埔,-,-,-,新桥,公厕,公园
红星,-,-,-,松岗,公厕,商场超市
沙浦围,-,-,-,松岗,公厕,市政
潭头,-,-,-,松岗,公厕,市政
草围,-,-,-,航城,公厕,医院
鹤洲,-,-,-,航城,公厕,商场超市
利锦,-,-,-,航城,公厕,医院
燕川,-,-,-,燕罗,公厕,医院
洪桥头,-,-,-,燕罗,公厕,加油站
黄埔,-,-,-,新桥,公厕,医院
黄埔,-,-,-,新桥,公厕,市政
马安山,-,-,-,沙井,公厕,医院
海裕,-,-,-,新安,公厕,文体设施
新乐,-,-,-,新安,公厕,市政
大浪,-,-,-,新安,公厕,商场超市
灵芝园,-,-,-,新安,公厕,加油站
新田,-,-,-,福海,公厕,市政
灵芝园,-,-,-,新安,公厕,-
龙珠,-,-,-,西乡,公厕,医院
河西,-,-,-,西乡,公厕,市政
富华,-,-,-,西乡,公厕,商场超市
盐田,-,-,-,西乡,公厕,公园
径贝,-,-,-,西乡,公厕,市政
桃源,-,-,-,西乡,公厕,加油站
步涌,-,-,-,沙井,公厕,市政
河西,-,-,-,西乡,公厕,-
富华,-,-,-,西乡,公厕,-
官田,-,-,-,石岩,公厕,公园
花果山,-,-,-,松岗,公厕,市政
沙一,-,-,-,沙井,公厕,加油站
上寮,-,-,-,新桥,公厕,长途汽车站
潭头,-,-,-,松岗,公厕,商场超市
东方,-,-,-,松岗,公厕,医院
草围,-,-,-,航城,公厕,商场超市
塘尾,-,-,-,福海,公厕,市政
罗田,-,-,-,燕罗,公厕,市政
燕川,-,-,-,燕罗,公厕,商场超市
沙企,-,-,-,新桥,公厕,商场超市
文汇,-,-,-,新安,公厕,商场超市
海裕,-,-,-,新安,公厕,地铁
罗租,-,-,-,石岩,公厕,市政
宝民,-,-,-,新安,公厕,商场超市
新和,-,-,-,福海,公厕,公园
和平,-,-,-,福海,公厕,市政
马安山,-,-,-,沙井,公厕,-
流塘,-,-,-,西乡,公厕,商场超市
西乡,-,-,-,西乡,公厕,市政
龙珠,-,-,-,西乡,公厕,文体设施
凤凰,-,-,-,福永,公厕,-
燕川,-,-,-,燕罗,公厕,-
楼岗,-,-,-,松岗,公厕,-
溪头,-,-,-,松岗,公厕,-
新田,-,-,-,福海,公厕,-
沙四,-,-,-,沙井,公厕,市政
大浪,-,-,-,新安,公厕,-
松涛,-,-,-,松岗,公厕,商场超市
龙珠,-,-,-,西乡,公厕,公园
上寮,-,-,-,新桥,公厕,集贸市场
九围,-,-,-,航城,公厕,集贸市场
海乐,-,-,-,新安,公厕,集贸市场
燕川,-,-,-,燕罗,公厕,集贸市场
楼岗,-,-,-,松岗,公厕,商场超市
红星,-,-,-,松岗,公厕,-
松涛,-,-,-,松岗,公厕,市政
固戍,-,-,-,西乡,公厕,商场超市
富华,-,-,-,西乡,公厕,医院
万丰,-,-,-,新桥,公厕,集贸市场
沙浦,-,-,-,松岗,公厕,市政
利锦,-,-,-,航城,公厕,公交场站
鹤洲,-,-,-,航城,公厕,加油站
后瑞,-,-,-,航城,公厕,公园
沙头,-,-,-,沙井,公厕,医院
塘下涌,-,-,-,燕罗,公厕,市政
洪桥头,-,-,-,燕罗,公厕,医院
新桥,-,-,-,新桥,公厕,市政
钟屋,-,-,-,航城,公厕,加油站
东塘,-,-,-,沙井,公厕,医院
步涌,-,-,-,沙井,公厕,市政
沙井,-,-,-,沙井,公厕,加油站
兴东,-,-,-,新安,公厕,市政
布心,-,-,-,新安,公厕,公园
甲岸,-,-,-,新安,公厕,市政
海裕,-,-,-,新安,公厕,加油站
海富,-,-,-,新安,公厕,商场超市
罗租,-,-,-,石岩,公厕,市政
新安湖,-,-,-,新安,公厕,商场超市
塘尾,-,-,-,福海,公厕,集贸市场
新和,-,-,-,福海,公厕,医院
沙头,-,-,-,沙井,公厕,商场超市
上合,-,-,-,新安,公厕,-
凤凰岗,-,-,-,西乡,公厕,集贸市场
福中福,-,-,-,西乡,公厕,商场超市
蚝业,-,-,-,西乡,公厕,加油站
劳动,-,-,-,西乡,公厕,文体设施
固戍,-,-,-,西乡,公厕,商场超市
固戍,-,-,-,西乡,公厕,市政
凤凰,-,-,-,福永,公厕,市政
步涌,-,-,-,沙井,公厕,市政
龙腾,-,-,-,西乡,公厕,-
黄田,-,-,-,航城,公厕,加油站
福中福,-,-,-,西乡,公厕,-
江边,-,-,-,松岗,公厕,公园
浪心,-,-,-,石岩,公厕,市政
共和,-,-,-,沙井,公厕,加油站
永丰,-,-,-,西乡,公厕,-
海华,-,-,-,新安,公厕,-
富华,-,-,-,西乡,公厕,商场超市
兴围,-,-,-,福永,公厕,-
塘头,-,-,-,石岩,公厕,市政
新桥,-,-,-,新桥,公厕,市政
万丰,-,-,-,新桥,公厕,市政
新桥,-,-,-,新桥,公厕,公交场站
溪头,-,-,-,松岗,公厕,市政
潭头,-,-,-,松岗,公厕,市政
沙浦围,-,-,-,松岗,公厕,医院
碧头,-,-,-,松岗,公厕,集贸市场
潭头,-,-,-,松岗,公厕,市政
三围,-,-,-,航城,公厕,加油站
黄麻布,-,-,-,航城,公厕,市政
塘尾,-,-,-,福海,公厕,市政
燕川,-,-,-,燕罗,公厕,公交场站
塘下涌,-,-,-,燕罗,公厕,医院
燕川,-,-,-,燕罗,公厕,市政
钟屋,-,-,-,航城,公厕,医院
衙边,-,-,-,沙井,公厕,市政
兴东,-,-,-,新安,公厕,地铁
建安,-,-,-,新安,公厕,商场超市
上川,-,-,-,新安,公厕,市政
臣田,-,-,-,西乡,公厕,公园
龙井,-,-,-,新安,公厕,市政
新田,-,-,-,福海,公厕,市政
后亭,-,-,-,沙井,公厕,商场超市
马安山,-,-,-,沙井,公厕,市政
塘尾,-,-,-,福海,公厕,-
大王山,-,-,-,沙井,公厕,-
盐田,-,-,-,西乡,公厕,集贸市场
流塘,-,-,-,西乡,公厕,公园
柳竹,-,-,-,西乡,公厕,市政
劳动,-,-,-,西乡,公厕,商场超市
塘头,-,-,-,石岩,公厕,市政
后瑞,-,-,-,航城,公厕,医院
白石厦,-,-,-,福永,公厕,-
凤凰岗,-,-,-,西乡,公厕,文体设施
罗田,-,-,-,燕罗,公厕,公园
海乐,-,-,-,新安,公厕,-
钟屋,-,-,-,航城,公厕,加油站
固戍,-,-,-,西乡,公厕,市政
九围,-,-,-,航城,公厕,医院
新安湖,-,-,-,新安,公厕,-
上寮,-,-,-,新桥,公厕,加油站
沙企,-,-,-,新桥,公厕,商场超市
黄埔,-,-,-,新桥,公厕,医院
东方,-,-,-,松岗,公厕,市政
溪头,-,-,-,松岗,公厕,市政
沙浦围,-,-,-,松岗,公厕,公园
燕川,-,-,-,燕罗,公厕,市政
红星,-,-,-,松岗,公厕,医院
黄麻布,-,-,-,航城,公厕,市政
三围,-,-,-,航城,公厕,医院
步涌,-,-,-,沙井,公厕,集贸市场
坣岗,-,-,-,沙井,公厕,医院
坣岗,-,-,-,沙井,公厕,公园
海富,-,-,-,新安,公厕,市政
新乐,-,-,-,新安,公厕,医院
海乐,-,-,-,新安,公厕,加油站
桥头,-,-,-,福海,公厕,文体设施
桥头,-,-,-,福海,公厕,加油站
东塘,-,-,-,沙井,公厕,市政
文雅,-,-,-,新安,公厕,-
海乐,-,-,-,新安,公厕,-
永丰,-,-,-,西乡,公厕,医院
共乐,-,-,-,西乡,公厕,医院
流塘,-,-,-,西乡,公厕,市政
臣田,-,-,-,西乡,公厕,公园
庄边,-,-,-,西乡,公厕,加油站
新二,-,-,-,新桥,公厕,-
潭头,-,-,-,松岗,公厕,-
松岗,-,-,-,松岗,公厕,-
利锦,-,-,-,航城,公厕,-
新桥,-,-,-,新桥,公厕,市政
文汇,-,-,-,新安,公厕,医院
塘尾,-,-,-,福海,公厕,医院
应人石,-,-,-,石岩,公厕,市政
文汇,-,-,-,新安,公厕,-
钟屋,-,-,-,航城,公厕,-
上寮,-,-,-,新桥,公厕,加油站
万丰,-,-,-,新桥,公厕,集贸市场
新桥,-,-,-,新桥,公厕,加油站
红星,-,-,-,松岗,公厕,市政
东方,-,-,-,松岗,公厕,文体设施
山门,-,-,-,燕罗,公厕,加油站
新二,-,-,-,新桥,公厕,医院
沙企,-,-,-,新桥,公厕,商场超市
沙企,-,-,-,新桥,公厕,市政
大王山,-,-,-,沙井,公厕,医院
灵芝园,-,-,-,新安,公厕,集贸市场
上川,-,-,-,新安,公厕,医院
桥头,-,-,-,福海,公厕,集贸市场
和平,-,-,-,福海,公厕,医院
民主,-,-,-,沙井,公厕,市政
白石厦,-,-,-,福永,公厕,市政
黄麻布,-,-,-,航城,公厕,公园
钟屋,-,-,-,航城,公厕,公园
共乐,-,-,-,西乡,公厕,-
塘下涌,-,-,-,燕罗,公厕,-
塘下涌,-,-,-,燕罗,公厕,市政
灵芝园,-,-,-,新安,公厕,公园
衙边,-,-,-,沙井,公厕,市政
蚝业,-,-,-,西乡,公厕,-
布心,-,-,-,新安,公厕,-
万丰,-,-,-,新桥,公厕,-
山门,-,-,-,燕罗,公厕,加油站
固戍,-,-,-,西乡,公厕,市政
固戍,-,-,-,西乡,公厕,-
新桥,-,-,-,新桥,公厕,市政
东方,-,-,-,松岗,公厕,加油站
潭头,-,-,-,松岗,公厕,医院
东方,-,-,-,松岗,公厕,市政
三围,-,-,-,航城,公厕,市政
黄麻布,-,-,-,航城,公厕,医院
和平,-,-,-,福海,公厕,集贸市场
燕川,-,-,-,燕罗,公厕,加油站
黄埔,-,-,-,新桥,公厕,公园
沙企,-,-,-,新桥,公厕,市政
朗下,-,-,-,松岗,公厕,市政
沙浦,-,-,-,松岗,公厕,加油站
沙浦围,-,-,-,松岗,公厕,集贸市场
沙浦,-,-,-,松岗,公厕,文体设施
后瑞,-,-,-,航城,公厕,商场超市
共和,-,-,-,沙井,公厕,医院
大浪,-,-,-,新安,公厕,市政
海华,-,-,-,新安,公厕,公园
龙井,-,-,-,新安,公厕,文体设施
海裕,-,-,-,新安,公厕,商场超市
稔田,-,-,-,福海,公厕,市政
桥头,-,-,-,福海,公厕,商场超市
新田,-,-,-,福海,公厕,医院
沙头,-,-,-,沙井,公厕,市政
桥头,-,-,-,福海,公厕,-
衙边,-,-,-,沙井,公厕,-
海裕,-,-,-,新安,公厕,-
海华,-,-,-,新安,公厕,-
固戍,-,-,-,西乡,公厕,公园
臣田,-,-,-,西乡,公厕,市政
盐田,-,-,-,西乡,公厕,医院
铁岗,-,-,-,西乡,公厕,公园
麻布,-,-,-,西乡,公厕,医院
福永,-,-,-,福永,公厕,医院
白石厦,-,-,-,福永,公厕,市政
海旺,-,-,-,新安,公厕,地铁
固戍,-,-,-,西乡,公厕,-
九围,-,-,-,航城,公厕,-
九围,-,-,-,航城,公厕,-
新和,-,-,-,福海,公厕,-
黄埔,-,-,-,新桥,公厕,-
兴东,-,-,-,新安,公厕,医院
灵芝园,-,-,-,新安,公厕,公园
固戍,-,-,-,西乡,公厕,地铁
松涛,-,-,-,松岗,公厕,医院
利锦,-,-,-,航城,公厕,-
黄麻布,-,-,-,航城,公厕,集贸市场
燕川,-,-,-,燕罗,公厕,-
流塘,-,-,-,西乡,公厕,-
新桥,-,-,-,新桥,公厕,医院
松岗,-,-,-,松岗,公厕,医院
白石厦,-,-,-,福永,公厕,市政
布心,-,-,-,新安,公厕,公园
新桥,-,-,-,新桥,公厕,市政
万丰,-,-,-,新桥,公厕,医院
万丰,-,-,-,新桥,公厕,公园
花果山,-,-,-,松岗,公厕,集贸市场
东方,-,-,-,松岗,公厕,集贸市场
沙浦,-,-,-,松岗,公厕,市政
洪桥头,-,-,-,燕罗,公厕,市政
塘下涌,-,-,-,燕罗,公厕,医院
罗田,-,-,-,燕罗,公厕,市政
燕川,-,-,-,燕罗,公厕,公园
上寮,-,-,-,新桥,公厕,加油站
万丰,-,-,-,新桥,公厕,市政
沙浦,-,-,-,松岗,公厕,市政
东方,-,-,-,松岗,公厕,市政
黄麻布,-,-,-,航城,公厕,市政
安乐,-,-,-,新安,公厕,集贸市场
海华,-,-,-,新安,公厕,医院
布心,-,-,-,新安,公厕,医院
新乐,-,-,-,新安,公厕,医院
永丰,-,-,-,西乡,公厕,文体设施
布心,-,-,-,新安,公厕,公园
沙二,-,-,-,沙井,公厕,-
福中福,-,-,-,西乡,公厕,集贸市场
福中福,-,-,-,西乡,公厕,公交场站
永丰,-,-,-,西乡,公厕,公交场站
龙腾,-,-,-,西乡,公厕,市政
柳竹,-,-,-,西乡,公厕,医院
盐田,-,-,-,西乡,公厕,公园
臣田,-,-,-,西乡,公厕,公交场站
龙珠,-,-,-,西乡,公厕,-
上寮,-,-,-,新桥,公厕,-
碧头,-,-,-,松岗,公厕,-
松涛,-,-,-,松岗,公厕,商场超市
坣岗,-,-,-,沙井,公厕,公园
龙珠,-,-,-,西乡,公厕,加油站
东方,-,-,-,松岗,公厕,-
黄田,-,-,-,航城,公厕,市政
新桥,-,-,-,新桥,公厕,市政
新二,-,-,-,新桥,公厕,加油站
沙企,-,-,-,新桥,公厕,加油站
三围,-,-,-,航城,公厕,市政
鹤洲,-,-,-,航城,公厕,医院
塘下涌,-,-,-,燕罗,公厕,商场超市
燕川,-,-,-,燕罗,公厕,市政
山门,-,-,-,燕罗,公厕,医院
龙井,-,-,-,新安,公厕,文体设施
浪心,-,-,-,石岩,公厕,市政
臣田,-,-,-,西乡,公厕,公园
甲岸,-,-,-,新安,公厕,公园
衙边,-,-,-,沙井,公厕,加油站
洪浪,-,-,-,新安,公厕,-
洪浪,-,-,-,新安,公厕,-
福中福,-,-,-,西乡,公厕,商场超市
劳动,-,-,-,西乡,公厕,商场超市
龙腾,-,-,-,西乡,公厕,公园
劳动,-,-,-,西乡,公厕,商场超市
富华,-,-,-,西乡,公厕,公园
铁岗,-,-,-,西乡,公厕,医院
凤凰,-,-,-,福永,公厕,医院
怀德,-,-,-,福永,公厕,集贸市场
罗田,-,-,-,燕罗,公厕,集贸市场
凤凰岗,-,-,-,西乡,公厕,-
共乐,-,-,-,西乡,公厕,-
福围,-,-,-,福永,公厕,-
