"序号","项目名称","主要完成人","主要完成单位"
"一等奖（3项）","","",""
"1","刚挠结合高密度互联（HDI）印制电路板","徐 缓、邓宏喜、陈世金、覃新、罗旭、李云萍、韩志伟、任结达、黄李海、陈斐健","博敏电子股份有限公司"
"2","基于实木封边的表面平整度调控与异型处理技术","徐伟、黄琼涛、关惠元、蔡琦、张宇鹏、杨如娥、谢文昌、张碧莲","梅州市汇胜木制品有限公司、南京林业大学"
"3","龙脑型阴香高产株选育及高效扩繁技术研究与应用","李志良、张汉永、凌凤清、陈桂琼、肖腊兴、林立、钟球泰、魏锦秋、谢金兰、张钦源","梅州市林业科学研究所、广东华清园生物科技有限公司"
"二等奖（13项）","","",""
"序号","项目名称","主要完成人","主要完成单位"
"4","深两优870的选育及配套高产栽培技术研究推广","王键宽、丘志海、韦飞严、刘志导、钟爱华、林运辉、陈勇平","广东兆华种业有限公司、国家杂交水稻工程技术研究中心清华深圳龙岗研究所、深圳市兆农农业科技有限公司"
"5","一种生产高锰酸钠的方法","杨观、杨海、黄练基、古伟辉、杨怡君、黄伟斌、林艳","广东航鑫科技股份公司"
"6","独塔单索面斜拉桥施工技术","钟晓晖、谢永生、池春、李信、林朝庆、孙一新、宁平华","广东省基础工程集团有限公司、梅州市市政工程维护中心"
"7","车载双锭机的研发","邱俊旋、肖沛、胡爱民、傅明金、朱晓瑜、高仕、张龙彬","丰顺县培英电声有限公司"
"8","金针菇自动化工厂化生产技术研究成果","徐名瑯、陈红曼、徐丽敏、王朝霞、马绍双、朱喜燕、陈建城","广东蓝田农业有限公司"
"9","电厂补给水系统采用浮船取水结构的创新应用","廖远东、罗森标、叶昔城、何启宏、黄城、谢传亿、邱新明","广东粤电大埔发电有限公司"
"10","无烟无臭节能环保三通道排蜡隧道窑的研究与应用","张坦、张松周、丘柳鸿、刘榕修、黄振演、康为青","梅州玉丰特陶科技有限公司"
"11","安全蔬菜产销全程溯源关键技术研究与应用","郭洛先、郑业鲁、曾祥银、常会友、钟宁江、李美珍、刘晓珂","梅州市乐得鲜农业开发有限公司、广东省农业科学院农业经济与农村发展研究所、中山大学数据科学与计算机学院"
"12","一种纯天然蜂蜜柚子茶果酱浓浆及其制备方法","傅曼琼、伍卫才、钟进良、张琼、黄静、谢干德、罗海旋","大埔县通美实业有限公司"
"13","脑室镜辅助下微血管减压术治疗原发性三叉神经痛","叶敏、赖湘、黄进兴、张朋英、丘琪政","梅州市人民医院"
"14","骨髓间质干细胞及支架植入术治疗冠心病的初步研究","钟志雄、刘志东、张奇峰、李斌、李存仁、张鹏飞、古献芳","梅州市人民医院"
"15","泛耐药病原菌耐药机制分析和感染控制","孟小斌、雷南凤、古汉福、谢新章、张国雄、罗伟雄","梅州市人民医院"
"16","解表追风丸的工艺技术及质量研究","刘伟权、罗胜宏、陈敬民、朱胜芳、曾伟雄、钟伟浩、王建华","广东联康药业有限公司"
"三等奖（27项）","","",""
"序号","项目名称","主要完成人","主要完成单位"
"17","基于速生材单板的家具结构件关键制造技术研究与应用","黄琼涛、吴智慧、顾颜婷、杨如娥、张宇鹏","梅州市汇胜木制品有限公司、南京林业大学"
"18","草坪收草机的技术研发与应用","韩欢、姚琼尹、韩梅招、姚秋文、储晓梅","梅州市绿鹰机械设备有限公司"
"19","手机安全加压除泡机","罗伟、罗盛、王小辉、曾永升、陈镜兵","广东金诺通讯设备有限公司"
"20","NCS和ECMS一体化系统在大型火力发电机组中的应用","廖远东、邱新明、黄金凤、刘郁、林波","广东粤电大埔发电有限公司"
"21","循环流化床锅炉SNCR脱硝效率提高工艺","廖祥国、魏相华、程占清、徐栋、姜殿冬","广东宝丽华电力有限公司"
"22","“掌游客家”智慧文化旅游移动门户平台","林文方、肖慧晶、潘海云、林俊、饶文婷","梅州市掌游客家电子商务发展有限公司"
"23","QDJ2910型行星减速起动机的研究开发与推广运用","彭志宏、张沐昌、曾建平、李波、赖添华","广东井得电机有限公司"
"24","安全超声波换能器的优化与应用","吴银隆","广东固特超声股份有限公司"
"25","环境友好型抗菌紫砂陶瓷的研制","郭志山、钟燕翔、黄文斌、黄小涛、郭志鹏","广东宝丰陶瓷科技发展股份有限公司"
"26","电声器件导磁极加工技术研究","余昌辉、胡尤政、李淑萍、廖定刚、余灵","丰顺县鸿润电子有限公司"
"27","利用表面处理过程产生的含镍废水制备电镀级硫酸镍的方法和设备","陈文衡、刘人源、林伟、罗丽丽、古勇坤","广东自远环保股份有限公司"
"28","一种陶瓷花豹纹釉复合矿化剂及其制备方法","张进辉、杨云山、蓝天旺、张增标、黄小涛","梅州恒辉陶瓷实业有限公司、大埔县高陂恒辉陶瓷工艺厂"
"29","茶叶末艺术釉的研制与应用","蓝天旺、黄南兴、黄萌柱、刘钦志、严权坤","广东省大埔陶瓷工业研究所"
"30","葛根栽培技术改良与推广应用","林捷新、卓明权、钟素娴、钟春梅、姚永才","平远县威大地有限公司"
"31","蓝莓引种及配套栽培技术总结与应用","吴海明、刘斐、林炎城、朱喜燕、彭小燕","丰顺县土肥站、丰顺县新南腾飞农林专业合作社"
"32","黄花倒水莲栽培技术规程","饶卫芳、丁文恩、罗万业、张冬生、李志良","梅州市林业科学研究所"
"33","鲜柚茶及其制作方法","黄立平、陈剑生、陈健、李安辉、黄瀛","梅县清凉山蜂蜜茶厂"
"34","三红蜜柚引种试验示范及推广应用","曾蔚、何强新、廖庆荣、李爱强、曾丽婷","梅州市梅县区水果服务中心、梅州市农业科学院"
"35","优质名茶“黄金芽”引种及栽培技术研究与示范推广","黄均成、张国泉、彭乃容、叶展龙、李汉铣","五华县农业科学技术研究所、五华登云嶂云雾茶叶有限公司"
"36","黑木相思栽培技术研究与应用","上官仕香、邹肯连、张小娟、张敬辉、曾小燕","五华县林业科技推广站"
"37","三维适形同步放化疗治疗中晚期食管癌","王敏、李基胜、林燕彬、张汉雄、何艳梅","梅州市人民医院"
"38","支气管封堵器在胸腹腔镜联合食道癌根治术中的应用","曾志文、张岳农、林伟雄、陈枝、邓靖单","梅州市人民医院"
"39","壳聚糖管状支架在颈部食管部分缺损中的应用研究","陈刚、饶新辉、张自正、梁锐宇、温晓","梅州市人民医院"
"40","腹腔镜下全膀胱切除加尿流改道术治疗膀胱癌的疗效分析","陈南辉、刘思平、黄敏志、黄志成、彭栋","梅州市人民医院"
"41","NT-proBNP在老年慢性充血性心力衰竭中的应用","黄伟胜、罗森华、杨建芬、罗浩涛、李文婷","大埔县人民医院"
"42","个体化术前模拟截骨在全膝关节置换术中胫骨平台假体选择中的应用","廖红兴、刘展亮、黄健、杨志发、黄映梅","梅州市人民医院"
"43","山豆根影响黑色素瘤细胞生长、增值的研究","张东兴、刘诗、李俊兰、姚明珠、曾远娟","梅州市人民医院"
