"序号","项目名称","专利号","申报单位"
"1","一种太阳能复合能源空调热水装置","200910143726","广东志高空调有限公司"
"2","三管制热回收多联机及其控制方法","201110186993","广东美的暖通设备有限公司"
"3","模块化多联机组及其冷冻机油均衡控制方法","200910041724","珠海格力电器股份有限公司"
"4","一种高效冷凝式热交换器","200910194322","广东诺科冷暖设备有限公司"
"5","空调器制冷剂的自动调节方法及系统","201110452321","TCL空调器（中山）有限公司"
"6","变频空调器的节能控制方法及装置","201210236422.X","广东美的制冷设备有限公司"
"7","一种高纯度高聚合度水不溶性结晶II型聚磷酸铵的制备方法","201110039000","清远市普塞呋磷化学有限公司"
"8","一种车辆搬运装置","200810009284","深圳中集天达空港设备有限公司"
"9","一种火法氧化铋生产方法","201010548257","广东先导稀材股份有限公司"
"10","一种含有改性聚苯醚的无卤阻燃高抗冲聚苯乙烯/聚苯醚复合物及其制备方法","3113674","金发科技股份有限公司"
"11","冷缩式电力硅橡胶套管的制备方法及其用途","200810026978","广东标美硅氟新材料有限公司"
"12","钢管防腐涂层用茂金属聚丙烯改性材料及其制备方法和应用","200910038211","广州鹿山新材料股份有限公司"
"13","一种聚酰胺6复合材料及其制备方法","201010543462.X","金发科技股份有限公司"
"14","污泥堆肥生产有机铁肥的方法","201010589432","广东省生态环境与土壤研究所"
"15","多级制冷压缩机及其中间补气结构","201110326821","珠海格力电器股份有限公司"
"16","双缸式旋转压缩机","201110044857.X","广东美芝制冷设备有限公司"
"17","全自动喷涂设备","201110168001","东莞丰裕电机有限公司"
"18","编码器控制的重型自动封边机","201010578150","东莞市南兴家具装备制造股份有限公司"
"19","直插式快接管件及取管套筒","201210269272","佛山市日丰企业有限公司"
"20","轴流风轮","200710026747","广东美的制冷设备有限公司"
"21","一种海量文件的存储方法及系统","200610061328.X","腾讯科技（深圳）有限公司"
"22","一种智能闭锁系统及其工作方法","200910193955","珠海优特电力科技股份有限公司"
"23","一种直流无刷电机控制方法","200910038187","中山大洋电机股份有限公司"
"24","一种降低在矢量图形填充过程中对CPU耗费的方法及装置","200910203728","炬芯（珠海）科技有限公司"
"25","一种红外触摸屏触摸点识别方法和装置","201110206718","广州视睿电子科技有限公司"
"26","电缆免调挤塑装置、其安装方法及电缆护套的加工方法","201210280856","广州广日电气设备有限公司"
"27","应用于城市轨道交通的弱电综合UPS电源系统及供电方法","201110074888.X","广州地铁设计研究院有限公司"
"28","一种单轨绝对光栅尺及其图像编码方法","201210165294","广东工业大学"
"29","具有防止泡沫溢出功能的电饭煲及其防止方法","201210056311","美的集团股份有限公司"
"30","一种软管灯改良结构","200410054743","鹤山同方照明科技有限公司"
"31","电源控制器","200710031504.X","珠海格力电器股份有限公司"
"32","化验检测判定设备及方法","201110223436","广州万孚生物技术股份有限公司"
"33","液面检测装置及加样系统","200910106575","深圳迈瑞生物医疗电子股份有限公司"
"34","用于检测挥发性有机物的检测系统及湿度检测方法","201010192127.X","东莞市升微机电设备科技有限公司"
"35","一种预编码方法、系统及预编码码本的构造方法","200910163676","中兴通讯股份有限公司"
"36","超宽带双频合路器","200710027111","京信通信系统（中国）有限公司"
"37","一种用于数据处理系统的无线数据通信方法及装置","2114797","深圳市朗科科技股份有限公司"
"38","调制电磁波辐射方向图的器件及天线","201210447826","深圳光启创新技术有限公司"
"39","一种带低频磁通信的射频SIM卡冲突检测方法","201010138492","国民技术股份有限公司"
"40","一种治疗子宫肌瘤的中成药和制备、质量控制方法","200510036469","广州白云山潘高寿药业股份有限公司"
"41","一种制浆机的制浆方法","200810029349","美的集团股份有限公司"
"42","调味品中大肠菌群的快速检测方法","201010173244","佛山市海天调味食品股份有限公司"
"43","一种优化改良的耐高温植酸酶PHYTH及其基因和应用","201010566261","广东溢多利生物科技有限公司"
"44","含有中药本草植物的去屑养发组合物、洗发露及其制备方法","201210264457","拉芳家化股份有限公司"
"45","一种化痰止咳的药物及其生产方法","2114847","中山大学"
"46","整车","201230059658","比亚迪股份有限公司"
"47","OLED电视（E980S）","201430138631","深圳创维-RGB电子有限公司"
"48","洗地车（WOLF-1)","201230560162","东莞威霸清洁器材有限公司"
"49","灯臂（12009018）","201330463434","中山市琪朗灯饰厂有限公司"
"50","超声成像检测仪","201230613827","汕头市超声仪器研究所有限公司"
"51","水壶（2)","201230649851","广东海兴塑胶有限公司"
"52","蓝牙耳机（CN-1000B）","201230115512","广东佳禾声学科技有限公司"
"53","玩具推车（381-2）","201130434573","东莞市智乐堡儿童玩具有限公司"
"54","微波炉（TH0AGX6-BRN）","201230472489","美的集团股份有限公司"
"55","GPS追踪器","201330220970","广州视源电子科技股份有限公司"
